unit,detector,target,status,phenotype,language,rule,count,unique_studies,unique_study_target_pairs,non_additivity_note
mention,v2_exact,__all__,__all__,__all__,__all__,__all__,23695,4190,18753,Overall detector total; detector participation counts can overlap.
mention,v3_target,__all__,__all__,__all__,__all__,__all__,17230,3928,13366,Overall detector total; detector participation counts can overlap.
mention,v3_morphology,__all__,__all__,__all__,__all__,__all__,6481,2840,4948,Overall detector total; detector participation counts can overlap.
mention,v2_collective,__all__,__all__,__all__,__all__,__all__,5198,1844,3874,Overall detector total; detector participation counts can overlap.
mention,v3_morphology,Effusion,positive,joint_effusion,english,effusion_en_plural,1386,981,981,Detector participation counts can overlap.
mention,v2_exact,Effusion,positive,abnormality,english,<no_explicit_rule>,1349,1015,1015,Detector participation counts can overlap.
mention,v3_target,Medial Meniscus,positive,tear,english,target_local_association,1126,612,612,Detector participation counts can overlap.
mention,v2_exact,Medial Meniscus,positive,tear,english,<no_explicit_rule>,1087,651,651,Detector participation counts can overlap.
mention,v3_target,MCL,negative,normal_structure,english,target_local_normality,932,926,926,Detector participation counts can overlap.
mention,v2_exact,ACL,negative,abnormality_absent,english,<no_explicit_rule>,891,880,880,Detector participation counts can overlap.
mention,v3_morphology,Baker's,positive,baker_cyst,english,baker_variants,840,618,618,Detector participation counts can overlap.
mention,v3_target,PF OA,positive,chondral_abnormality,english,compartment_scope,815,492,492,Detector participation counts can overlap.
mention,v2_exact,Lateral Meniscus,negative,abnormality_absent,english,<no_explicit_rule>,812,798,798,Detector participation counts can overlap.
mention,v3_target,Lateral Meniscus,negative,normal_structure,english,target_local_normality,779,769,769,Detector participation counts can overlap.
mention,v3_target,ACL,negative,normal_structure,english,target_local_normality,764,755,755,Detector participation counts can overlap.
mention,v2_exact,MCL,negative,abnormality_absent,english,<no_explicit_rule>,638,631,631,Detector participation counts can overlap.
mention,v3_morphology,Fracture,negative,fracture_absent,english,fracture_en,584,525,525,Detector participation counts can overlap.
mention,v2_exact,Effusion,positive,abnormality,spanish,<no_explicit_rule>,539,282,282,Detector participation counts can overlap.
mention,v3_target,ACL,positive,tear,english,target_local_association,512,288,288,Detector participation counts can overlap.
mention,v2_exact,Fracture,negative,abnormality_absent,english,<no_explicit_rule>,511,487,487,Detector participation counts can overlap.
mention,v2_exact,Baker's,positive,abnormality,english,<no_explicit_rule>,498,335,335,Detector participation counts can overlap.
mention,v2_exact,Synovitis,positive,abnormality,english,<no_explicit_rule>,496,289,289,Detector participation counts can overlap.
mention,v2_exact,PF OA,positive,chondral_abnormality,english,<no_explicit_rule>,485,378,378,Detector participation counts can overlap.
mention,v3_target,Lateral Meniscus,positive,tear,english,target_local_association,473,253,253,Detector participation counts can overlap.
mention,v2_exact,Lateral Meniscus,positive,tear,english,<no_explicit_rule>,465,282,282,Detector participation counts can overlap.
mention,v2_exact,ACL,positive,tear,english,<no_explicit_rule>,460,285,285,Detector participation counts can overlap.
mention,v3_morphology,Effusion,negative,joint_effusion_absent,english,effusion_en_plural,458,423,423,Detector participation counts can overlap.
mention,v3_morphology,Contusion,negative,bone_contusion_absent,english,contusion_en,456,453,453,Detector participation counts can overlap.
mention,v3_target,Medial Meniscus,positive,tear,spanish,target_local_association,445,201,201,Detector participation counts can overlap.
mention,v2_exact,Lateral OA,negative,abnormality_absent,english,<no_explicit_rule>,434,433,433,Detector participation counts can overlap.
mention,v2_exact,Effusion,negative,abnormality_absent,english,<no_explicit_rule>,424,418,418,Detector participation counts can overlap.
mention,v2_exact,Medial Meniscus,negative,abnormality_absent,english,<no_explicit_rule>,414,404,404,Detector participation counts can overlap.
mention,v2_exact,Contusion,negative,abnormality_absent,english,<no_explicit_rule>,410,407,407,Detector participation counts can overlap.
mention,v3_target,Medial OA,positive,chondral_abnormality,english,compartment_scope,402,293,293,Detector participation counts can overlap.
mention,v2_exact,PF OA,negative,abnormality_absent,english,<no_explicit_rule>,395,393,393,Detector participation counts can overlap.
mention,v2_exact,Medial Meniscus,positive,tear,spanish,<no_explicit_rule>,386,205,205,Detector participation counts can overlap.
mention,v3_morphology,Contusion,positive,bone_contusion,english,contusion_en,356,237,237,Detector participation counts can overlap.
mention,v3_target,Medial Meniscus,negative,normal_structure,english,target_local_normality,354,343,343,Detector participation counts can overlap.
mention,v3_morphology,Fracture,positive,fracture,english,fracture_en,350,149,149,Detector participation counts can overlap.
mention,v2_exact,Medial OA,negative,abnormality_absent,english,<no_explicit_rule>,339,339,339,Detector participation counts can overlap.
mention,v3_morphology,Effusion,positive,joint_effusion,turkish,effusion_tr_root,338,328,328,Detector participation counts can overlap.
mention,v3_target,PF OA,negative,normal_cartilage,english,compartment_normality,329,322,322,Detector participation counts can overlap.
mention,v2_collective,Lateral OA,negative,abnormality_absent,spanish,tibiofemoral_compartments,326,164,164,Detector participation counts can overlap.
mention,v2_exact,Baker's,negative,abnormality_absent,english,<no_explicit_rule>,325,317,317,Detector participation counts can overlap.
mention,v2_exact,Effusion,positive,abnormality,south_slavic,<no_explicit_rule>,311,264,264,Detector participation counts can overlap.
mention,v2_exact,Baker's,negative,abnormality_absent,spanish,<no_explicit_rule>,286,264,264,Detector participation counts can overlap.
mention,v3_target,Lateral OA,negative,chondral_abnormality_absent,english,compartment_scope,286,286,286,Detector participation counts can overlap.
mention,v2_exact,Lateral Meniscus,negative,abnormality_absent,turkish,<no_explicit_rule>,285,284,284,Detector participation counts can overlap.
mention,v3_target,Lateral Meniscus,negative,normal_structure,turkish,target_local_normality,285,284,284,Detector participation counts can overlap.
mention,v2_collective,ACL,negative,abnormality_absent,spanish,cruciate_ligaments,272,272,272,Detector participation counts can overlap.
mention,v2_exact,Medial OA,positive,chondral_abnormality,english,<no_explicit_rule>,272,238,238,Detector participation counts can overlap.
mention,v3_target,Lateral OA,positive,chondral_abnormality,english,compartment_scope,272,203,203,Detector participation counts can overlap.
mention,v3_target,Medial OA,negative,chondral_abnormality_absent,english,compartment_scope,270,270,270,Detector participation counts can overlap.
mention,v2_exact,MCL,negative,abnormality_absent,turkish,<no_explicit_rule>,269,267,267,Detector participation counts can overlap.
mention,v3_target,MCL,negative,normal_structure,turkish,target_local_normality,269,268,268,Detector participation counts can overlap.
mention,v3_morphology,Baker's,negative,baker_cyst_absent,english,baker_variants,268,268,268,Detector participation counts can overlap.
mention,v3_target,PF OA,negative,chondral_abnormality_absent,english,compartment_scope,254,251,251,Detector participation counts can overlap.
mention,v2_exact,Lateral Meniscus,negative,abnormality_absent,south_slavic,<no_explicit_rule>,244,244,244,Detector participation counts can overlap.
mention,v2_exact,Effusion,positive,abnormality,cyrillic_script,<no_explicit_rule>,239,134,134,Detector participation counts can overlap.
mention,v2_collective,ACL,negative,abnormality_absent,spanish,cruciate_and_collateral_ligaments,238,238,238,Detector participation counts can overlap.
mention,v2_collective,MCL,negative,abnormality_absent,spanish,cruciate_and_collateral_ligaments,238,238,238,Detector participation counts can overlap.
mention,v2_collective,MCL,negative,abnormality_absent,english,collateral_ligaments,234,234,234,Detector participation counts can overlap.
mention,v3_target,Medial Meniscus,positive,abnormality,cyrillic_script,target_local_association,231,130,130,Detector participation counts can overlap.
mention,v2_collective,Lateral Meniscus,negative,abnormality_absent,english,both_menisci_negative_only,225,223,223,Detector participation counts can overlap.
mention,v2_collective,Medial Meniscus,negative,abnormality_absent,english,both_menisci_negative_only,223,222,222,Detector participation counts can overlap.
mention,v2_exact,Effusion,positive,abnormality,greek_script,<no_explicit_rule>,219,189,189,Detector participation counts can overlap.
mention,v3_target,Medial Meniscus,positive,tear,turkish,target_local_association,212,196,196,Detector participation counts can overlap.
mention,v2_exact,Lateral OA,positive,chondral_abnormality,english,<no_explicit_rule>,209,181,181,Detector participation counts can overlap.
mention,v3_target,Lateral Meniscus,positive,tear,spanish,target_local_association,208,87,87,Detector participation counts can overlap.
mention,v2_collective,PF OA,negative,abnormality_absent,spanish,tibiofemoral_compartments,206,104,104,Detector participation counts can overlap.
mention,v2_exact,Medial Meniscus,positive,tear,turkish,<no_explicit_rule>,206,190,190,Detector participation counts can overlap.
mention,v2_exact,Contusion,positive,abnormality,english,<no_explicit_rule>,204,137,137,Detector participation counts can overlap.
mention,v2_exact,Effusion,positive,abnormality,turkish,<no_explicit_rule>,203,201,201,Detector participation counts can overlap.
mention,v2_exact,Medial Meniscus,positive,abnormality,cyrillic_script,<no_explicit_rule>,197,115,115,Detector participation counts can overlap.
mention,v3_target,Medial Meniscus,positive,degeneration,turkish,target_local_association,197,166,166,Detector participation counts can overlap.
mention,v2_exact,Synovitis,positive,abnormality,spanish,<no_explicit_rule>,196,102,102,Detector participation counts can overlap.
mention,v3_target,Lateral Meniscus,negative,abnormality_absent,english,target_local_association,196,190,190,Detector participation counts can overlap.
mention,v3_target,Medial Meniscus,positive,tear,south_slavic,target_local_association,184,174,174,Detector participation counts can overlap.
mention,v2_exact,Medial Meniscus,positive,degeneration,turkish,<no_explicit_rule>,182,158,158,Detector participation counts can overlap.
mention,v2_collective,Medial Meniscus,negative,abnormality_absent,english,both_menisci,174,173,173,Detector participation counts can overlap.
mention,v2_exact,Effusion,negative,abnormality_absent,spanish,<no_explicit_rule>,171,171,171,Detector participation counts can overlap.
mention,v2_exact,Fracture,positive,fracture,english,<no_explicit_rule>,168,91,91,Detector participation counts can overlap.
mention,v2_collective,Lateral Meniscus,negative,abnormality_absent,english,both_menisci,166,165,165,Detector participation counts can overlap.
mention,v2_exact,Lateral Meniscus,positive,tear,spanish,<no_explicit_rule>,166,88,88,Detector participation counts can overlap.
mention,v3_target,MCL,positive,sprain,english,target_local_association,166,108,108,Detector participation counts can overlap.
mention,v2_collective,Medial OA,negative,abnormality_absent,spanish,tibiofemoral_compartments,165,165,165,Detector participation counts can overlap.
mention,v2_exact,MCL,negative,abnormality_absent,south_slavic,<no_explicit_rule>,165,165,165,Detector participation counts can overlap.
mention,v3_target,Lateral Meniscus,positive,degeneration,turkish,target_local_association,160,127,127,Detector participation counts can overlap.
mention,v3_morphology,Effusion,positive,joint_effusion,greek_script,effusion_el_root,159,131,131,Detector participation counts can overlap.
mention,v2_collective,MCL,negative,abnormality_absent,turkish,collateral_ligaments,157,156,156,Detector participation counts can overlap.
mention,v2_exact,MCL,positive,sprain,english,<no_explicit_rule>,156,106,106,Detector participation counts can overlap.
mention,v3_target,Lateral OA,negative,normal_cartilage,english,compartment_normality,155,154,154,Detector participation counts can overlap.
mention,v3_target,Medial Meniscus,positive,degeneration,english,target_local_association,153,118,118,Detector participation counts can overlap.
mention,v3_target,ACL,negative,normal_structure,south_slavic,target_local_normality,151,150,150,Detector participation counts can overlap.
mention,v3_target,MCL,negative,normal_structure,south_slavic,target_local_normality,150,150,150,Detector participation counts can overlap.
mention,v2_collective,ACL,negative,abnormality_absent,german,cruciate_ligaments,148,148,148,Detector participation counts can overlap.
mention,v2_exact,Baker's,negative,abnormality_absent,south_slavic,<no_explicit_rule>,146,146,146,Detector participation counts can overlap.
mention,v3_target,ACL,negative,abnormality_absent,english,target_local_association,143,140,140,Detector participation counts can overlap.
mention,v2_exact,Medial Meniscus,positive,tear,south_slavic,<no_explicit_rule>,138,133,133,Detector participation counts can overlap.
mention,v2_collective,ACL,negative,abnormality_absent,cyrillic_script,cruciate_ligaments,137,134,134,Detector participation counts can overlap.
mention,v3_target,ACL,positive,degeneration,turkish,target_local_association,137,94,94,Detector participation counts can overlap.
mention,v3_target,Lateral Meniscus,negative,abnormality_absent,south_slavic,target_local_association,136,132,132,Detector participation counts can overlap.
mention,v2_collective,ACL,negative,abnormality_absent,english,cruciate_ligaments,134,134,134,Detector participation counts can overlap.
mention,v2_collective,MCL,negative,abnormality_absent,south_slavic,collateral_ligaments,134,134,134,Detector participation counts can overlap.
mention,v2_exact,Lateral Meniscus,positive,degeneration,turkish,<no_explicit_rule>,133,115,115,Detector participation counts can overlap.
mention,v3_morphology,Effusion,negative,joint_effusion_absent,turkish,effusion_tr_root,132,132,132,Detector participation counts can overlap.
mention,v2_exact,Effusion,negative,abnormality_absent,turkish,<no_explicit_rule>,131,131,131,Detector participation counts can overlap.
mention,v2_exact,Lateral Meniscus,negative,abnormality_absent,spanish,<no_explicit_rule>,130,125,125,Detector participation counts can overlap.
mention,v2_collective,Lateral Meniscus,negative,abnormality_absent,spanish,both_menisci_negative_only,127,127,127,Detector participation counts can overlap.
mention,v2_collective,Medial Meniscus,negative,abnormality_absent,spanish,both_menisci_negative_only,127,127,127,Detector participation counts can overlap.
mention,v3_target,Lateral Meniscus,negative,abnormality_absent,spanish,target_local_association,126,120,120,Detector participation counts can overlap.
mention,v2_exact,Baker's,positive,abnormality,spanish,<no_explicit_rule>,125,76,76,Detector participation counts can overlap.
mention,v2_exact,ACL,negative,abnormality_absent,south_slavic,<no_explicit_rule>,124,124,124,Detector participation counts can overlap.
mention,v3_target,MCL,positive,tear,english,target_local_association,122,74,74,Detector participation counts can overlap.
mention,v2_collective,MCL,negative,abnormality_absent,greek_script,collateral_ligaments,121,118,118,Detector participation counts can overlap.
mention,v2_collective,MCL,negative,abnormality_absent,cyrillic_script,collateral_ligaments,120,118,118,Detector participation counts can overlap.
mention,v2_exact,Medial Meniscus,negative,abnormality_absent,spanish,<no_explicit_rule>,120,112,112,Detector participation counts can overlap.
mention,v3_morphology,Baker's,positive,baker_cyst,greek_script,baker_el,119,104,104,Detector participation counts can overlap.
mention,v2_exact,Medial Meniscus,positive,degeneration,english,<no_explicit_rule>,117,90,90,Detector participation counts can overlap.
mention,v2_exact,MCL,positive,tear,english,<no_explicit_rule>,114,76,76,Detector participation counts can overlap.
mention,v3_target,Medial Meniscus,negative,abnormality_absent,spanish,target_local_association,114,107,107,Detector participation counts can overlap.
mention,v3_target,Medial OA,positive,chondral_abnormality,spanish,compartment_scope,113,59,59,Detector participation counts can overlap.
mention,v3_target,PF OA,negative,normal_cartilage,spanish,compartment_normality,113,113,113,Detector participation counts can overlap.
mention,v2_exact,ACL,positive,abnormality,english,<no_explicit_rule>,112,72,72,Detector participation counts can overlap.
mention,v2_exact,Effusion,positive,abnormality,german,<no_explicit_rule>,112,112,112,Detector participation counts can overlap.
mention,v2_exact,Effusion,positive,abnormality,french,<no_explicit_rule>,110,76,76,Detector participation counts can overlap.
mention,v3_target,ACL,positive,tear,spanish,target_local_association,109,47,47,Detector participation counts can overlap.
mention,v3_morphology,Effusion,positive,joint_effusion,german,effusion_de_root,107,107,107,Detector participation counts can overlap.
mention,v2_exact,Fracture,positive,fracture,spanish,<no_explicit_rule>,105,51,51,Detector participation counts can overlap.
mention,v2_exact,Medial Meniscus,positive,tear,greek_script,<no_explicit_rule>,105,97,97,Detector participation counts can overlap.
mention,v2_exact,Effusion,positive,abnormality,dutch,<no_explicit_rule>,103,75,75,Detector participation counts can overlap.
mention,v2_exact,Baker's,positive,abnormality,greek_script,<no_explicit_rule>,102,91,91,Detector participation counts can overlap.
mention,v3_target,Lateral Meniscus,uncertain,tear,english,target_local_association,102,71,71,Detector participation counts can overlap.
mention,v3_target,PF OA,positive,chondral_abnormality,spanish,compartment_scope,101,58,58,Detector participation counts can overlap.
mention,v2_collective,Lateral OA,positive,chondral_abnormality,spanish,tibiofemoral_compartments,100,27,27,Detector participation counts can overlap.
mention,v2_exact,ACL,positive,degeneration,english,<no_explicit_rule>,100,66,66,Detector participation counts can overlap.
mention,v3_target,Medial OA,negative,normal_cartilage,english,compartment_normality,100,100,100,Detector participation counts can overlap.
mention,v2_exact,Effusion,negative,abnormality_absent,south_slavic,<no_explicit_rule>,99,98,98,Detector participation counts can overlap.
mention,v3_target,PF OA,positive,chondral_abnormality,dutch,compartment_scope,99,64,64,Detector participation counts can overlap.
mention,v3_target,PF OA,positive,chondral_abnormality,south_slavic,compartment_scope,99,91,91,Detector participation counts can overlap.
mention,v3_morphology,Baker's,positive,baker_cyst,south_slavic,baker_sl,98,95,95,Detector participation counts can overlap.
mention,v2_exact,Baker's,positive,abnormality,cyrillic_script,<no_explicit_rule>,97,53,53,Detector participation counts can overlap.
mention,v3_target,ACL,positive,abnormality,english,target_local_association,97,62,62,Detector participation counts can overlap.
mention,v3_target,ACL,positive,degeneration,english,target_local_association,96,64,64,Detector participation counts can overlap.
mention,v3_target,MCL,positive,sprain,turkish,target_local_association,96,88,88,Detector participation counts can overlap.
mention,v2_exact,Medial Meniscus,negative,abnormality_absent,south_slavic,<no_explicit_rule>,94,94,94,Detector participation counts can overlap.
mention,v3_target,ACL,positive,degeneration,south_slavic,target_local_association,94,93,93,Detector participation counts can overlap.
mention,v2_exact,Lateral Meniscus,negative,abnormality_absent,german,<no_explicit_rule>,92,91,91,Detector participation counts can overlap.
mention,v2_exact,Lateral Meniscus,negative,abnormality_absent,cyrillic_script,<no_explicit_rule>,91,89,89,Detector participation counts can overlap.
mention,v3_target,Lateral Meniscus,negative,normal_structure,cyrillic_script,target_local_normality,90,88,88,Detector participation counts can overlap.
mention,v3_target,Medial Meniscus,uncertain,tear,english,target_local_association,89,61,61,Detector participation counts can overlap.
mention,v3_target,ACL,positive,tear,turkish,target_local_association,88,78,78,Detector participation counts can overlap.
mention,v3_target,PF OA,positive,chondral_abnormality,german,compartment_scope,88,75,75,Detector participation counts can overlap.
mention,v2_exact,Baker's,positive,tear,english,<no_explicit_rule>,86,60,60,Detector participation counts can overlap.
mention,v3_target,Medial Meniscus,positive,tear,greek_script,target_local_association,86,78,78,Detector participation counts can overlap.
mention,v3_target,Lateral Meniscus,negative,normal_structure,german,target_local_normality,85,84,84,Detector participation counts can overlap.
mention,v2_exact,PF OA,positive,chondral_abnormality,spanish,<no_explicit_rule>,84,53,53,Detector participation counts can overlap.
mention,v2_collective,PF OA,positive,chondral_abnormality,spanish,tibiofemoral_compartments,82,22,22,Detector participation counts can overlap.
mention,v2_exact,Medial OA,positive,chondral_abnormality,spanish,<no_explicit_rule>,80,44,44,Detector participation counts can overlap.
mention,v2_exact,PF OA,negative,abnormality_absent,spanish,<no_explicit_rule>,79,79,79,Detector participation counts can overlap.
mention,v3_target,Lateral Meniscus,positive,degeneration,south_slavic,target_local_association,79,78,78,Detector participation counts can overlap.
mention,v2_exact,Effusion,negative,abnormality_absent,cyrillic_script,<no_explicit_rule>,78,77,77,Detector participation counts can overlap.
mention,v2_exact,ACL,positive,tear,spanish,<no_explicit_rule>,77,41,41,Detector participation counts can overlap.
mention,v2_exact,MCL,positive,abnormality,english,<no_explicit_rule>,76,53,53,Detector participation counts can overlap.
mention,v3_morphology,Baker's,negative,baker_cyst_absent,south_slavic,baker_sl,76,74,74,Detector participation counts can overlap.
mention,v3_target,Lateral Meniscus,positive,degeneration,english,target_local_association,76,62,62,Detector participation counts can overlap.
mention,v3_target,Lateral Meniscus,positive,tear,south_slavic,target_local_association,75,73,73,Detector participation counts can overlap.
mention,v2_exact,Lateral Meniscus,uncertain,tear,english,<no_explicit_rule>,74,54,54,Detector participation counts can overlap.
mention,v3_morphology,Fracture,uncertain,fracture,english,fracture_en,73,51,51,Detector participation counts can overlap.
mention,v2_exact,Baker's,positive,abnormality,south_slavic,<no_explicit_rule>,72,72,72,Detector participation counts can overlap.
mention,v3_target,Lateral Meniscus,positive,tear,turkish,target_local_association,72,63,63,Detector participation counts can overlap.
mention,v3_target,Medial Meniscus,negative,abnormality_absent,english,target_local_association,72,68,68,Detector participation counts can overlap.
mention,v2_exact,ACL,positive,tear,turkish,<no_explicit_rule>,71,62,62,Detector participation counts can overlap.
mention,v3_target,PF OA,positive,chondral_abnormality,turkish,compartment_scope,71,70,70,Detector participation counts can overlap.
mention,v2_exact,ACL,positive,degeneration,turkish,<no_explicit_rule>,70,68,68,Detector participation counts can overlap.
mention,v2_exact,Baker's,positive,abnormality,turkish,<no_explicit_rule>,70,58,58,Detector participation counts can overlap.
mention,v3_target,Lateral OA,positive,chondral_abnormality,spanish,compartment_scope,70,41,41,Detector participation counts can overlap.
mention,v3_target,Medial Meniscus,positive,degeneration,dutch,target_local_association,69,43,43,Detector participation counts can overlap.
mention,v2_exact,MCL,negative,abnormality_absent,german,<no_explicit_rule>,68,68,68,Detector participation counts can overlap.
mention,v3_target,Lateral Meniscus,negative,normal_structure,south_slavic,target_local_normality,68,67,67,Detector participation counts can overlap.
mention,v3_target,MCL,negative,normal_structure,german,target_local_normality,68,67,67,Detector participation counts can overlap.
mention,v3_target,Medial OA,positive,chondral_abnormality,greek_script,compartment_scope,68,50,50,Detector participation counts can overlap.
mention,v3_target,ACL,positive,tear,south_slavic,target_local_association,67,66,66,Detector participation counts can overlap.
mention,v3_target,MCL,positive,abnormality,english,target_local_association,67,47,47,Detector participation counts can overlap.
mention,v2_exact,Baker's,positive,abnormality,dutch,<no_explicit_rule>,66,47,47,Detector participation counts can overlap.
mention,v2_exact,Lateral Meniscus,positive,tear,turkish,<no_explicit_rule>,66,59,59,Detector participation counts can overlap.
mention,v2_exact,Medial Meniscus,uncertain,tear,english,<no_explicit_rule>,65,48,48,Detector participation counts can overlap.
mention,v2_exact,Baker's,positive,abnormality,german,<no_explicit_rule>,63,63,63,Detector participation counts can overlap.
mention,v3_target,Medial Meniscus,negative,abnormality_absent,south_slavic,target_local_association,63,63,63,Detector participation counts can overlap.
mention,v3_target,PF OA,positive,chondral_abnormality,greek_script,compartment_scope,63,53,53,Detector participation counts can overlap.
mention,v2_exact,Lateral Meniscus,positive,tear,south_slavic,<no_explicit_rule>,62,62,62,Detector participation counts can overlap.
mention,v2_collective,MCL,negative,abnormality_absent,german,collateral_ligaments,61,61,61,Detector participation counts can overlap.
mention,v2_collective,Medial Meniscus,negative,abnormality_absent,turkish,both_menisci,60,59,59,Detector participation counts can overlap.
mention,v2_exact,MCL,positive,sprain,turkish,<no_explicit_rule>,60,52,52,Detector participation counts can overlap.
mention,v2_collective,ACL,negative,abnormality_absent,dutch,cruciate_ligaments,59,58,58,Detector participation counts can overlap.
mention,v2_exact,Lateral Meniscus,positive,degeneration,english,<no_explicit_rule>,59,47,47,Detector participation counts can overlap.
mention,v2_exact,ACL,positive,tear,south_slavic,<no_explicit_rule>,58,58,58,Detector participation counts can overlap.
mention,v2_exact,Contusion,positive,abnormality,spanish,<no_explicit_rule>,58,30,30,Detector participation counts can overlap.
mention,v3_target,Medial OA,positive,chondral_abnormality,south_slavic,compartment_scope,58,57,57,Detector participation counts can overlap.
mention,v2_collective,ACL,negative,abnormality_absent,greek_script,cruciate_ligaments,57,55,55,Detector participation counts can overlap.
mention,v2_exact,Lateral OA,positive,chondral_abnormality,spanish,<no_explicit_rule>,57,36,36,Detector participation counts can overlap.
mention,v2_exact,Medial Meniscus,positive,degeneration,dutch,<no_explicit_rule>,57,34,34,Detector participation counts can overlap.
mention,v3_morphology,Fracture,positive,fracture,greek_script,fracture_el,57,43,43,Detector participation counts can overlap.
mention,v2_collective,ACL,negative,abnormality_absent,greek_script,cruciate_and_collateral_ligaments,56,56,56,Detector participation counts can overlap.
mention,v2_collective,MCL,negative,abnormality_absent,greek_script,cruciate_and_collateral_ligaments,56,56,56,Detector participation counts can overlap.
mention,v2_exact,Baker's,negative,abnormality_absent,french,<no_explicit_rule>,56,46,46,Detector participation counts can overlap.
mention,v3_target,Medial Meniscus,positive,abnormality,turkish,target_local_association,56,56,56,Detector participation counts can overlap.
mention,v2_collective,ACL,negative,abnormality_absent,south_slavic,cruciate_ligaments,55,55,55,Detector participation counts can overlap.
mention,v2_collective,MCL,negative,abnormality_absent,dutch,collateral_ligaments,55,54,54,Detector participation counts can overlap.
mention,v2_exact,Medial Meniscus,positive,abnormality,turkish,<no_explicit_rule>,55,55,55,Detector participation counts can overlap.
mention,v2_exact,Fracture,positive,fracture,greek_script,<no_explicit_rule>,53,43,43,Detector participation counts can overlap.
mention,v2_exact,Medial Meniscus,negative,abnormality_absent,turkish,<no_explicit_rule>,53,53,53,Detector participation counts can overlap.
mention,v2_exact,PF OA,negative,abnormality_absent,german,<no_explicit_rule>,53,52,52,Detector participation counts can overlap.
mention,v3_morphology,Fracture,negative,fracture_absent,french,fracture_fr,53,29,29,Detector participation counts can overlap.
mention,v3_target,Medial Meniscus,negative,normal_structure,turkish,target_local_normality,53,53,53,Detector participation counts can overlap.
mention,v2_collective,ACL,negative,abnormality_absent,english,cruciate_and_collateral_ligaments,52,52,52,Detector participation counts can overlap.
mention,v2_collective,MCL,negative,abnormality_absent,english,cruciate_and_collateral_ligaments,52,52,52,Detector participation counts can overlap.
mention,v3_target,MCL,positive,tear,spanish,target_local_association,52,27,27,Detector participation counts can overlap.
mention,v3_target,Medial Meniscus,positive,degeneration,french,target_local_association,52,32,32,Detector participation counts can overlap.
mention,v3_target,Medial Meniscus,positive,degeneration,greek_script,target_local_association,51,45,45,Detector participation counts can overlap.
mention,v2_collective,Medial OA,positive,chondral_abnormality,spanish,tibiofemoral_compartments,50,27,27,Detector participation counts can overlap.
mention,v2_exact,Lateral Meniscus,negative,abnormality_absent,dutch,<no_explicit_rule>,50,46,46,Detector participation counts can overlap.
mention,v2_exact,Lateral Meniscus,negative,abnormality_absent,french,<no_explicit_rule>,50,48,48,Detector participation counts can overlap.
mention,v3_target,Medial Meniscus,positive,degeneration,south_slavic,target_local_association,50,48,48,Detector participation counts can overlap.
mention,v3_target,PF OA,negative,normal_cartilage,cyrillic_script,compartment_normality,50,49,49,Detector participation counts can overlap.
mention,v3_morphology,Fracture,negative,fracture_absent,german,fracture_de,49,48,48,Detector participation counts can overlap.
mention,v2_collective,Lateral Meniscus,negative,abnormality_absent,german,both_menisci_negative_only,48,47,47,Detector participation counts can overlap.
mention,v2_exact,Effusion,negative,abnormality_absent,german,<no_explicit_rule>,48,47,47,Detector participation counts can overlap.
mention,v2_exact,MCL,positive,tear,spanish,<no_explicit_rule>,48,25,25,Detector participation counts can overlap.
mention,v2_exact,ACL,negative,abnormality_absent,turkish,<no_explicit_rule>,47,47,47,Detector participation counts can overlap.
mention,v3_morphology,Contusion,positive,bone_contusion,greek_script,contusion_el,47,42,42,Detector participation counts can overlap.
mention,v2_collective,Medial Meniscus,negative,abnormality_absent,german,both_menisci_negative_only,46,46,46,Detector participation counts can overlap.
mention,v2_exact,Fracture,uncertain,fracture,english,<no_explicit_rule>,46,38,38,Detector participation counts can overlap.
mention,v3_morphology,Effusion,negative,joint_effusion_absent,greek_script,effusion_el_root,46,34,34,Detector participation counts can overlap.
mention,v2_exact,ACL,negative,abnormality_absent,dutch,<no_explicit_rule>,45,45,45,Detector participation counts can overlap.
mention,v2_exact,ACL,positive,tear,greek_script,<no_explicit_rule>,45,42,42,Detector participation counts can overlap.
mention,v2_exact,Contusion,negative,abnormality_absent,german,<no_explicit_rule>,45,45,45,Detector participation counts can overlap.
mention,v3_target,Lateral Meniscus,negative,normal_structure,dutch,target_local_normality,45,42,42,Detector participation counts can overlap.
mention,v3_target,Lateral Meniscus,negative,normal_structure,greek_script,target_local_normality,45,39,39,Detector participation counts can overlap.
mention,v3_target,MCL,negative,normal_structure,french,target_local_normality,45,45,45,Detector participation counts can overlap.
mention,v2_exact,Lateral Meniscus,positive,tear,greek_script,<no_explicit_rule>,44,41,41,Detector participation counts can overlap.
mention,v3_target,ACL,negative,normal_structure,dutch,target_local_normality,44,44,44,Detector participation counts can overlap.
mention,v3_target,ACL,negative,normal_structure,turkish,target_local_normality,44,44,44,Detector participation counts can overlap.
mention,v3_morphology,Effusion,negative,joint_effusion_absent,german,effusion_de_root,43,42,42,Detector participation counts can overlap.
mention,v3_target,ACL,positive,tear,greek_script,target_local_association,43,40,40,Detector participation counts can overlap.
mention,v3_target,Medial Meniscus,negative,normal_structure,german,target_local_normality,43,43,43,Detector participation counts can overlap.
mention,v3_target,Medial OA,positive,chondral_abnormality,dutch,compartment_scope,43,34,34,Detector participation counts can overlap.
mention,v3_morphology,Contusion,uncertain,bone_contusion,english,contusion_en,42,32,32,Detector participation counts can overlap.
mention,v3_target,ACL,positive,abnormality,cyrillic_script,target_local_association,42,26,26,Detector participation counts can overlap.
mention,v2_collective,Lateral Meniscus,negative,abnormality_absent,dutch,both_menisci_negative_only,41,40,40,Detector participation counts can overlap.
mention,v2_collective,Medial Meniscus,negative,abnormality_absent,dutch,both_menisci_negative_only,41,40,40,Detector participation counts can overlap.
mention,v2_exact,ACL,positive,abnormality,cyrillic_script,<no_explicit_rule>,41,25,25,Detector participation counts can overlap.
mention,v2_exact,PF OA,positive,abnormality,english,<no_explicit_rule>,41,40,40,Detector participation counts can overlap.
mention,v2_exact,Medial Meniscus,negative,abnormality_absent,german,<no_explicit_rule>,40,40,40,Detector participation counts can overlap.
mention,v3_morphology,Synovitis,positive,synovitis,greek_script,synovitis_el,40,26,26,Detector participation counts can overlap.
mention,v2_exact,Fracture,negative,abnormality_absent,german,<no_explicit_rule>,39,39,39,Detector participation counts can overlap.
mention,v3_target,Lateral Meniscus,positive,abnormality,cyrillic_script,target_local_association,39,23,23,Detector participation counts can overlap.
mention,v3_target,Medial Meniscus,positive,abnormality,french,target_local_association,39,20,20,Detector participation counts can overlap.
mention,v3_target,PF OA,negative,normal_cartilage,german,compartment_normality,39,37,37,Detector participation counts can overlap.
mention,v2_exact,PF OA,positive,chondral_abnormality,german,<no_explicit_rule>,38,37,37,Detector participation counts can overlap.
mention,v2_collective,Lateral Meniscus,negative,abnormality_absent,dutch,both_menisci,37,36,36,Detector participation counts can overlap.
mention,v2_collective,Medial Meniscus,negative,abnormality_absent,dutch,both_menisci,37,36,36,Detector participation counts can overlap.
mention,v2_exact,Effusion,negative,abnormality_absent,greek_script,<no_explicit_rule>,37,36,36,Detector participation counts can overlap.
mention,v2_exact,Lateral OA,positive,abnormality,english,<no_explicit_rule>,37,35,35,Detector participation counts can overlap.
mention,v3_target,Lateral Meniscus,positive,abnormality,spanish,target_local_association,37,15,15,Detector participation counts can overlap.
mention,v2_collective,MCL,negative,abnormality_absent,spanish,collateral_ligaments,36,36,36,Detector participation counts can overlap.
mention,v2_exact,Lateral Meniscus,negative,abnormality_absent,greek_script,<no_explicit_rule>,36,35,35,Detector participation counts can overlap.
mention,v2_exact,Medial OA,positive,abnormality,spanish,<no_explicit_rule>,36,18,18,Detector participation counts can overlap.
mention,v3_target,Medial Meniscus,positive,degeneration,german,target_local_association,36,36,36,Detector participation counts can overlap.
mention,v2_exact,MCL,negative,abnormality_absent,french,<no_explicit_rule>,35,35,35,Detector participation counts can overlap.
mention,v2_collective,Lateral Meniscus,negative,abnormality_absent,greek_script,both_menisci,34,33,33,Detector participation counts can overlap.
mention,v2_collective,Medial Meniscus,negative,abnormality_absent,greek_script,both_menisci,34,33,33,Detector participation counts can overlap.
mention,v2_exact,Medial OA,positive,abnormality,english,<no_explicit_rule>,34,33,33,Detector participation counts can overlap.
mention,v3_morphology,Fracture,positive,fracture,cyrillic_script,fracture_cyr,34,12,12,Detector participation counts can overlap.
mention,v3_target,ACL,negative,abnormality_absent,spanish,target_local_association,34,18,18,Detector participation counts can overlap.
mention,v3_target,Lateral OA,positive,chondral_abnormality,greek_script,compartment_scope,34,28,28,Detector participation counts can overlap.
mention,v2_exact,Synovitis,positive,abnormality,greek_script,<no_explicit_rule>,33,26,26,Detector participation counts can overlap.
mention,v3_morphology,Contusion,positive,bone_contusion,turkish,contusion_tr,33,27,27,Detector participation counts can overlap.
mention,v3_target,Lateral Meniscus,positive,tear,greek_script,target_local_association,33,30,30,Detector participation counts can overlap.
mention,v2_exact,Medial Meniscus,positive,abnormality,french,<no_explicit_rule>,32,20,20,Detector participation counts can overlap.
mention,v3_target,Lateral Meniscus,negative,normal_structure,french,target_local_normality,32,32,32,Detector participation counts can overlap.
mention,v3_target,MCL,uncertain,abnormality,english,target_local_association,32,24,24,Detector participation counts can overlap.
mention,v2_exact,Baker's,positive,abnormality,french,<no_explicit_rule>,31,23,23,Detector participation counts can overlap.
mention,v2_exact,Lateral Meniscus,positive,abnormality,cyrillic_script,<no_explicit_rule>,31,19,19,Detector participation counts can overlap.
mention,v2_exact,Medial Meniscus,positive,degeneration,cyrillic_script,<no_explicit_rule>,31,28,28,Detector participation counts can overlap.
mention,v2_exact,Medial OA,positive,degeneration,turkish,<no_explicit_rule>,31,31,31,Detector participation counts can overlap.
mention,v3_target,Lateral OA,positive,chondral_abnormality,south_slavic,compartment_scope,31,31,31,Detector participation counts can overlap.
mention,v2_exact,Medial Meniscus,negative,abnormality_absent,cyrillic_script,<no_explicit_rule>,30,30,30,Detector participation counts can overlap.
mention,v3_morphology,Contusion,positive,bone_contusion,cyrillic_script,contusion_cyr,30,19,19,Detector participation counts can overlap.
mention,v3_target,ACL,uncertain,tear,english,target_local_association,30,20,20,Detector participation counts can overlap.
mention,v3_target,Medial Meniscus,positive,abnormality,spanish,target_local_association,30,19,19,Detector participation counts can overlap.
mention,v3_target,Medial OA,positive,chondral_abnormality,turkish,compartment_scope,30,28,28,Detector participation counts can overlap.
mention,v3_target,PF OA,positive,chondral_abnormality,french,compartment_scope,30,18,18,Detector participation counts can overlap.
mention,v2_exact,ACL,negative,abnormality_absent,french,<no_explicit_rule>,29,28,28,Detector participation counts can overlap.
mention,v2_exact,Contusion,positive,abnormality,german,<no_explicit_rule>,29,26,26,Detector participation counts can overlap.
mention,v2_exact,Fracture,negative,abnormality_absent,french,<no_explicit_rule>,29,28,28,Detector participation counts can overlap.
mention,v2_exact,PF OA,positive,degeneration,turkish,<no_explicit_rule>,29,29,29,Detector participation counts can overlap.
mention,v3_target,ACL,uncertain,abnormality,english,target_local_association,29,24,24,Detector participation counts can overlap.
mention,v3_target,MCL,negative,abnormality_absent,south_slavic,target_local_association,29,29,29,Detector participation counts can overlap.
mention,v3_target,Medial Meniscus,positive,extrusion,english,target_local_association,29,25,25,Detector participation counts can overlap.
mention,v2_exact,Medial Meniscus,negative,abnormality_absent,french,<no_explicit_rule>,28,24,24,Detector participation counts can overlap.
mention,v2_exact,Medial Meniscus,positive,tear,cyrillic_script,<no_explicit_rule>,28,24,24,Detector participation counts can overlap.
mention,v2_exact,PF OA,positive,chondral_abnormality,turkish,<no_explicit_rule>,28,28,28,Detector participation counts can overlap.
mention,v3_target,Medial Meniscus,positive,tear,cyrillic_script,target_local_association,28,23,23,Detector participation counts can overlap.
mention,v2_exact,ACL,negative,abnormality_absent,spanish,<no_explicit_rule>,27,22,22,Detector participation counts can overlap.
mention,v2_exact,Contusion,positive,abnormality,greek_script,<no_explicit_rule>,27,27,27,Detector participation counts can overlap.
mention,v2_exact,Fracture,positive,avulsion,english,<no_explicit_rule>,27,18,18,Detector participation counts can overlap.
mention,v2_exact,Lateral Meniscus,positive,abnormality,spanish,<no_explicit_rule>,27,15,15,Detector participation counts can overlap.
mention,v2_exact,Medial Meniscus,positive,extrusion,english,<no_explicit_rule>,27,24,24,Detector participation counts can overlap.
mention,v3_target,Medial Meniscus,uncertain,tear,south_slavic,target_local_association,27,27,27,Detector participation counts can overlap.
mention,v2_exact,Lateral OA,positive,degeneration,turkish,<no_explicit_rule>,26,26,26,Detector participation counts can overlap.
mention,v2_exact,Medial Meniscus,negative,abnormality_absent,dutch,<no_explicit_rule>,26,26,26,Detector participation counts can overlap.
mention,v2_exact,Medial Meniscus,positive,abnormality,spanish,<no_explicit_rule>,26,18,18,Detector participation counts can overlap.
mention,v3_target,ACL,uncertain,tear,south_slavic,target_local_association,26,26,26,Detector participation counts can overlap.
mention,v3_target,Lateral OA,negative,chondral_abnormality_absent,dutch,compartment_scope,26,26,26,Detector participation counts can overlap.
mention,v3_target,MCL,positive,sprain,spanish,target_local_association,26,15,15,Detector participation counts can overlap.
mention,v2_collective,Lateral Meniscus,positive,tear,spanish,both_menisci,25,13,13,Detector participation counts can overlap.
mention,v2_exact,Contusion,positive,fracture,english,<no_explicit_rule>,25,21,21,Detector participation counts can overlap.
mention,v3_target,Medial Meniscus,negative,normal_structure,cyrillic_script,target_local_normality,25,25,25,Detector participation counts can overlap.
mention,v3_target,Medial OA,positive,chondral_abnormality,german,compartment_scope,25,24,24,Detector participation counts can overlap.
mention,v3_target,PF OA,negative,chondral_abnormality_absent,german,compartment_scope,25,25,25,Detector participation counts can overlap.
mention,v2_exact,Effusion,negative,abnormality_absent,dutch,<no_explicit_rule>,24,23,23,Detector participation counts can overlap.
mention,v2_exact,PF OA,positive,chondral_abnormality,dutch,<no_explicit_rule>,24,21,21,Detector participation counts can overlap.
mention,v3_morphology,Fracture,positive,fracture,turkish,fracture_tr,24,16,16,Detector participation counts can overlap.
mention,v3_target,MCL,negative,abnormality_absent,english,target_local_association,24,23,23,Detector participation counts can overlap.
mention,v3_target,MCL,positive,tear,south_slavic,target_local_association,24,22,22,Detector participation counts can overlap.
mention,v3_target,Medial Meniscus,positive,abnormality,english,target_local_association,24,18,18,Detector participation counts can overlap.
mention,v2_exact,Baker's,positive,tear,spanish,<no_explicit_rule>,23,16,16,Detector participation counts can overlap.
mention,v2_exact,Medial Meniscus,positive,abnormality,english,<no_explicit_rule>,23,17,17,Detector participation counts can overlap.
mention,v3_morphology,Effusion,uncertain,joint_effusion,english,effusion_en_plural,23,19,19,Detector participation counts can overlap.
mention,v3_target,ACL,positive,abnormality,french,target_local_association,23,10,10,Detector participation counts can overlap.
mention,v3_target,Medial Meniscus,negative,normal_structure,dutch,target_local_normality,23,23,23,Detector participation counts can overlap.
mention,v3_target,Medial Meniscus,negative,normal_structure,greek_script,target_local_normality,23,18,18,Detector participation counts can overlap.
mention,v3_target,Medial Meniscus,positive,abnormality,dutch,target_local_association,23,15,15,Detector participation counts can overlap.
mention,v3_target,Medial OA,negative,chondral_abnormality_absent,dutch,compartment_scope,23,23,23,Detector participation counts can overlap.
mention,v2_exact,ACL,uncertain,tear,english,<no_explicit_rule>,22,17,17,Detector participation counts can overlap.
mention,v2_exact,Contusion,positive,abnormality,turkish,<no_explicit_rule>,22,20,20,Detector participation counts can overlap.
mention,v2_exact,Fracture,positive,fracture,cyrillic_script,<no_explicit_rule>,22,13,13,Detector participation counts can overlap.
mention,v2_exact,Fracture,positive,fracture,turkish,<no_explicit_rule>,22,14,14,Detector participation counts can overlap.
mention,v2_exact,Medial Meniscus,negative,abnormality_absent,greek_script,<no_explicit_rule>,22,22,22,Detector participation counts can overlap.
mention,v2_exact,Medial Meniscus,positive,degeneration,greek_script,<no_explicit_rule>,22,20,20,Detector participation counts can overlap.
mention,v3_morphology,Synovitis,positive,synovitis,turkish,synovitis_tr,22,22,22,Detector participation counts can overlap.
mention,v3_target,ACL,negative,normal_structure,french,target_local_normality,22,22,22,Detector participation counts can overlap.
mention,v3_target,Medial OA,positive,degeneration,turkish,compartment_scope,22,22,22,Detector participation counts can overlap.
mention,v2_exact,ACL,positive,abnormality,dutch,<no_explicit_rule>,21,17,17,Detector participation counts can overlap.
mention,v2_exact,Medial Meniscus,positive,abnormality,dutch,<no_explicit_rule>,21,15,15,Detector participation counts can overlap.
mention,v2_exact,PF OA,negative,abnormality_absent,dutch,<no_explicit_rule>,21,21,21,Detector participation counts can overlap.
mention,v3_morphology,Fracture,positive,fracture,french,fracture_fr,21,7,7,Detector participation counts can overlap.
mention,v3_target,MCL,positive,abnormality,turkish,target_local_association,21,21,21,Detector participation counts can overlap.
mention,v3_target,Medial OA,positive,chondral_abnormality,french,compartment_scope,21,12,12,Detector participation counts can overlap.
mention,v2_collective,ACL,negative,abnormality_absent,french,cruciate_ligaments,20,20,20,Detector participation counts can overlap.
mention,v2_exact,ACL,negative,abnormality_absent,cyrillic_script,<no_explicit_rule>,20,20,20,Detector participation counts can overlap.
mention,v2_exact,Baker's,positive,tear,french,<no_explicit_rule>,20,13,13,Detector participation counts can overlap.
mention,v2_exact,Effusion,positive,tear,english,<no_explicit_rule>,20,18,18,Detector participation counts can overlap.
mention,v2_exact,Medial Meniscus,positive,degeneration,french,<no_explicit_rule>,20,15,15,Detector participation counts can overlap.
mention,v3_target,ACL,positive,abnormality,dutch,target_local_association,20,16,16,Detector participation counts can overlap.
mention,v3_target,ACL,positive,degeneration,greek_script,target_local_association,20,18,18,Detector participation counts can overlap.
mention,v3_target,Lateral Meniscus,positive,abnormality,french,target_local_association,20,9,9,Detector participation counts can overlap.
mention,v3_target,Lateral Meniscus,positive,degeneration,greek_script,target_local_association,20,20,20,Detector participation counts can overlap.
mention,v3_target,PF OA,negative,chondral_abnormality_absent,dutch,compartment_scope,20,20,20,Detector participation counts can overlap.
mention,v2_exact,Fracture,positive,fracture,south_slavic,<no_explicit_rule>,19,15,15,Detector participation counts can overlap.
mention,v2_exact,MCL,positive,tear,south_slavic,<no_explicit_rule>,19,19,19,Detector participation counts can overlap.
mention,v2_exact,Medial Meniscus,positive,degeneration,german,<no_explicit_rule>,19,19,19,Detector participation counts can overlap.
mention,v2_exact,Effusion,positive,tear,greek_script,<no_explicit_rule>,18,17,17,Detector participation counts can overlap.
mention,v2_exact,Lateral OA,positive,abnormality,spanish,<no_explicit_rule>,18,9,9,Detector participation counts can overlap.
mention,v2_exact,PF OA,positive,abnormality,spanish,<no_explicit_rule>,18,9,9,Detector participation counts can overlap.
mention,v2_exact,Synovitis,positive,abnormality,turkish,<no_explicit_rule>,18,18,18,Detector participation counts can overlap.
mention,v3_target,Lateral Meniscus,positive,abnormality,english,target_local_association,18,13,13,Detector participation counts can overlap.
mention,v3_target,Lateral OA,negative,normal_cartilage,spanish,compartment_normality,18,18,18,Detector participation counts can overlap.
mention,v3_target,PF OA,uncertain,chondral_abnormality,english,compartment_scope,18,14,14,Detector participation counts can overlap.
mention,v2_exact,Contusion,positive,chondral_abnormality,english,<no_explicit_rule>,17,11,11,Detector participation counts can overlap.
mention,v2_exact,Effusion,positive,abnormality,latin_other,<no_explicit_rule>,17,15,15,Detector participation counts can overlap.
mention,v2_exact,Effusion,positive,chondral_abnormality,greek_script,<no_explicit_rule>,17,14,14,Detector participation counts can overlap.
mention,v2_exact,Lateral Meniscus,positive,abnormality,french,<no_explicit_rule>,17,9,9,Detector participation counts can overlap.
mention,v2_exact,Lateral OA,negative,abnormality_absent,spanish,<no_explicit_rule>,17,17,17,Detector participation counts can overlap.
mention,v2_exact,MCL,positive,abnormality,turkish,<no_explicit_rule>,17,17,17,Detector participation counts can overlap.
mention,v2_exact,Medial OA,positive,chondral_abnormality,german,<no_explicit_rule>,17,17,17,Detector participation counts can overlap.
mention,v2_exact,Medial OA,positive,chondral_abnormality,south_slavic,<no_explicit_rule>,17,17,17,Detector participation counts can overlap.
mention,v3_morphology,Baker's,uncertain,baker_cyst,english,baker_variants,17,12,12,Detector participation counts can overlap.
mention,v3_morphology,Fracture,positive,fracture,south_slavic,fracture_sl,17,13,13,Detector participation counts can overlap.
mention,v3_target,Lateral Meniscus,positive,abnormality,turkish,target_local_association,17,14,14,Detector participation counts can overlap.
mention,v3_target,Medial Meniscus,positive,abnormality,german,target_local_association,17,17,17,Detector participation counts can overlap.
mention,v2_collective,Medial Meniscus,positive,tear,english,both_menisci,16,16,16,Detector participation counts can overlap.
mention,v2_exact,ACL,positive,degeneration,greek_script,<no_explicit_rule>,16,16,16,Detector participation counts can overlap.
mention,v2_exact,Effusion,positive,chondral_abnormality,dutch,<no_explicit_rule>,16,16,16,Detector participation counts can overlap.
mention,v2_exact,Lateral Meniscus,positive,abnormality,english,<no_explicit_rule>,16,11,11,Detector participation counts can overlap.
mention,v2_exact,Synovitis,negative,abnormality_absent,english,<no_explicit_rule>,16,14,14,Detector participation counts can overlap.
mention,v3_target,Lateral Meniscus,negative,abnormality_absent,french,target_local_association,16,14,14,Detector participation counts can overlap.
mention,v3_target,Lateral Meniscus,positive,degeneration,german,target_local_association,16,16,16,Detector participation counts can overlap.
mention,v3_target,Lateral OA,positive,chondral_abnormality,german,compartment_scope,16,15,15,Detector participation counts can overlap.
mention,v3_target,MCL,uncertain,tear,english,target_local_association,16,13,13,Detector participation counts can overlap.
mention,v2_exact,ACL,positive,sprain,turkish,<no_explicit_rule>,15,14,14,Detector participation counts can overlap.
mention,v2_exact,Lateral OA,positive,chondral_abnormality,south_slavic,<no_explicit_rule>,15,15,15,Detector participation counts can overlap.
mention,v2_exact,Medial OA,positive,tear,english,<no_explicit_rule>,15,14,14,Detector participation counts can overlap.
mention,v2_exact,PF OA,positive,degeneration,english,<no_explicit_rule>,15,13,13,Detector participation counts can overlap.
mention,v2_exact,Synovitis,positive,abnormality,french,<no_explicit_rule>,15,9,9,Detector participation counts can overlap.
mention,v3_target,Lateral Meniscus,positive,abnormality,dutch,target_local_association,15,9,9,Detector participation counts can overlap.
mention,v2_exact,ACL,positive,abnormality,french,<no_explicit_rule>,14,9,9,Detector participation counts can overlap.
mention,v2_exact,Fracture,positive,fracture,french,<no_explicit_rule>,14,7,7,Detector participation counts can overlap.
mention,v2_exact,Lateral Meniscus,positive,abnormality,turkish,<no_explicit_rule>,14,11,11,Detector participation counts can overlap.
mention,v3_morphology,Synovitis,positive,synovitis,german,synovitis_de,14,13,13,Detector participation counts can overlap.
mention,v3_target,ACL,uncertain,degeneration,english,target_local_association,14,12,12,Detector participation counts can overlap.
mention,v3_target,Lateral Meniscus,positive,degeneration,dutch,target_local_association,14,9,9,Detector participation counts can overlap.
mention,v3_target,Medial Meniscus,positive,extrusion,dutch,target_local_association,14,9,9,Detector participation counts can overlap.
mention,v2_exact,ACL,positive,tear,cyrillic_script,<no_explicit_rule>,13,10,10,Detector participation counts can overlap.
mention,v2_exact,Baker's,positive,tear,greek_script,<no_explicit_rule>,13,13,13,Detector participation counts can overlap.
mention,v2_exact,Baker's,uncertain,abnormality,spanish,<no_explicit_rule>,13,8,8,Detector participation counts can overlap.
mention,v2_exact,Lateral Meniscus,positive,degeneration,dutch,<no_explicit_rule>,13,8,8,Detector participation counts can overlap.
mention,v2_exact,Medial OA,positive,chondral_abnormality,turkish,<no_explicit_rule>,13,13,13,Detector participation counts can overlap.
mention,v3_target,ACL,negative,abnormality_absent,south_slavic,target_local_association,13,13,13,Detector participation counts can overlap.
mention,v3_target,ACL,positive,tear,cyrillic_script,target_local_association,13,10,10,Detector participation counts can overlap.
mention,v3_target,MCL,negative,abnormality_absent,french,target_local_association,13,13,13,Detector participation counts can overlap.
mention,v3_target,MCL,positive,sprain,greek_script,target_local_association,13,11,11,Detector participation counts can overlap.
mention,v3_target,PF OA,positive,chondral_abnormality,cyrillic_script,compartment_scope,13,10,10,Detector participation counts can overlap.
mention,v2_collective,Medial Meniscus,positive,degeneration,english,both_menisci,12,11,11,Detector participation counts can overlap.
mention,v2_exact,ACL,positive,degeneration,south_slavic,<no_explicit_rule>,12,12,12,Detector participation counts can overlap.
mention,v2_exact,Contusion,uncertain,abnormality,english,<no_explicit_rule>,12,8,8,Detector participation counts can overlap.
mention,v2_exact,Contusion,uncertain,fracture,english,<no_explicit_rule>,12,10,10,Detector participation counts can overlap.
mention,v2_exact,Lateral OA,negative,abnormality_absent,greek_script,<no_explicit_rule>,12,11,11,Detector participation counts can overlap.
mention,v2_exact,Medial Meniscus,uncertain,tear,south_slavic,<no_explicit_rule>,12,12,12,Detector participation counts can overlap.
mention,v2_exact,Medial OA,positive,degeneration,english,<no_explicit_rule>,12,9,9,Detector participation counts can overlap.
mention,v2_exact,Synovitis,uncertain,abnormality,english,<no_explicit_rule>,12,10,10,Detector participation counts can overlap.
mention,v3_target,ACL,negative,normal_structure,cyrillic_script,target_local_normality,12,12,12,Detector participation counts can overlap.
mention,v3_target,ACL,positive,avulsion,english,target_local_association,12,6,6,Detector participation counts can overlap.
mention,v3_target,Lateral OA,positive,chondral_abnormality,dutch,compartment_scope,12,10,10,Detector participation counts can overlap.
mention,v3_target,Medial Meniscus,positive,degeneration,spanish,target_local_association,12,8,8,Detector participation counts can overlap.
mention,v3_target,PF OA,negative,normal_cartilage,south_slavic,compartment_normality,12,12,12,Detector participation counts can overlap.
mention,v2_collective,Lateral Meniscus,negative,abnormality_absent,german,both_menisci,11,11,11,Detector participation counts can overlap.
mention,v2_collective,Lateral Meniscus,negative,abnormality_absent,latin_other,both_menisci_negative_only,11,11,11,Detector participation counts can overlap.
mention,v2_collective,Medial Meniscus,negative,abnormality_absent,german,both_menisci,11,11,11,Detector participation counts can overlap.
mention,v2_collective,Medial Meniscus,negative,abnormality_absent,latin_other,both_menisci_negative_only,11,11,11,Detector participation counts can overlap.
mention,v2_exact,Contusion,positive,fracture,spanish,<no_explicit_rule>,11,6,6,Detector participation counts can overlap.
mention,v2_exact,Contusion,positive,tear,english,<no_explicit_rule>,11,10,10,Detector participation counts can overlap.
mention,v2_exact,Effusion,positive,tear,french,<no_explicit_rule>,11,9,9,Detector participation counts can overlap.
mention,v2_exact,Fracture,negative,abnormality_absent,cyrillic_script,<no_explicit_rule>,11,10,10,Detector participation counts can overlap.
mention,v2_exact,Lateral Meniscus,positive,abnormality,dutch,<no_explicit_rule>,11,7,7,Detector participation counts can overlap.
mention,v2_exact,Lateral OA,negative,abnormality_absent,german,<no_explicit_rule>,11,11,11,Detector participation counts can overlap.
mention,v2_exact,Lateral OA,positive,chondral_abnormality,german,<no_explicit_rule>,11,11,11,Detector participation counts can overlap.
mention,v2_exact,MCL,negative,abnormality_absent,dutch,<no_explicit_rule>,11,10,10,Detector participation counts can overlap.
mention,v2_exact,Medial OA,positive,degeneration,greek_script,<no_explicit_rule>,11,11,11,Detector participation counts can overlap.
mention,v2_exact,Medial OA,positive,tear,greek_script,<no_explicit_rule>,11,10,10,Detector participation counts can overlap.
mention,v3_morphology,Baker's,positive,baker_cyst,dutch,baker_nl,11,8,8,Detector participation counts can overlap.
mention,v3_morphology,Contusion,positive,bone_contusion,south_slavic,contusion_sl,11,11,11,Detector participation counts can overlap.
mention,v3_morphology,Fracture,negative,fracture_absent,cyrillic_script,fracture_cyr,11,10,10,Detector participation counts can overlap.
mention,v3_target,ACL,negative,abnormality_absent,cyrillic_script,target_local_association,11,9,9,Detector participation counts can overlap.
mention,v3_target,Lateral Meniscus,positive,degeneration,french,target_local_association,11,10,10,Detector participation counts can overlap.
mention,v3_target,PF OA,positive,degeneration,turkish,compartment_scope,11,11,11,Detector participation counts can overlap.
mention,v2_collective,Lateral Meniscus,negative,abnormality_absent,cyrillic_script,both_menisci_negative_only,10,10,10,Detector participation counts can overlap.
mention,v2_collective,Lateral Meniscus,positive,tear,english,both_menisci,10,10,10,Detector participation counts can overlap.
mention,v2_collective,MCL,negative,abnormality_absent,latin_other,collateral_ligaments,10,10,10,Detector participation counts can overlap.
mention,v2_collective,Medial Meniscus,negative,abnormality_absent,cyrillic_script,both_menisci_negative_only,10,10,10,Detector participation counts can overlap.
mention,v2_collective,Medial Meniscus,positive,degeneration,turkish,both_menisci,10,9,9,Detector participation counts can overlap.
mention,v2_exact,ACL,positive,degeneration,dutch,<no_explicit_rule>,10,7,7,Detector participation counts can overlap.
mention,v2_exact,ACL,uncertain,tear,south_slavic,<no_explicit_rule>,10,10,10,Detector participation counts can overlap.
mention,v2_exact,Effusion,positive,tear,south_slavic,<no_explicit_rule>,10,10,10,Detector participation counts can overlap.
mention,v2_exact,Fracture,negative,abnormality_absent,dutch,<no_explicit_rule>,10,9,9,Detector participation counts can overlap.
mention,v2_exact,Lateral Meniscus,positive,degeneration,greek_script,<no_explicit_rule>,10,10,10,Detector participation counts can overlap.
mention,v2_exact,Lateral OA,positive,degeneration,english,<no_explicit_rule>,10,8,8,Detector participation counts can overlap.
mention,v2_exact,MCL,positive,sprain,greek_script,<no_explicit_rule>,10,9,9,Detector participation counts can overlap.
mention,v2_exact,MCL,positive,tear,turkish,<no_explicit_rule>,10,10,10,Detector participation counts can overlap.
mention,v2_exact,MCL,uncertain,tear,english,<no_explicit_rule>,10,8,8,Detector participation counts can overlap.
mention,v2_exact,Medial OA,positive,abnormality,turkish,<no_explicit_rule>,10,9,9,Detector participation counts can overlap.
mention,v2_exact,Medial OA,positive,chondral_abnormality,french,<no_explicit_rule>,10,9,9,Detector participation counts can overlap.
mention,v2_exact,PF OA,positive,chondral_abnormality,french,<no_explicit_rule>,10,9,9,Detector participation counts can overlap.
mention,v2_exact,PF OA,positive,chondral_abnormality,south_slavic,<no_explicit_rule>,10,10,10,Detector participation counts can overlap.
mention,v3_target,ACL,positive,degeneration,dutch,target_local_association,10,7,7,Detector participation counts can overlap.
mention,v3_target,Medial Meniscus,negative,normal_structure,french,target_local_normality,10,10,10,Detector participation counts can overlap.
mention,v3_target,Medial Meniscus,positive,extrusion,french,target_local_association,10,5,5,Detector participation counts can overlap.
mention,v3_target,Medial Meniscus,positive,extrusion,german,target_local_association,10,10,10,Detector participation counts can overlap.
mention,v2_collective,Lateral Meniscus,negative,abnormality_absent,south_slavic,both_menisci_negative_only,9,9,9,Detector participation counts can overlap.
mention,v2_collective,Lateral Meniscus,negative,abnormality_absent,spanish,both_menisci,9,9,9,Detector participation counts can overlap.
mention,v2_collective,Medial Meniscus,negative,abnormality_absent,south_slavic,both_menisci_negative_only,9,9,9,Detector participation counts can overlap.
mention,v2_collective,Medial OA,negative,abnormality_absent,greek_script,tibiofemoral_compartments,9,8,8,Detector participation counts can overlap.
mention,v2_collective,PF OA,negative,abnormality_absent,greek_script,tibiofemoral_compartments,9,8,8,Detector participation counts can overlap.
mention,v2_exact,ACL,positive,degeneration,cyrillic_script,<no_explicit_rule>,9,6,6,Detector participation counts can overlap.
mention,v2_exact,ACL,positive,sprain,english,<no_explicit_rule>,9,6,6,Detector participation counts can overlap.
mention,v2_exact,Fracture,negative,abnormality_absent,spanish,<no_explicit_rule>,9,6,6,Detector participation counts can overlap.
mention,v2_exact,Lateral OA,positive,chondral_abnormality,french,<no_explicit_rule>,9,9,9,Detector participation counts can overlap.
mention,v2_exact,MCL,uncertain,abnormality,english,<no_explicit_rule>,9,8,8,Detector participation counts can overlap.
mention,v3_target,ACL,positive,degeneration,cyrillic_script,target_local_association,9,6,6,Detector participation counts can overlap.
mention,v3_target,Lateral Meniscus,uncertain,tear,spanish,target_local_association,9,5,5,Detector participation counts can overlap.
mention,v3_target,Lateral OA,negative,chondral_abnormality_absent,german,compartment_scope,9,9,9,Detector participation counts can overlap.
mention,v3_target,MCL,negative,normal_structure,dutch,target_local_normality,9,9,9,Detector participation counts can overlap.
mention,v3_target,MCL,positive,tear,turkish,target_local_association,9,9,9,Detector participation counts can overlap.
mention,v3_target,Medial Meniscus,uncertain,tear,spanish,target_local_association,9,7,7,Detector participation counts can overlap.
mention,v2_collective,ACL,negative,abnormality_absent,turkish,cruciate_ligaments,8,8,8,Detector participation counts can overlap.
mention,v2_collective,Lateral OA,negative,abnormality_absent,latin_other,tibiofemoral_compartments,8,4,4,Detector participation counts can overlap.
mention,v2_collective,Medial Meniscus,negative,abnormality_absent,spanish,both_menisci,8,8,8,Detector participation counts can overlap.
mention,v2_collective,Medial OA,positive,chondral_abnormality,english,tibiofemoral_compartments,8,6,6,Detector participation counts can overlap.
mention,v2_exact,Baker's,negative,abnormality_absent,latin_other,<no_explicit_rule>,8,8,8,Detector participation counts can overlap.
mention,v2_exact,Effusion,uncertain,abnormality,english,<no_explicit_rule>,8,8,8,Detector participation counts can overlap.
mention,v2_exact,Lateral OA,positive,degeneration,greek_script,<no_explicit_rule>,8,8,8,Detector participation counts can overlap.
mention,v2_exact,MCL,positive,avulsion,english,<no_explicit_rule>,8,5,5,Detector participation counts can overlap.
mention,v2_exact,Medial Meniscus,positive,degeneration,spanish,<no_explicit_rule>,8,5,5,Detector participation counts can overlap.
mention,v2_exact,Medial OA,negative,abnormality_absent,spanish,<no_explicit_rule>,8,8,8,Detector participation counts can overlap.
mention,v2_exact,Synovitis,positive,chondral_abnormality,english,<no_explicit_rule>,8,8,8,Detector participation counts can overlap.
mention,v3_target,ACL,positive,sprain,turkish,target_local_association,8,7,7,Detector participation counts can overlap.
mention,v3_target,Lateral Meniscus,positive,degeneration,spanish,target_local_association,8,5,5,Detector participation counts can overlap.
mention,v3_target,MCL,positive,abnormality,french,target_local_association,8,4,4,Detector participation counts can overlap.
mention,v3_target,MCL,positive,avulsion,english,target_local_association,8,5,5,Detector participation counts can overlap.
mention,v3_target,Medial Meniscus,negative,normal_structure,south_slavic,target_local_normality,8,8,8,Detector participation counts can overlap.
mention,v3_target,Medial Meniscus,positive,degeneration,cyrillic_script,target_local_association,8,7,7,Detector participation counts can overlap.
mention,v3_target,Medial Meniscus,uncertain,degeneration,english,target_local_association,8,8,8,Detector participation counts can overlap.
mention,v3_target,Medial OA,negative,normal_cartilage,spanish,compartment_normality,8,8,8,Detector participation counts can overlap.
mention,v3_target,PF OA,negative,chondral_abnormality_absent,spanish,compartment_scope,8,8,8,Detector participation counts can overlap.
mention,v2_collective,ACL,negative,abnormality_absent,latin_other,cruciate_and_collateral_ligaments,7,7,7,Detector participation counts can overlap.
mention,v2_collective,MCL,negative,abnormality_absent,latin_other,cruciate_and_collateral_ligaments,7,7,7,Detector participation counts can overlap.
mention,v2_exact,ACL,negative,abnormality_absent,greek_script,<no_explicit_rule>,7,7,7,Detector participation counts can overlap.
mention,v2_exact,ACL,positive,avulsion,english,<no_explicit_rule>,7,5,5,Detector participation counts can overlap.
mention,v2_exact,Contusion,positive,abnormality,french,<no_explicit_rule>,7,5,5,Detector participation counts can overlap.
mention,v2_exact,Effusion,positive,chondral_abnormality,english,<no_explicit_rule>,7,7,7,Detector participation counts can overlap.
mention,v2_exact,Medial Meniscus,positive,extrusion,french,<no_explicit_rule>,7,5,5,Detector participation counts can overlap.
mention,v2_exact,Medial Meniscus,uncertain,tear,spanish,<no_explicit_rule>,7,7,7,Detector participation counts can overlap.
mention,v2_exact,Synovitis,positive,abnormality,dutch,<no_explicit_rule>,7,4,4,Detector participation counts can overlap.
mention,v3_morphology,Fracture,uncertain,fracture,south_slavic,fracture_sl,7,6,6,Detector participation counts can overlap.
mention,v3_target,ACL,positive,sprain,english,target_local_association,7,5,5,Detector participation counts can overlap.
mention,v3_target,Lateral Meniscus,positive,abnormality,german,target_local_association,7,7,7,Detector participation counts can overlap.
mention,v3_target,Lateral Meniscus,positive,extrusion,spanish,target_local_association,7,4,4,Detector participation counts can overlap.
mention,v3_target,Lateral OA,positive,chondral_abnormality,french,compartment_scope,7,7,7,Detector participation counts can overlap.
mention,v3_target,MCL,positive,abnormality,south_slavic,target_local_association,7,6,6,Detector participation counts can overlap.
mention,v3_target,MCL,positive,degeneration,english,target_local_association,7,5,5,Detector participation counts can overlap.
mention,v3_target,PF OA,positive,chondral_abnormality,latin_other,compartment_scope,7,5,5,Detector participation counts can overlap.
mention,v2_collective,Lateral Meniscus,negative,abnormality_absent,latin_other,both_menisci,6,6,6,Detector participation counts can overlap.
mention,v2_collective,Medial Meniscus,negative,abnormality_absent,latin_other,both_menisci,6,6,6,Detector participation counts can overlap.
mention,v2_collective,Medial Meniscus,negative,abnormality_absent,south_slavic,both_menisci,6,6,6,Detector participation counts can overlap.
mention,v2_collective,PF OA,positive,chondral_abnormality,english,tibiofemoral_compartments,6,4,4,Detector participation counts can overlap.
mention,v2_exact,Lateral Meniscus,negative,abnormality_absent,latin_other,<no_explicit_rule>,6,6,6,Detector participation counts can overlap.
mention,v2_exact,Lateral Meniscus,positive,degeneration,spanish,<no_explicit_rule>,6,4,4,Detector participation counts can overlap.
mention,v2_exact,Lateral Meniscus,positive,extrusion,spanish,<no_explicit_rule>,6,4,4,Detector participation counts can overlap.
mention,v2_exact,Lateral Meniscus,uncertain,tear,spanish,<no_explicit_rule>,6,5,5,Detector participation counts can overlap.
mention,v2_exact,Lateral OA,positive,tear,greek_script,<no_explicit_rule>,6,6,6,Detector participation counts can overlap.
mention,v2_exact,MCL,positive,abnormality,french,<no_explicit_rule>,6,4,4,Detector participation counts can overlap.
mention,v2_exact,MCL,positive,degeneration,english,<no_explicit_rule>,6,4,4,Detector participation counts can overlap.
mention,v2_exact,Medial Meniscus,positive,abnormality,german,<no_explicit_rule>,6,6,6,Detector participation counts can overlap.
mention,v2_exact,Medial Meniscus,positive,chondral_abnormality,cyrillic_script,<no_explicit_rule>,6,6,6,Detector participation counts can overlap.
mention,v2_exact,Medial OA,positive,chondral_abnormality,greek_script,<no_explicit_rule>,6,6,6,Detector participation counts can overlap.
mention,v2_exact,Medial OA,positive,degeneration,french,<no_explicit_rule>,6,5,5,Detector participation counts can overlap.
mention,v2_exact,PF OA,positive,degeneration,french,<no_explicit_rule>,6,5,5,Detector participation counts can overlap.
mention,v2_exact,Synovitis,positive,abnormality,latin_other,<no_explicit_rule>,6,2,2,Detector participation counts can overlap.
mention,v3_target,ACL,uncertain,degeneration,south_slavic,target_local_association,6,6,6,Detector participation counts can overlap.
mention,v3_target,ACL,uncertain,sprain,english,target_local_association,6,4,4,Detector participation counts can overlap.
mention,v3_target,Lateral Meniscus,negative,abnormality_absent,latin_other,target_local_association,6,6,6,Detector participation counts can overlap.
mention,v3_target,Lateral Meniscus,uncertain,degeneration,english,target_local_association,6,4,4,Detector participation counts can overlap.
mention,v3_target,MCL,positive,degeneration,south_slavic,target_local_association,6,6,6,Detector participation counts can overlap.
mention,v3_target,PF OA,negative,normal_cartilage,turkish,compartment_normality,6,6,6,Detector participation counts can overlap.
mention,v2_collective,ACL,negative,abnormality_absent,latin_other,cruciate_ligaments,5,5,5,Detector participation counts can overlap.
mention,v2_collective,Lateral Meniscus,negative,abnormality_absent,french,both_menisci_negative_only,5,5,5,Detector participation counts can overlap.
mention,v2_collective,Lateral Meniscus,negative,abnormality_absent,south_slavic,both_menisci,5,5,5,Detector participation counts can overlap.
mention,v2_collective,Medial Meniscus,negative,abnormality_absent,french,both_menisci_negative_only,5,5,5,Detector participation counts can overlap.
mention,v2_exact,ACL,negative,abnormality_absent,german,<no_explicit_rule>,5,5,5,Detector participation counts can overlap.
mention,v2_exact,ACL,negative,abnormality_absent,latin_other,<no_explicit_rule>,5,5,5,Detector participation counts can overlap.
mention,v2_exact,ACL,positive,degeneration,spanish,<no_explicit_rule>,5,4,4,Detector participation counts can overlap.
mention,v2_exact,Baker's,positive,tear,german,<no_explicit_rule>,5,5,5,Detector participation counts can overlap.
mention,v2_exact,Baker's,positive,tear,turkish,<no_explicit_rule>,5,5,5,Detector participation counts can overlap.
mention,v2_exact,Baker's,uncertain,abnormality,english,<no_explicit_rule>,5,4,4,Detector participation counts can overlap.
mention,v2_exact,Contusion,positive,tear,greek_script,<no_explicit_rule>,5,5,5,Detector participation counts can overlap.
mention,v2_exact,Effusion,positive,degeneration,greek_script,<no_explicit_rule>,5,4,4,Detector participation counts can overlap.
mention,v2_exact,Lateral Meniscus,positive,abnormality,german,<no_explicit_rule>,5,5,5,Detector participation counts can overlap.
mention,v2_exact,Lateral Meniscus,positive,degeneration,cyrillic_script,<no_explicit_rule>,5,3,3,Detector participation counts can overlap.
mention,v2_exact,MCL,negative,abnormality_absent,spanish,<no_explicit_rule>,5,5,5,Detector participation counts can overlap.
mention,v2_exact,MCL,positive,abnormality,south_slavic,<no_explicit_rule>,5,5,5,Detector participation counts can overlap.
mention,v2_exact,MCL,positive,tear,greek_script,<no_explicit_rule>,5,4,4,Detector participation counts can overlap.
mention,v2_exact,Medial Meniscus,positive,avulsion,english,<no_explicit_rule>,5,3,3,Detector participation counts can overlap.
mention,v2_exact,Medial Meniscus,positive,extrusion,greek_script,<no_explicit_rule>,5,5,5,Detector participation counts can overlap.
mention,v2_exact,Medial OA,negative,abnormality_absent,german,<no_explicit_rule>,5,5,5,Detector participation counts can overlap.
mention,v2_exact,Synovitis,negative,abnormality_absent,spanish,<no_explicit_rule>,5,5,5,Detector participation counts can overlap.
mention,v2_exact,Synovitis,positive,sprain,turkish,<no_explicit_rule>,5,5,5,Detector participation counts can overlap.
mention,v2_exact,Synovitis,positive,tear,english,<no_explicit_rule>,5,4,4,Detector participation counts can overlap.
mention,v3_target,ACL,negative,abnormality_absent,french,target_local_association,5,4,4,Detector participation counts can overlap.
mention,v3_target,ACL,negative,abnormality_absent,greek_script,target_local_association,5,5,5,Detector participation counts can overlap.
mention,v3_target,ACL,negative,normal_structure,spanish,target_local_normality,5,4,4,Detector participation counts can overlap.
mention,v3_target,ACL,positive,abnormality,spanish,target_local_association,5,2,2,Detector participation counts can overlap.
mention,v3_target,ACL,positive,degeneration,spanish,target_local_association,5,4,4,Detector participation counts can overlap.
mention,v3_target,Lateral Meniscus,uncertain,abnormality,english,target_local_association,5,4,4,Detector participation counts can overlap.
mention,v3_target,Lateral Meniscus,uncertain,tear,south_slavic,target_local_association,5,5,5,Detector participation counts can overlap.
mention,v3_target,MCL,negative,normal_structure,greek_script,target_local_normality,5,3,3,Detector participation counts can overlap.
mention,v3_target,Medial Meniscus,negative,abnormality_absent,greek_script,target_local_association,5,5,5,Detector participation counts can overlap.
mention,v3_target,Medial Meniscus,negative,normal_structure,spanish,target_local_normality,5,5,5,Detector participation counts can overlap.
mention,v3_target,Medial Meniscus,positive,avulsion,english,target_local_association,5,3,3,Detector participation counts can overlap.
mention,v3_target,Medial Meniscus,positive,extrusion,greek_script,target_local_association,5,5,5,Detector participation counts can overlap.
mention,v3_target,Medial Meniscus,uncertain,abnormality,english,target_local_association,5,4,4,Detector participation counts can overlap.
mention,v2_collective,Lateral Meniscus,negative,abnormality_absent,french,both_menisci,4,4,4,Detector participation counts can overlap.
mention,v2_collective,Medial Meniscus,negative,abnormality_absent,french,both_menisci,4,4,4,Detector participation counts can overlap.
mention,v2_collective,Medial OA,negative,abnormality_absent,latin_other,tibiofemoral_compartments,4,4,4,Detector participation counts can overlap.
mention,v2_collective,Medial OA,positive,abnormality,english,tibiofemoral_compartments,4,4,4,Detector participation counts can overlap.
mention,v2_exact,ACL,uncertain,abnormality,english,<no_explicit_rule>,4,4,4,Detector participation counts can overlap.
mention,v2_exact,ACL,uncertain,degeneration,english,<no_explicit_rule>,4,3,3,Detector participation counts can overlap.
mention,v2_exact,Baker's,positive,abnormality,latin_other,<no_explicit_rule>,4,1,1,Detector participation counts can overlap.
mention,v2_exact,Baker's,uncertain,tear,english,<no_explicit_rule>,4,3,3,Detector participation counts can overlap.
mention,v2_exact,Contusion,positive,abnormality,dutch,<no_explicit_rule>,4,4,4,Detector participation counts can overlap.
mention,v2_exact,Contusion,positive,sprain,greek_script,<no_explicit_rule>,4,4,4,Detector participation counts can overlap.
mention,v2_exact,Effusion,positive,degeneration,dutch,<no_explicit_rule>,4,4,4,Detector participation counts can overlap.
mention,v2_exact,Fracture,uncertain,fracture,spanish,<no_explicit_rule>,4,2,2,Detector participation counts can overlap.
mention,v2_exact,Lateral Meniscus,positive,degeneration,french,<no_explicit_rule>,4,3,3,Detector participation counts can overlap.
mention,v2_exact,Lateral Meniscus,positive,degeneration,german,<no_explicit_rule>,4,4,4,Detector participation counts can overlap.
mention,v2_exact,Lateral Meniscus,positive,degeneration,south_slavic,<no_explicit_rule>,4,4,4,Detector participation counts can overlap.
mention,v2_exact,Lateral Meniscus,uncertain,abnormality,english,<no_explicit_rule>,4,3,3,Detector participation counts can overlap.
mention,v2_exact,Lateral OA,negative,abnormality_absent,french,<no_explicit_rule>,4,4,4,Detector participation counts can overlap.
mention,v2_exact,Lateral OA,positive,chondral_abnormality,greek_script,<no_explicit_rule>,4,4,4,Detector participation counts can overlap.
mention,v2_exact,MCL,positive,degeneration,south_slavic,<no_explicit_rule>,4,4,4,Detector participation counts can overlap.
mention,v2_exact,MCL,uncertain,avulsion,english,<no_explicit_rule>,4,3,3,Detector participation counts can overlap.
mention,v2_exact,Medial Meniscus,positive,extrusion,german,<no_explicit_rule>,4,4,4,Detector participation counts can overlap.
mention,v2_exact,Medial Meniscus,positive,extrusion,spanish,<no_explicit_rule>,4,2,2,Detector participation counts can overlap.
mention,v2_exact,Medial Meniscus,positive,fracture,greek_script,<no_explicit_rule>,4,4,4,Detector participation counts can overlap.
mention,v2_exact,Medial Meniscus,uncertain,abnormality,spanish,<no_explicit_rule>,4,4,4,Detector participation counts can overlap.
mention,v2_exact,PF OA,positive,chondral_abnormality,latin_other,<no_explicit_rule>,4,3,3,Detector participation counts can overlap.
mention,v2_exact,Synovitis,positive,abnormality,german,<no_explicit_rule>,4,4,4,Detector participation counts can overlap.
mention,v2_exact,Synovitis,positive,abnormality,south_slavic,<no_explicit_rule>,4,4,4,Detector participation counts can overlap.
mention,v3_morphology,Fracture,uncertain,fracture,turkish,fracture_tr,4,4,4,Detector participation counts can overlap.
mention,v3_target,ACL,negative,normal_structure,german,target_local_normality,4,4,4,Detector participation counts can overlap.
mention,v3_target,ACL,negative,normal_structure,latin_other,target_local_normality,4,4,4,Detector participation counts can overlap.
mention,v3_target,ACL,positive,abnormality,latin_other,target_local_association,4,3,3,Detector participation counts can overlap.
mention,v3_target,ACL,positive,abnormality,turkish,target_local_association,4,4,4,Detector participation counts can overlap.
mention,v3_target,ACL,positive,avulsion,french,target_local_association,4,1,1,Detector participation counts can overlap.
mention,v3_target,Lateral Meniscus,negative,normal_structure,spanish,target_local_normality,4,4,4,Detector participation counts can overlap.
mention,v3_target,Lateral Meniscus,positive,extrusion,english,target_local_association,4,4,4,Detector participation counts can overlap.
mention,v3_target,Lateral Meniscus,positive,extrusion,german,target_local_association,4,4,4,Detector participation counts can overlap.
mention,v3_target,Lateral Meniscus,uncertain,tear,turkish,target_local_association,4,4,4,Detector participation counts can overlap.
mention,v3_target,Lateral OA,negative,chondral_abnormality_absent,greek_script,compartment_scope,4,4,4,Detector participation counts can overlap.
mention,v3_target,Lateral OA,negative,normal_cartilage,french,compartment_normality,4,4,4,Detector participation counts can overlap.
mention,v3_target,Lateral OA,negative,normal_cartilage,german,compartment_normality,4,4,4,Detector participation counts can overlap.
mention,v3_target,MCL,positive,tear,greek_script,target_local_association,4,3,3,Detector participation counts can overlap.
mention,v3_target,Medial Meniscus,negative,abnormality_absent,french,target_local_association,4,4,4,Detector participation counts can overlap.
mention,v3_target,Medial Meniscus,positive,extrusion,spanish,target_local_association,4,2,2,Detector participation counts can overlap.
mention,v3_target,Medial Meniscus,uncertain,abnormality,spanish,target_local_association,4,4,4,Detector participation counts can overlap.
mention,v3_target,Medial OA,negative,chondral_abnormality_absent,german,compartment_scope,4,4,4,Detector participation counts can overlap.
mention,v3_target,Medial OA,positive,chondral_abnormality,cyrillic_script,compartment_scope,4,4,4,Detector participation counts can overlap.
mention,v3_target,PF OA,negative,normal_cartilage,dutch,compartment_normality,4,4,4,Detector participation counts can overlap.
mention,v2_collective,Lateral Meniscus,positive,degeneration,english,both_menisci,3,3,3,Detector participation counts can overlap.
mention,v2_collective,Lateral Meniscus,positive,degeneration,spanish,both_menisci,3,2,2,Detector participation counts can overlap.
mention,v2_collective,Lateral Meniscus,positive,tear,greek_script,both_menisci,3,3,3,Detector participation counts can overlap.
mention,v2_collective,Lateral Meniscus,positive,tear,south_slavic,both_menisci,3,3,3,Detector participation counts can overlap.
mention,v2_collective,Lateral OA,positive,abnormality,english,tibiofemoral_compartments,3,2,2,Detector participation counts can overlap.
mention,v2_collective,Lateral OA,positive,chondral_abnormality,english,lateral_and_patellofemoral_compartments,3,3,3,Detector participation counts can overlap.
mention,v2_collective,Medial Meniscus,positive,tear,greek_script,both_menisci,3,3,3,Detector participation counts can overlap.
mention,v2_collective,Medial OA,negative,abnormality_absent,english,tibiofemoral_compartments,3,3,3,Detector participation counts can overlap.
mention,v2_exact,ACL,positive,fracture,english,<no_explicit_rule>,3,2,2,Detector participation counts can overlap.
mention,v2_exact,ACL,uncertain,sprain,english,<no_explicit_rule>,3,3,3,Detector participation counts can overlap.
mention,v2_exact,Baker's,negative,abnormality_absent,german,<no_explicit_rule>,3,3,3,Detector participation counts can overlap.
mention,v2_exact,Baker's,positive,chondral_abnormality,english,<no_explicit_rule>,3,3,3,Detector participation counts can overlap.
mention,v2_exact,Baker's,positive,degeneration,dutch,<no_explicit_rule>,3,3,3,Detector participation counts can overlap.
mention,v2_exact,Contusion,positive,chondral_abnormality,german,<no_explicit_rule>,3,3,3,Detector participation counts can overlap.
mention,v2_exact,Contusion,positive,fracture,german,<no_explicit_rule>,3,3,3,Detector participation counts can overlap.
mention,v2_exact,Contusion,positive,fracture,greek_script,<no_explicit_rule>,3,3,3,Detector participation counts can overlap.
mention,v2_exact,Effusion,negative,abnormality_absent,latin_other,<no_explicit_rule>,3,3,3,Detector participation counts can overlap.
mention,v2_exact,Effusion,uncertain,abnormality,dutch,<no_explicit_rule>,3,3,3,Detector participation counts can overlap.
mention,v2_exact,Effusion,uncertain,abnormality,south_slavic,<no_explicit_rule>,3,3,3,Detector participation counts can overlap.
mention,v2_exact,Fracture,negative,abnormality_absent,greek_script,<no_explicit_rule>,3,3,3,Detector participation counts can overlap.
mention,v2_exact,Fracture,negative,abnormality_absent,latin_other,<no_explicit_rule>,3,3,3,Detector participation counts can overlap.
mention,v2_exact,Fracture,negative,abnormality_absent,south_slavic,<no_explicit_rule>,3,3,3,Detector participation counts can overlap.
mention,v2_exact,Fracture,positive,avulsion,french,<no_explicit_rule>,3,1,1,Detector participation counts can overlap.
mention,v2_exact,Fracture,positive,chondral_abnormality,dutch,<no_explicit_rule>,3,3,3,Detector participation counts can overlap.
mention,v2_exact,Fracture,uncertain,avulsion,english,<no_explicit_rule>,3,3,3,Detector participation counts can overlap.
mention,v2_exact,Fracture,uncertain,fracture,south_slavic,<no_explicit_rule>,3,3,3,Detector participation counts can overlap.
mention,v2_exact,Fracture,uncertain,fracture,turkish,<no_explicit_rule>,3,3,3,Detector participation counts can overlap.
mention,v2_exact,Lateral Meniscus,positive,chondral_abnormality,cyrillic_script,<no_explicit_rule>,3,3,3,Detector participation counts can overlap.
mention,v2_exact,Lateral Meniscus,positive,extrusion,english,<no_explicit_rule>,3,3,3,Detector participation counts can overlap.
mention,v2_exact,Lateral Meniscus,positive,sprain,turkish,<no_explicit_rule>,3,3,3,Detector participation counts can overlap.
mention,v2_exact,Lateral Meniscus,positive,tear,cyrillic_script,<no_explicit_rule>,3,3,3,Detector participation counts can overlap.
mention,v2_exact,Lateral OA,negative,abnormality_absent,cyrillic_script,<no_explicit_rule>,3,3,3,Detector participation counts can overlap.
mention,v2_exact,MCL,negative,abnormality_absent,greek_script,<no_explicit_rule>,3,3,3,Detector participation counts can overlap.
mention,v2_exact,MCL,negative,abnormality_absent,latin_other,<no_explicit_rule>,3,3,3,Detector participation counts can overlap.
mention,v2_exact,MCL,positive,abnormality,spanish,<no_explicit_rule>,3,2,2,Detector participation counts can overlap.
mention,v2_exact,MCL,positive,sprain,dutch,<no_explicit_rule>,3,3,3,Detector participation counts can overlap.
mention,v2_exact,MCL,positive,tear,german,<no_explicit_rule>,3,3,3,Detector participation counts can overlap.
mention,v2_exact,Medial Meniscus,positive,extrusion,turkish,<no_explicit_rule>,3,3,3,Detector participation counts can overlap.
mention,v2_exact,Medial OA,negative,abnormality_absent,french,<no_explicit_rule>,3,3,3,Detector participation counts can overlap.
mention,v2_exact,Medial OA,positive,chondral_abnormality,dutch,<no_explicit_rule>,3,3,3,Detector participation counts can overlap.
mention,v2_exact,Medial OA,positive,chondral_abnormality,latin_other,<no_explicit_rule>,3,2,2,Detector participation counts can overlap.
mention,v2_exact,Medial OA,positive,fracture,english,<no_explicit_rule>,3,2,2,Detector participation counts can overlap.
mention,v2_exact,PF OA,negative,abnormality_absent,latin_other,<no_explicit_rule>,3,3,3,Detector participation counts can overlap.
mention,v2_exact,PF OA,positive,abnormality,french,<no_explicit_rule>,3,3,3,Detector participation counts can overlap.
mention,v2_exact,PF OA,uncertain,chondral_abnormality,english,<no_explicit_rule>,3,3,3,Detector participation counts can overlap.
mention,v2_exact,Synovitis,positive,chondral_abnormality,greek_script,<no_explicit_rule>,3,3,3,Detector participation counts can overlap.
mention,v2_exact,Synovitis,positive,degeneration,greek_script,<no_explicit_rule>,3,3,3,Detector participation counts can overlap.
mention,v2_exact,Synovitis,positive,tear,french,<no_explicit_rule>,3,3,3,Detector participation counts can overlap.
mention,v2_exact,Synovitis,positive,tear,turkish,<no_explicit_rule>,3,3,3,Detector participation counts can overlap.
mention,v3_morphology,Contusion,uncertain,bone_contusion,turkish,contusion_tr,3,3,3,Detector participation counts can overlap.
mention,v3_morphology,Fracture,negative,fracture_absent,greek_script,fracture_el,3,3,3,Detector participation counts can overlap.
mention,v3_morphology,Fracture,negative,fracture_absent,south_slavic,fracture_sl,3,3,3,Detector participation counts can overlap.
mention,v3_morphology,Synovitis,positive,synovitis,south_slavic,synovitis_sl,3,3,3,Detector participation counts can overlap.
mention,v3_target,ACL,uncertain,degeneration,turkish,target_local_association,3,3,3,Detector participation counts can overlap.
mention,v3_target,Lateral Meniscus,negative,abnormality_absent,dutch,target_local_association,3,3,3,Detector participation counts can overlap.
mention,v3_target,Lateral Meniscus,positive,tear,cyrillic_script,target_local_association,3,3,3,Detector participation counts can overlap.
mention,v3_target,Lateral Meniscus,uncertain,degeneration,german,target_local_association,3,3,3,Detector participation counts can overlap.
mention,v3_target,Lateral OA,negative,normal_cartilage,cyrillic_script,compartment_normality,3,3,3,Detector participation counts can overlap.
mention,v3_target,Lateral OA,negative,normal_cartilage,greek_script,compartment_normality,3,3,3,Detector participation counts can overlap.
mention,v3_target,MCL,negative,abnormality_absent,spanish,target_local_association,3,3,3,Detector participation counts can overlap.
mention,v3_target,MCL,negative,normal_structure,latin_other,target_local_normality,3,3,3,Detector participation counts can overlap.
mention,v3_target,MCL,positive,abnormality,spanish,target_local_association,3,2,2,Detector participation counts can overlap.
mention,v3_target,MCL,positive,sprain,dutch,target_local_association,3,3,3,Detector participation counts can overlap.
mention,v3_target,MCL,positive,sprain,latin_other,target_local_association,3,2,2,Detector participation counts can overlap.
mention,v3_target,MCL,uncertain,avulsion,english,target_local_association,3,2,2,Detector participation counts can overlap.
mention,v3_target,Medial Meniscus,negative,abnormality_absent,cyrillic_script,target_local_association,3,3,3,Detector participation counts can overlap.
mention,v3_target,Medial Meniscus,uncertain,abnormality,dutch,target_local_association,3,3,3,Detector participation counts can overlap.
mention,v3_target,Medial Meniscus,uncertain,degeneration,german,target_local_association,3,3,3,Detector participation counts can overlap.
mention,v3_target,Medial OA,negative,normal_cartilage,dutch,compartment_normality,3,3,3,Detector participation counts can overlap.
mention,v3_target,Medial OA,negative,normal_cartilage,french,compartment_normality,3,3,3,Detector participation counts can overlap.
mention,v3_target,Medial OA,negative,normal_cartilage,german,compartment_normality,3,3,3,Detector participation counts can overlap.
mention,v3_target,Medial OA,negative,normal_cartilage,greek_script,compartment_normality,3,3,3,Detector participation counts can overlap.
mention,v2_collective,Lateral Meniscus,negative,abnormality_absent,turkish,both_menisci_negative_only,2,2,2,Detector participation counts can overlap.
mention,v2_collective,Lateral OA,positive,tear,english,lateral_and_patellofemoral_compartments,2,1,1,Detector participation counts can overlap.
mention,v2_collective,Medial Meniscus,negative,abnormality_absent,turkish,both_menisci_negative_only,2,2,2,Detector participation counts can overlap.
mention,v2_collective,Medial Meniscus,positive,avulsion,english,both_menisci,2,1,1,Detector participation counts can overlap.
mention,v2_collective,Medial Meniscus,positive,tear,south_slavic,both_menisci,2,2,2,Detector participation counts can overlap.
mention,v2_collective,Medial Meniscus,positive,tear,spanish,both_menisci,2,1,1,Detector participation counts can overlap.
mention,v2_collective,Medial Meniscus,uncertain,tear,english,both_menisci,2,2,2,Detector participation counts can overlap.
mention,v2_collective,Medial OA,positive,chondral_abnormality,south_slavic,tibiofemoral_compartments,2,2,2,Detector participation counts can overlap.
mention,v2_collective,PF OA,positive,tear,english,lateral_and_patellofemoral_compartments,2,1,1,Detector participation counts can overlap.
mention,v2_exact,ACL,positive,abnormality,latin_other,<no_explicit_rule>,2,2,2,Detector participation counts can overlap.
mention,v2_exact,ACL,positive,abnormality,spanish,<no_explicit_rule>,2,1,1,Detector participation counts can overlap.
mention,v2_exact,ACL,positive,fracture,spanish,<no_explicit_rule>,2,1,1,Detector participation counts can overlap.
mention,v2_exact,Baker's,positive,chondral_abnormality,french,<no_explicit_rule>,2,1,1,Detector participation counts can overlap.
mention,v2_exact,Baker's,positive,tear,dutch,<no_explicit_rule>,2,2,2,Detector participation counts can overlap.
mention,v2_exact,Baker's,uncertain,tear,spanish,<no_explicit_rule>,2,2,2,Detector participation counts can overlap.
mention,v2_exact,Contusion,positive,abnormality,south_slavic,<no_explicit_rule>,2,2,2,Detector participation counts can overlap.
mention,v2_exact,Effusion,negative,abnormality_absent,french,<no_explicit_rule>,2,2,2,Detector participation counts can overlap.
mention,v2_exact,Effusion,positive,chondral_abnormality,cyrillic_script,<no_explicit_rule>,2,2,2,Detector participation counts can overlap.
mention,v2_exact,Effusion,positive,chondral_abnormality,south_slavic,<no_explicit_rule>,2,2,2,Detector participation counts can overlap.
mention,v2_exact,Effusion,positive,degeneration,south_slavic,<no_explicit_rule>,2,2,2,Detector participation counts can overlap.
mention,v2_exact,Effusion,uncertain,tear,south_slavic,<no_explicit_rule>,2,2,2,Detector participation counts can overlap.
mention,v2_exact,Fracture,positive,avulsion,spanish,<no_explicit_rule>,2,1,1,Detector participation counts can overlap.
mention,v2_exact,Fracture,positive,fracture,latin_other,<no_explicit_rule>,2,1,1,Detector participation counts can overlap.
mention,v2_exact,Lateral Meniscus,positive,avulsion,english,<no_explicit_rule>,2,1,1,Detector participation counts can overlap.
mention,v2_exact,Lateral Meniscus,positive,tear,dutch,<no_explicit_rule>,2,1,1,Detector participation counts can overlap.
mention,v2_exact,Lateral Meniscus,uncertain,tear,south_slavic,<no_explicit_rule>,2,2,2,Detector participation counts can overlap.
mention,v2_exact,Lateral OA,positive,abnormality,greek_script,<no_explicit_rule>,2,2,2,Detector participation counts can overlap.
mention,v2_exact,Lateral OA,positive,chondral_abnormality,latin_other,<no_explicit_rule>,2,2,2,Detector participation counts can overlap.
mention,v2_exact,Lateral OA,positive,chondral_abnormality,turkish,<no_explicit_rule>,2,2,2,Detector participation counts can overlap.
mention,v2_exact,Lateral OA,positive,tear,english,<no_explicit_rule>,2,2,2,Detector participation counts can overlap.
mention,v2_exact,MCL,positive,abnormality,german,<no_explicit_rule>,2,2,2,Detector participation counts can overlap.
mention,v2_exact,Medial Meniscus,negative,abnormality_absent,latin_other,<no_explicit_rule>,2,2,2,Detector participation counts can overlap.
mention,v2_exact,Medial Meniscus,positive,degeneration,south_slavic,<no_explicit_rule>,2,2,2,Detector participation counts can overlap.
mention,v2_exact,Medial Meniscus,positive,fracture,english,<no_explicit_rule>,2,2,2,Detector participation counts can overlap.
mention,v2_exact,Medial Meniscus,positive,fracture,spanish,<no_explicit_rule>,2,2,2,Detector participation counts can overlap.
mention,v2_exact,Medial Meniscus,uncertain,abnormality,english,<no_explicit_rule>,2,2,2,Detector participation counts can overlap.
mention,v2_exact,Medial Meniscus,uncertain,abnormality,french,<no_explicit_rule>,2,1,1,Detector participation counts can overlap.
mention,v2_exact,Medial Meniscus,uncertain,chondral_abnormality,dutch,<no_explicit_rule>,2,2,2,Detector participation counts can overlap.
mention,v2_exact,Medial OA,positive,abnormality,french,<no_explicit_rule>,2,2,2,Detector participation counts can overlap.
mention,v2_exact,Medial OA,positive,abnormality,greek_script,<no_explicit_rule>,2,2,2,Detector participation counts can overlap.
mention,v2_exact,Medial OA,positive,degeneration,dutch,<no_explicit_rule>,2,2,2,Detector participation counts can overlap.
mention,v2_exact,Medial OA,positive,degeneration,german,<no_explicit_rule>,2,2,2,Detector participation counts can overlap.
mention,v2_exact,Medial OA,positive,tear,turkish,<no_explicit_rule>,2,2,2,Detector participation counts can overlap.
mention,v2_exact,PF OA,negative,abnormality_absent,turkish,<no_explicit_rule>,2,2,2,Detector participation counts can overlap.
mention,v2_exact,PF OA,positive,abnormality,south_slavic,<no_explicit_rule>,2,2,2,Detector participation counts can overlap.
mention,v2_exact,PF OA,positive,tear,turkish,<no_explicit_rule>,2,2,2,Detector participation counts can overlap.
mention,v2_exact,Synovitis,negative,abnormality_absent,latin_other,<no_explicit_rule>,2,2,2,Detector participation counts can overlap.
mention,v2_exact,Synovitis,uncertain,abnormality,german,<no_explicit_rule>,2,1,1,Detector participation counts can overlap.
mention,v3_morphology,Fracture,positive,fracture,german,fracture_de,2,2,2,Detector participation counts can overlap.
mention,v3_morphology,Synovitis,uncertain,synovitis,german,synovitis_de,2,1,1,Detector participation counts can overlap.
mention,v3_target,ACL,negative,abnormality_absent,turkish,target_local_association,2,2,2,Detector participation counts can overlap.
mention,v3_target,ACL,positive,degeneration,french,target_local_association,2,2,2,Detector participation counts can overlap.
mention,v3_target,ACL,positive,degeneration,german,target_local_association,2,2,2,Detector participation counts can overlap.
mention,v3_target,ACL,positive,sprain,south_slavic,target_local_association,2,2,2,Detector participation counts can overlap.
mention,v3_target,ACL,uncertain,abnormality,dutch,target_local_association,2,2,2,Detector participation counts can overlap.
mention,v3_target,ACL,uncertain,tear,spanish,target_local_association,2,1,1,Detector participation counts can overlap.
mention,v3_target,Lateral Meniscus,negative,abnormality_absent,german,target_local_association,2,2,2,Detector participation counts can overlap.
mention,v3_target,Lateral Meniscus,positive,avulsion,english,target_local_association,2,1,1,Detector participation counts can overlap.
mention,v3_target,Lateral Meniscus,positive,extrusion,dutch,target_local_association,2,2,2,Detector participation counts can overlap.
mention,v3_target,Lateral Meniscus,positive,extrusion,greek_script,target_local_association,2,2,2,Detector participation counts can overlap.
mention,v3_target,Lateral Meniscus,positive,tear,dutch,target_local_association,2,1,1,Detector participation counts can overlap.
mention,v3_target,Lateral OA,negative,normal_cartilage,dutch,compartment_normality,2,2,2,Detector participation counts can overlap.
mention,v3_target,Lateral OA,positive,chondral_abnormality,turkish,compartment_scope,2,2,2,Detector participation counts can overlap.
mention,v3_target,Lateral OA,positive,degeneration,turkish,compartment_scope,2,2,2,Detector participation counts can overlap.
mention,v3_target,MCL,negative,abnormality_absent,dutch,target_local_association,2,1,1,Detector participation counts can overlap.
mention,v3_target,MCL,negative,normal_structure,spanish,target_local_normality,2,2,2,Detector participation counts can overlap.
mention,v3_target,MCL,positive,abnormality,german,target_local_association,2,2,2,Detector participation counts can overlap.
mention,v3_target,MCL,positive,tear,german,target_local_association,2,2,2,Detector participation counts can overlap.
mention,v3_target,MCL,uncertain,degeneration,english,target_local_association,2,2,2,Detector participation counts can overlap.
mention,v3_target,MCL,uncertain,sprain,english,target_local_association,2,2,2,Detector participation counts can overlap.
mention,v3_target,MCL,uncertain,sprain,south_slavic,target_local_association,2,1,1,Detector participation counts can overlap.
mention,v3_target,MCL,uncertain,sprain,spanish,target_local_association,2,1,1,Detector participation counts can overlap.
mention,v3_target,MCL,uncertain,tear,south_slavic,target_local_association,2,2,2,Detector participation counts can overlap.
mention,v3_target,Medial Meniscus,negative,abnormality_absent,dutch,target_local_association,2,2,2,Detector participation counts can overlap.
mention,v3_target,Medial Meniscus,positive,abnormality,south_slavic,target_local_association,2,2,2,Detector participation counts can overlap.
mention,v3_target,Medial Meniscus,positive,extrusion,turkish,target_local_association,2,2,2,Detector participation counts can overlap.
mention,v3_target,Medial Meniscus,uncertain,abnormality,french,target_local_association,2,1,1,Detector participation counts can overlap.
mention,v3_target,Medial Meniscus,uncertain,abnormality,german,target_local_association,2,2,2,Detector participation counts can overlap.
mention,v3_target,Medial Meniscus,uncertain,abnormality,turkish,target_local_association,2,2,2,Detector participation counts can overlap.
mention,v3_target,Medial Meniscus,uncertain,degeneration,south_slavic,target_local_association,2,2,2,Detector participation counts can overlap.
mention,v3_target,Medial Meniscus,uncertain,sprain,south_slavic,target_local_association,2,2,2,Detector participation counts can overlap.
mention,v3_target,Medial Meniscus,uncertain,tear,turkish,target_local_association,2,2,2,Detector participation counts can overlap.
mention,v3_target,Medial OA,positive,chondral_abnormality,latin_other,compartment_scope,2,1,1,Detector participation counts can overlap.
mention,v3_target,Medial OA,uncertain,chondral_abnormality,english,compartment_scope,2,2,2,Detector participation counts can overlap.
mention,v3_target,PF OA,negative,chondral_abnormality_absent,greek_script,compartment_scope,2,2,2,Detector participation counts can overlap.
mention,v3_target,PF OA,negative,normal_cartilage,greek_script,compartment_normality,2,2,2,Detector participation counts can overlap.
mention,v3_target,PF OA,negative,normal_cartilage,latin_other,compartment_normality,2,2,2,Detector participation counts can overlap.
mention,v3_target,PF OA,positive,degeneration,english,compartment_scope,2,2,2,Detector participation counts can overlap.
mention,v3_target,PF OA,uncertain,chondral_abnormality,dutch,compartment_scope,2,2,2,Detector participation counts can overlap.
mention,v2_collective,Lateral Meniscus,positive,degeneration,south_slavic,both_menisci,1,1,1,Detector participation counts can overlap.
mention,v2_collective,Lateral Meniscus,positive,tear,latin_other,both_menisci,1,1,1,Detector participation counts can overlap.
mention,v2_collective,Lateral OA,positive,chondral_abnormality,english,tibiofemoral_compartments,1,1,1,Detector participation counts can overlap.
mention,v2_collective,Medial Meniscus,positive,degeneration,south_slavic,both_menisci,1,1,1,Detector participation counts can overlap.
mention,v2_collective,Medial Meniscus,positive,sprain,turkish,both_menisci,1,1,1,Detector participation counts can overlap.
mention,v2_collective,Medial Meniscus,positive,tear,latin_other,both_menisci,1,1,1,Detector participation counts can overlap.
mention,v2_collective,Medial Meniscus,positive,tear,turkish,both_menisci,1,1,1,Detector participation counts can overlap.
mention,v2_collective,Medial OA,positive,abnormality,greek_script,tibiofemoral_compartments,1,1,1,Detector participation counts can overlap.
mention,v2_collective,Medial OA,positive,chondral_abnormality,greek_script,tibiofemoral_compartments,1,1,1,Detector participation counts can overlap.
mention,v2_collective,Medial OA,positive,degeneration,english,tibiofemoral_compartments,1,1,1,Detector participation counts can overlap.
mention,v2_collective,Medial OA,positive,tear,greek_script,tibiofemoral_compartments,1,1,1,Detector participation counts can overlap.
mention,v2_collective,PF OA,positive,abnormality,english,tibiofemoral_compartments,1,1,1,Detector participation counts can overlap.
mention,v2_collective,PF OA,positive,abnormality,greek_script,tibiofemoral_compartments,1,1,1,Detector participation counts can overlap.
mention,v2_collective,PF OA,positive,chondral_abnormality,greek_script,tibiofemoral_compartments,1,1,1,Detector participation counts can overlap.
mention,v2_collective,PF OA,positive,chondral_abnormality,south_slavic,tibiofemoral_compartments,1,1,1,Detector participation counts can overlap.
mention,v2_collective,PF OA,positive,degeneration,english,tibiofemoral_compartments,1,1,1,Detector participation counts can overlap.
mention,v2_collective,PF OA,positive,tear,greek_script,tibiofemoral_compartments,1,1,1,Detector participation counts can overlap.
mention,v2_exact,ACL,positive,abnormality,turkish,<no_explicit_rule>,1,1,1,Detector participation counts can overlap.
mention,v2_exact,ACL,positive,avulsion,latin_other,<no_explicit_rule>,1,1,1,Detector participation counts can overlap.
mention,v2_exact,ACL,positive,degeneration,german,<no_explicit_rule>,1,1,1,Detector participation counts can overlap.
mention,v2_exact,ACL,positive,fracture,turkish,<no_explicit_rule>,1,1,1,Detector participation counts can overlap.
mention,v2_exact,ACL,positive,sprain,dutch,<no_explicit_rule>,1,1,1,Detector participation counts can overlap.
mention,v2_exact,ACL,positive,tear,german,<no_explicit_rule>,1,1,1,Detector participation counts can overlap.
mention,v2_exact,ACL,uncertain,abnormality,dutch,<no_explicit_rule>,1,1,1,Detector participation counts can overlap.
mention,v2_exact,ACL,uncertain,abnormality,french,<no_explicit_rule>,1,1,1,Detector participation counts can overlap.
mention,v2_exact,ACL,uncertain,degeneration,south_slavic,<no_explicit_rule>,1,1,1,Detector participation counts can overlap.
mention,v2_exact,ACL,uncertain,fracture,english,<no_explicit_rule>,1,1,1,Detector participation counts can overlap.
mention,v2_exact,ACL,uncertain,fracture,spanish,<no_explicit_rule>,1,1,1,Detector participation counts can overlap.
mention,v2_exact,Baker's,positive,chondral_abnormality,dutch,<no_explicit_rule>,1,1,1,Detector participation counts can overlap.
mention,v2_exact,Baker's,positive,chondral_abnormality,german,<no_explicit_rule>,1,1,1,Detector participation counts can overlap.
mention,v2_exact,Baker's,positive,chondral_abnormality,greek_script,<no_explicit_rule>,1,1,1,Detector participation counts can overlap.
mention,v2_exact,Baker's,positive,chondral_abnormality,south_slavic,<no_explicit_rule>,1,1,1,Detector participation counts can overlap.
mention,v2_exact,Baker's,positive,degeneration,greek_script,<no_explicit_rule>,1,1,1,Detector participation counts can overlap.
mention,v2_exact,Baker's,positive,degeneration,turkish,<no_explicit_rule>,1,1,1,Detector participation counts can overlap.
mention,v2_exact,Baker's,positive,sprain,turkish,<no_explicit_rule>,1,1,1,Detector participation counts can overlap.
mention,v2_exact,Baker's,positive,tear,latin_other,<no_explicit_rule>,1,1,1,Detector participation counts can overlap.
mention,v2_exact,Baker's,positive,tear,south_slavic,<no_explicit_rule>,1,1,1,Detector participation counts can overlap.
mention,v2_exact,Baker's,uncertain,abnormality,french,<no_explicit_rule>,1,1,1,Detector participation counts can overlap.
mention,v2_exact,Contusion,negative,abnormality_absent,french,<no_explicit_rule>,1,1,1,Detector participation counts can overlap.
mention,v2_exact,Contusion,positive,chondral_abnormality,dutch,<no_explicit_rule>,1,1,1,Detector participation counts can overlap.
mention,v2_exact,Contusion,positive,chondral_abnormality,turkish,<no_explicit_rule>,1,1,1,Detector participation counts can overlap.
mention,v2_exact,Contusion,positive,degeneration,french,<no_explicit_rule>,1,1,1,Detector participation counts can overlap.
mention,v2_exact,Contusion,positive,fracture,french,<no_explicit_rule>,1,1,1,Detector participation counts can overlap.
mention,v2_exact,Contusion,positive,fracture,turkish,<no_explicit_rule>,1,1,1,Detector participation counts can overlap.
mention,v2_exact,Contusion,positive,sprain,spanish,<no_explicit_rule>,1,1,1,Detector participation counts can overlap.
mention,v2_exact,Contusion,positive,tear,german,<no_explicit_rule>,1,1,1,Detector participation counts can overlap.
mention,v2_exact,Contusion,positive,tear,spanish,<no_explicit_rule>,1,1,1,Detector participation counts can overlap.
mention,v2_exact,Contusion,uncertain,tear,english,<no_explicit_rule>,1,1,1,Detector participation counts can overlap.
mention,v2_exact,Effusion,positive,chondral_abnormality,french,<no_explicit_rule>,1,1,1,Detector participation counts can overlap.
mention,v2_exact,Effusion,positive,degeneration,english,<no_explicit_rule>,1,1,1,Detector participation counts can overlap.
mention,v2_exact,Effusion,positive,degeneration,turkish,<no_explicit_rule>,1,1,1,Detector participation counts can overlap.
mention,v2_exact,Effusion,positive,extrusion,greek_script,<no_explicit_rule>,1,1,1,Detector participation counts can overlap.
mention,v2_exact,Effusion,positive,extrusion,south_slavic,<no_explicit_rule>,1,1,1,Detector participation counts can overlap.
mention,v2_exact,Effusion,positive,fracture,south_slavic,<no_explicit_rule>,1,1,1,Detector participation counts can overlap.
mention,v2_exact,Effusion,positive,tear,spanish,<no_explicit_rule>,1,1,1,Detector participation counts can overlap.
mention,v2_exact,Effusion,uncertain,chondral_abnormality,dutch,<no_explicit_rule>,1,1,1,Detector participation counts can overlap.
mention,v2_exact,Effusion,uncertain,chondral_abnormality,english,<no_explicit_rule>,1,1,1,Detector participation counts can overlap.
mention,v2_exact,Effusion,uncertain,fracture,english,<no_explicit_rule>,1,1,1,Detector participation counts can overlap.
mention,v2_exact,Fracture,positive,abnormality,dutch,<no_explicit_rule>,1,1,1,Detector participation counts can overlap.
mention,v2_exact,Fracture,positive,fracture,german,<no_explicit_rule>,1,1,1,Detector participation counts can overlap.
mention,v2_exact,Fracture,uncertain,chondral_abnormality,dutch,<no_explicit_rule>,1,1,1,Detector participation counts can overlap.
mention,v2_exact,Fracture,uncertain,fracture,french,<no_explicit_rule>,1,1,1,Detector participation counts can overlap.
mention,v2_exact,Lateral Meniscus,positive,chondral_abnormality,french,<no_explicit_rule>,1,1,1,Detector participation counts can overlap.
mention,v2_exact,Lateral Meniscus,positive,extrusion,greek_script,<no_explicit_rule>,1,1,1,Detector participation counts can overlap.
mention,v2_exact,Lateral Meniscus,positive,tear,german,<no_explicit_rule>,1,1,1,Detector participation counts can overlap.
mention,v2_exact,Lateral Meniscus,uncertain,abnormality,dutch,<no_explicit_rule>,1,1,1,Detector participation counts can overlap.
mention,v2_exact,Lateral Meniscus,uncertain,abnormality,german,<no_explicit_rule>,1,1,1,Detector participation counts can overlap.
mention,v2_exact,Lateral Meniscus,uncertain,degeneration,dutch,<no_explicit_rule>,1,1,1,Detector participation counts can overlap.
mention,v2_exact,Lateral Meniscus,uncertain,tear,turkish,<no_explicit_rule>,1,1,1,Detector participation counts can overlap.
mention,v2_exact,Lateral OA,positive,abnormality,german,<no_explicit_rule>,1,1,1,Detector participation counts can overlap.
mention,v2_exact,Lateral OA,positive,chondral_abnormality,cyrillic_script,<no_explicit_rule>,1,1,1,Detector participation counts can overlap.
mention,v2_exact,Lateral OA,positive,chondral_abnormality,dutch,<no_explicit_rule>,1,1,1,Detector participation counts can overlap.
mention,v2_exact,Lateral OA,positive,degeneration,dutch,<no_explicit_rule>,1,1,1,Detector participation counts can overlap.
mention,v2_exact,Lateral OA,positive,degeneration,south_slavic,<no_explicit_rule>,1,1,1,Detector participation counts can overlap.
mention,v2_exact,Lateral OA,positive,degeneration,spanish,<no_explicit_rule>,1,1,1,Detector participation counts can overlap.
mention,v2_exact,Lateral OA,positive,fracture,greek_script,<no_explicit_rule>,1,1,1,Detector participation counts can overlap.
mention,v2_exact,Lateral OA,positive,tear,turkish,<no_explicit_rule>,1,1,1,Detector participation counts can overlap.
mention,v2_exact,Lateral OA,uncertain,chondral_abnormality,english,<no_explicit_rule>,1,1,1,Detector participation counts can overlap.
mention,v2_exact,MCL,positive,abnormality,dutch,<no_explicit_rule>,1,1,1,Detector participation counts can overlap.
mention,v2_exact,MCL,positive,abnormality,latin_other,<no_explicit_rule>,1,1,1,Detector participation counts can overlap.
mention,v2_exact,MCL,positive,avulsion,french,<no_explicit_rule>,1,1,1,Detector participation counts can overlap.
mention,v2_exact,MCL,positive,chondral_abnormality,english,<no_explicit_rule>,1,1,1,Detector participation counts can overlap.
mention,v2_exact,MCL,positive,degeneration,turkish,<no_explicit_rule>,1,1,1,Detector participation counts can overlap.
mention,v2_exact,MCL,positive,extrusion,french,<no_explicit_rule>,1,1,1,Detector participation counts can overlap.
mention,v2_exact,MCL,positive,fracture,turkish,<no_explicit_rule>,1,1,1,Detector participation counts can overlap.
mention,v2_exact,MCL,positive,sprain,latin_other,<no_explicit_rule>,1,1,1,Detector participation counts can overlap.
mention,v2_exact,MCL,positive,sprain,south_slavic,<no_explicit_rule>,1,1,1,Detector participation counts can overlap.
mention,v2_exact,MCL,positive,sprain,spanish,<no_explicit_rule>,1,1,1,Detector participation counts can overlap.
mention,v2_exact,MCL,positive,tear,latin_other,<no_explicit_rule>,1,1,1,Detector participation counts can overlap.
mention,v2_exact,MCL,uncertain,degeneration,english,<no_explicit_rule>,1,1,1,Detector participation counts can overlap.
mention,v2_exact,MCL,uncertain,sprain,english,<no_explicit_rule>,1,1,1,Detector participation counts can overlap.
mention,v2_exact,MCL,uncertain,tear,south_slavic,<no_explicit_rule>,1,1,1,Detector participation counts can overlap.
mention,v2_exact,Medial Meniscus,positive,chondral_abnormality,dutch,<no_explicit_rule>,1,1,1,Detector participation counts can overlap.
mention,v2_exact,Medial Meniscus,positive,chondral_abnormality,greek_script,<no_explicit_rule>,1,1,1,Detector participation counts can overlap.
mention,v2_exact,Medial Meniscus,positive,chondral_abnormality,south_slavic,<no_explicit_rule>,1,1,1,Detector participation counts can overlap.
mention,v2_exact,Medial Meniscus,positive,fracture,turkish,<no_explicit_rule>,1,1,1,Detector participation counts can overlap.
mention,v2_exact,Medial Meniscus,positive,sprain,dutch,<no_explicit_rule>,1,1,1,Detector participation counts can overlap.
mention,v2_exact,Medial Meniscus,uncertain,abnormality,german,<no_explicit_rule>,1,1,1,Detector participation counts can overlap.
mention,v2_exact,Medial Meniscus,uncertain,abnormality,south_slavic,<no_explicit_rule>,1,1,1,Detector participation counts can overlap.
mention,v2_exact,Medial Meniscus,uncertain,abnormality,turkish,<no_explicit_rule>,1,1,1,Detector participation counts can overlap.
mention,v2_exact,Medial Meniscus,uncertain,tear,turkish,<no_explicit_rule>,1,1,1,Detector participation counts can overlap.
mention,v2_exact,Medial OA,negative,abnormality_absent,cyrillic_script,<no_explicit_rule>,1,1,1,Detector participation counts can overlap.
mention,v2_exact,Medial OA,negative,abnormality_absent,greek_script,<no_explicit_rule>,1,1,1,Detector participation counts can overlap.
mention,v2_exact,Medial OA,positive,abnormality,south_slavic,<no_explicit_rule>,1,1,1,Detector participation counts can overlap.
mention,v2_exact,Medial OA,positive,degeneration,spanish,<no_explicit_rule>,1,1,1,Detector participation counts can overlap.
mention,v2_exact,Medial OA,positive,fracture,greek_script,<no_explicit_rule>,1,1,1,Detector participation counts can overlap.
mention,v2_exact,Medial OA,positive,fracture,spanish,<no_explicit_rule>,1,1,1,Detector participation counts can overlap.
mention,v2_exact,PF OA,negative,abnormality_absent,french,<no_explicit_rule>,1,1,1,Detector participation counts can overlap.
mention,v2_exact,PF OA,negative,abnormality_absent,greek_script,<no_explicit_rule>,1,1,1,Detector participation counts can overlap.
mention,v2_exact,PF OA,positive,abnormality,greek_script,<no_explicit_rule>,1,1,1,Detector participation counts can overlap.
mention,v2_exact,PF OA,positive,abnormality,turkish,<no_explicit_rule>,1,1,1,Detector participation counts can overlap.
mention,v2_exact,PF OA,positive,degeneration,dutch,<no_explicit_rule>,1,1,1,Detector participation counts can overlap.
mention,v2_exact,PF OA,positive,fracture,english,<no_explicit_rule>,1,1,1,Detector participation counts can overlap.
mention,v2_exact,PF OA,positive,tear,english,<no_explicit_rule>,1,1,1,Detector participation counts can overlap.
mention,v2_exact,Synovitis,positive,abnormality,cyrillic_script,<no_explicit_rule>,1,1,1,Detector participation counts can overlap.
mention,v2_exact,Synovitis,positive,chondral_abnormality,cyrillic_script,<no_explicit_rule>,1,1,1,Detector participation counts can overlap.
mention,v2_exact,Synovitis,positive,chondral_abnormality,dutch,<no_explicit_rule>,1,1,1,Detector participation counts can overlap.
mention,v2_exact,Synovitis,positive,degeneration,dutch,<no_explicit_rule>,1,1,1,Detector participation counts can overlap.
mention,v2_exact,Synovitis,positive,fracture,turkish,<no_explicit_rule>,1,1,1,Detector participation counts can overlap.
mention,v2_exact,Synovitis,positive,sprain,dutch,<no_explicit_rule>,1,1,1,Detector participation counts can overlap.
mention,v2_exact,Synovitis,uncertain,fracture,english,<no_explicit_rule>,1,1,1,Detector participation counts can overlap.
mention,v3_morphology,Baker's,negative,baker_cyst_absent,dutch,baker_nl,1,1,1,Detector participation counts can overlap.
mention,v3_morphology,Baker's,uncertain,baker_cyst,greek_script,baker_el,1,1,1,Detector participation counts can overlap.
mention,v3_morphology,Baker's,uncertain,baker_cyst,south_slavic,baker_sl,1,1,1,Detector participation counts can overlap.
mention,v3_morphology,Contusion,negative,bone_contusion_absent,greek_script,contusion_el,1,1,1,Detector participation counts can overlap.
mention,v3_morphology,Contusion,uncertain,bone_contusion,south_slavic,contusion_sl,1,1,1,Detector participation counts can overlap.
mention,v3_morphology,Effusion,positive,tear,turkish,effusion_tr_root,1,1,1,Detector participation counts can overlap.
mention,v3_morphology,Effusion,uncertain,joint_effusion,greek_script,effusion_el_root,1,1,1,Detector participation counts can overlap.
mention,v3_morphology,Fracture,uncertain,fracture,french,fracture_fr,1,1,1,Detector participation counts can overlap.
mention,v3_morphology,Synovitis,negative,synovitis_absent,german,synovitis_de,1,1,1,Detector participation counts can overlap.
mention,v3_target,ACL,negative,abnormality_absent,dutch,target_local_association,1,1,1,Detector participation counts can overlap.
mention,v3_target,ACL,positive,degeneration,latin_other,target_local_association,1,1,1,Detector participation counts can overlap.
mention,v3_target,ACL,positive,sprain,dutch,target_local_association,1,1,1,Detector participation counts can overlap.
mention,v3_target,ACL,positive,sprain,greek_script,target_local_association,1,1,1,Detector participation counts can overlap.
mention,v3_target,ACL,positive,tear,german,target_local_association,1,1,1,Detector participation counts can overlap.
mention,v3_target,ACL,uncertain,abnormality,french,target_local_association,1,1,1,Detector participation counts can overlap.
mention,v3_target,ACL,uncertain,tear,turkish,target_local_association,1,1,1,Detector participation counts can overlap.
mention,v3_target,Lateral Meniscus,negative,abnormality_absent,cyrillic_script,target_local_association,1,1,1,Detector participation counts can overlap.
mention,v3_target,Lateral Meniscus,positive,tear,latin_other,target_local_association,1,1,1,Detector participation counts can overlap.
mention,v3_target,Lateral Meniscus,uncertain,abnormality,dutch,target_local_association,1,1,1,Detector participation counts can overlap.
mention,v3_target,Lateral Meniscus,uncertain,abnormality,german,target_local_association,1,1,1,Detector participation counts can overlap.
mention,v3_target,Lateral Meniscus,uncertain,degeneration,dutch,target_local_association,1,1,1,Detector participation counts can overlap.
mention,v3_target,Lateral Meniscus,uncertain,degeneration,south_slavic,target_local_association,1,1,1,Detector participation counts can overlap.
mention,v3_target,Lateral Meniscus,uncertain,tear,german,target_local_association,1,1,1,Detector participation counts can overlap.
mention,v3_target,Lateral OA,negative,normal_cartilage,south_slavic,compartment_normality,1,1,1,Detector participation counts can overlap.
mention,v3_target,Lateral OA,positive,chondral_abnormality,cyrillic_script,compartment_scope,1,1,1,Detector participation counts can overlap.
mention,v3_target,Lateral OA,positive,chondral_abnormality,latin_other,compartment_scope,1,1,1,Detector participation counts can overlap.
mention,v3_target,Lateral OA,positive,tear,english,compartment_scope,1,1,1,Detector participation counts can overlap.
mention,v3_target,Lateral OA,uncertain,chondral_abnormality,english,compartment_scope,1,1,1,Detector participation counts can overlap.
mention,v3_target,MCL,negative,abnormality_absent,turkish,target_local_association,1,1,1,Detector participation counts can overlap.
mention,v3_target,MCL,positive,abnormality,latin_other,target_local_association,1,1,1,Detector participation counts can overlap.
mention,v3_target,MCL,positive,avulsion,french,target_local_association,1,1,1,Detector participation counts can overlap.
mention,v3_target,MCL,positive,degeneration,turkish,target_local_association,1,1,1,Detector participation counts can overlap.
mention,v3_target,MCL,positive,tear,latin_other,target_local_association,1,1,1,Detector participation counts can overlap.
mention,v3_target,MCL,uncertain,abnormality,dutch,target_local_association,1,1,1,Detector participation counts can overlap.
mention,v3_target,MCL,uncertain,abnormality,german,target_local_association,1,1,1,Detector participation counts can overlap.
mention,v3_target,MCL,uncertain,sprain,turkish,target_local_association,1,1,1,Detector participation counts can overlap.
mention,v3_target,MCL,uncertain,tear,german,target_local_association,1,1,1,Detector participation counts can overlap.
mention,v3_target,Medial Meniscus,negative,abnormality_absent,german,target_local_association,1,1,1,Detector participation counts can overlap.
mention,v3_target,Medial Meniscus,negative,abnormality_absent,latin_other,target_local_association,1,1,1,Detector participation counts can overlap.
mention,v3_target,Medial Meniscus,positive,abnormality,greek_script,target_local_association,1,1,1,Detector participation counts can overlap.
mention,v3_target,Medial Meniscus,positive,degeneration,latin_other,target_local_association,1,1,1,Detector participation counts can overlap.
mention,v3_target,Medial Meniscus,positive,sprain,latin_other,target_local_association,1,1,1,Detector participation counts can overlap.
mention,v3_target,Medial Meniscus,positive,sprain,south_slavic,target_local_association,1,1,1,Detector participation counts can overlap.
mention,v3_target,Medial Meniscus,positive,tear,latin_other,target_local_association,1,1,1,Detector participation counts can overlap.
mention,v3_target,Medial Meniscus,uncertain,abnormality,south_slavic,target_local_association,1,1,1,Detector participation counts can overlap.
mention,v3_target,Medial Meniscus,uncertain,extrusion,german,target_local_association,1,1,1,Detector participation counts can overlap.
mention,v3_target,Medial OA,negative,chondral_abnormality_absent,greek_script,compartment_scope,1,1,1,Detector participation counts can overlap.
mention,v3_target,Medial OA,negative,normal_cartilage,cyrillic_script,compartment_normality,1,1,1,Detector participation counts can overlap.
mention,v3_target,Medial OA,negative,normal_cartilage,south_slavic,compartment_normality,1,1,1,Detector participation counts can overlap.
mention,v3_target,Medial OA,uncertain,chondral_abnormality,dutch,compartment_scope,1,1,1,Detector participation counts can overlap.
mention,v3_target,PF OA,negative,chondral_abnormality_absent,cyrillic_script,compartment_scope,1,1,1,Detector participation counts can overlap.
mention,v3_target,PF OA,negative,chondral_abnormality_absent,french,compartment_scope,1,1,1,Detector participation counts can overlap.
mention,v3_target,PF OA,negative,chondral_abnormality_absent,south_slavic,compartment_scope,1,1,1,Detector participation counts can overlap.
mention,v3_target,PF OA,negative,normal_cartilage,french,compartment_normality,1,1,1,Detector participation counts can overlap.
proposition_participation,v2_exact,__all__,__all__,__all__,__all__,__all__,23005,4190,18753,Overall detector total; a Proposition may have multiple detectors.
proposition_participation,v3_target,__all__,__all__,__all__,__all__,__all__,16995,3928,13366,Overall detector total; a Proposition may have multiple detectors.
proposition_participation,v3_morphology,__all__,__all__,__all__,__all__,__all__,6177,2840,4948,Overall detector total; a Proposition may have multiple detectors.
proposition_participation,v2_collective,__all__,__all__,__all__,__all__,__all__,3955,1844,3874,Overall detector total; a Proposition may have multiple detectors.
proposition_participation,v3_morphology,Effusion,positive,joint_effusion,english,effusion_en_plural,1372,981,981,A Proposition may be supported by multiple detectors.
proposition_participation,v2_exact,Effusion,positive,abnormality,english,<no_explicit_rule>,1335,1015,1015,A Proposition may be supported by multiple detectors.
proposition_participation,v3_target,Medial Meniscus,positive,tear,english,target_local_association,1110,612,612,A Proposition may be supported by multiple detectors.
proposition_participation,v2_exact,Medial Meniscus,positive,tear,english,target_local_association,1011,608,608,A Proposition may be supported by multiple detectors.
proposition_participation,v3_target,MCL,negative,normal_structure,english,target_local_normality,931,926,926,A Proposition may be supported by multiple detectors.
proposition_participation,v3_target,PF OA,positive,chondral_abnormality,english,compartment_scope,812,492,492,A Proposition may be supported by multiple detectors.
proposition_participation,v3_target,Lateral Meniscus,negative,normal_structure,english,target_local_normality,776,769,769,A Proposition may be supported by multiple detectors.
proposition_participation,v3_target,ACL,negative,normal_structure,english,target_local_normality,761,755,755,A Proposition may be supported by multiple detectors.
proposition_participation,v2_exact,ACL,negative,abnormality_absent,english,<no_explicit_rule>,750,747,747,A Proposition may be supported by multiple detectors.
proposition_participation,v3_morphology,Baker's,positive,baker_cyst,english,baker_variants,695,524,524,A Proposition may be supported by multiple detectors.
proposition_participation,v2_exact,Lateral Meniscus,negative,abnormality_absent,english,<no_explicit_rule>,619,616,616,A Proposition may be supported by multiple detectors.
proposition_participation,v2_exact,MCL,negative,abnormality_absent,english,<no_explicit_rule>,613,608,608,A Proposition may be supported by multiple detectors.
proposition_participation,v3_morphology,Fracture,negative,fracture_absent,english,fracture_en,528,496,496,A Proposition may be supported by multiple detectors.
proposition_participation,v2_exact,Fracture,negative,abnormality_absent,english,<no_explicit_rule>,509,487,487,A Proposition may be supported by multiple detectors.
proposition_participation,v3_target,ACL,positive,tear,english,target_local_association,489,288,288,A Proposition may be supported by multiple detectors.
proposition_participation,v2_exact,Synovitis,positive,abnormality,english,<no_explicit_rule>,488,289,289,A Proposition may be supported by multiple detectors.
proposition_participation,v2_exact,PF OA,positive,chondral_abnormality,english,compartment_scope,473,366,366,A Proposition may be supported by multiple detectors.
proposition_participation,v2_exact,Baker's,positive,abnormality,english,<no_explicit_rule>,467,335,335,A Proposition may be supported by multiple detectors.
proposition_participation,v3_target,Lateral Meniscus,positive,tear,english,target_local_association,459,252,252,A Proposition may be supported by multiple detectors.
proposition_participation,v3_morphology,Effusion,negative,joint_effusion_absent,english,effusion_en_plural,458,423,423,A Proposition may be supported by multiple detectors.
proposition_participation,v3_morphology,Contusion,negative,bone_contusion_absent,english,contusion_en,455,453,453,A Proposition may be supported by multiple detectors.
proposition_participation,v2_exact,Lateral OA,negative,abnormality_absent,english,<no_explicit_rule>,433,433,433,A Proposition may be supported by multiple detectors.
proposition_participation,v2_exact,ACL,positive,tear,english,target_local_association,431,281,281,A Proposition may be supported by multiple detectors.
proposition_participation,v3_target,Medial Meniscus,positive,tear,spanish,target_local_association,427,201,201,A Proposition may be supported by multiple detectors.
proposition_participation,v2_exact,Effusion,negative,abnormality_absent,english,<no_explicit_rule>,424,418,418,A Proposition may be supported by multiple detectors.
proposition_participation,v2_exact,Lateral Meniscus,positive,tear,english,target_local_association,417,250,250,A Proposition may be supported by multiple detectors.
proposition_participation,v2_exact,Contusion,negative,abnormality_absent,english,<no_explicit_rule>,409,407,407,A Proposition may be supported by multiple detectors.
proposition_participation,v2_exact,PF OA,negative,abnormality_absent,english,<no_explicit_rule>,394,393,393,A Proposition may be supported by multiple detectors.
proposition_participation,v3_target,Medial OA,positive,chondral_abnormality,english,compartment_scope,391,289,289,A Proposition may be supported by multiple detectors.
proposition_participation,v2_exact,Medial Meniscus,positive,tear,spanish,target_local_association,363,201,201,A Proposition may be supported by multiple detectors.
proposition_participation,v3_target,Medial Meniscus,negative,normal_structure,english,target_local_normality,352,343,343,A Proposition may be supported by multiple detectors.
proposition_participation,v2_exact,Effusion,positive,abnormality,spanish,<no_explicit_rule>,343,282,282,A Proposition may be supported by multiple detectors.
proposition_participation,v2_exact,Medial Meniscus,negative,abnormality_absent,english,<no_explicit_rule>,342,342,342,A Proposition may be supported by multiple detectors.
proposition_participation,v2_exact,Medial OA,negative,abnormality_absent,english,<no_explicit_rule>,339,339,339,A Proposition may be supported by multiple detectors.
proposition_participation,v3_morphology,Effusion,positive,joint_effusion,turkish,effusion_tr_root,338,328,328,A Proposition may be supported by multiple detectors.
proposition_participation,v3_target,PF OA,negative,normal_cartilage,english,compartment_normality,328,322,322,A Proposition may be supported by multiple detectors.
proposition_participation,v2_exact,Baker's,negative,abnormality_absent,english,<no_explicit_rule>,325,317,317,A Proposition may be supported by multiple detectors.
proposition_participation,v3_morphology,Contusion,positive,bone_contusion,english,contusion_en,321,210,210,A Proposition may be supported by multiple detectors.
proposition_participation,v2_exact,Effusion,positive,abnormality,south_slavic,<no_explicit_rule>,311,264,264,A Proposition may be supported by multiple detectors.
proposition_participation,v3_target,Lateral OA,negative,chondral_abnormality_absent,english,compartment_scope,286,286,286,A Proposition may be supported by multiple detectors.
proposition_participation,v2_exact,Lateral Meniscus,negative,abnormality_absent,turkish,<no_explicit_rule>,284,284,284,A Proposition may be supported by multiple detectors.
proposition_participation,v3_target,Lateral Meniscus,negative,normal_structure,turkish,target_local_normality,284,284,284,A Proposition may be supported by multiple detectors.
proposition_participation,v2_exact,Baker's,negative,abnormality_absent,spanish,<no_explicit_rule>,271,264,264,A Proposition may be supported by multiple detectors.
proposition_participation,v3_target,Medial OA,negative,chondral_abnormality_absent,english,compartment_scope,270,270,270,A Proposition may be supported by multiple detectors.
proposition_participation,v3_target,MCL,negative,normal_structure,turkish,target_local_normality,268,268,268,A Proposition may be supported by multiple detectors.
proposition_participation,v2_exact,MCL,negative,abnormality_absent,turkish,<no_explicit_rule>,267,267,267,A Proposition may be supported by multiple detectors.
proposition_participation,v3_morphology,Baker's,negative,baker_cyst_absent,english,baker_variants,267,267,267,A Proposition may be supported by multiple detectors.
proposition_participation,v3_target,Lateral OA,positive,chondral_abnormality,english,compartment_scope,266,202,202,A Proposition may be supported by multiple detectors.
proposition_participation,v3_target,PF OA,negative,chondral_abnormality_absent,english,compartment_scope,254,251,251,A Proposition may be supported by multiple detectors.
proposition_participation,v2_exact,Medial OA,positive,chondral_abnormality,english,compartment_scope,248,216,216,A Proposition may be supported by multiple detectors.
proposition_participation,v2_collective,ACL,negative,abnormality_absent,spanish,cruciate_and_collateral_ligaments|cruciate_ligaments,238,238,238,A Proposition may be supported by multiple detectors.
proposition_participation,v2_collective,MCL,negative,abnormality_absent,spanish,cruciate_and_collateral_ligaments,238,238,238,A Proposition may be supported by multiple detectors.
proposition_participation,v2_exact,Effusion,positive,abnormality,cyrillic_script,<no_explicit_rule>,233,134,134,A Proposition may be supported by multiple detectors.
proposition_participation,v3_target,Medial Meniscus,positive,abnormality,cyrillic_script,target_local_association,231,130,130,A Proposition may be supported by multiple detectors.
proposition_participation,v2_exact,Effusion,positive,abnormality,greek_script,<no_explicit_rule>,217,189,189,A Proposition may be supported by multiple detectors.
proposition_participation,v3_morphology,Fracture,positive,fracture,english,fracture_en,214,106,106,A Proposition may be supported by multiple detectors.
proposition_participation,v3_target,Medial Meniscus,positive,tear,turkish,target_local_association,212,196,196,A Proposition may be supported by multiple detectors.
proposition_participation,v2_exact,Medial Meniscus,positive,tear,turkish,target_local_association,205,190,190,A Proposition may be supported by multiple detectors.
proposition_participation,v2_exact,Effusion,positive,abnormality,turkish,<no_explicit_rule>,203,201,201,A Proposition may be supported by multiple detectors.
proposition_participation,v3_target,Lateral Meniscus,positive,tear,spanish,target_local_association,198,87,87,A Proposition may be supported by multiple detectors.
proposition_participation,v2_exact,Medial Meniscus,positive,abnormality,cyrillic_script,target_local_association,197,115,115,A Proposition may be supported by multiple detectors.
proposition_participation,v3_target,Medial Meniscus,positive,degeneration,turkish,target_local_association,197,166,166,A Proposition may be supported by multiple detectors.
proposition_participation,v2_exact,Contusion,positive,abnormality,english,<no_explicit_rule>,196,137,137,A Proposition may be supported by multiple detectors.
proposition_participation,v3_target,Lateral Meniscus,negative,abnormality_absent,english,target_local_association,190,186,186,A Proposition may be supported by multiple detectors.
proposition_participation,v2_exact,Lateral Meniscus,negative,abnormality_absent,english,target_local_association,189,185,185,A Proposition may be supported by multiple detectors.
proposition_participation,v3_target,Medial Meniscus,positive,tear,south_slavic,target_local_association,184,174,174,A Proposition may be supported by multiple detectors.
proposition_participation,v2_collective,MCL,negative,abnormality_absent,english,collateral_ligaments,182,182,182,A Proposition may be supported by multiple detectors.
proposition_participation,v2_exact,Medial Meniscus,positive,degeneration,turkish,target_local_association,182,158,158,A Proposition may be supported by multiple detectors.
proposition_participation,v2_exact,Lateral OA,positive,chondral_abnormality,english,compartment_scope,177,152,152,A Proposition may be supported by multiple detectors.
proposition_participation,v2_exact,Effusion,negative,abnormality_absent,spanish,<no_explicit_rule>,171,171,171,A Proposition may be supported by multiple detectors.
proposition_participation,v2_collective,Medial Meniscus,negative,abnormality_absent,english,both_menisci|both_menisci_negative_only,165,165,165,A Proposition may be supported by multiple detectors.
proposition_participation,v2_collective,Medial OA,negative,abnormality_absent,spanish,tibiofemoral_compartments,165,165,165,A Proposition may be supported by multiple detectors.
proposition_participation,v2_collective,Lateral OA,negative,abnormality_absent,spanish,tibiofemoral_compartments,164,164,164,A Proposition may be supported by multiple detectors.
proposition_participation,v3_target,MCL,positive,sprain,english,target_local_association,164,108,108,A Proposition may be supported by multiple detectors.
proposition_participation,v2_collective,Lateral Meniscus,negative,abnormality_absent,english,both_menisci|both_menisci_negative_only,162,162,162,A Proposition may be supported by multiple detectors.
proposition_participation,v3_target,Lateral Meniscus,positive,degeneration,turkish,target_local_association,160,127,127,A Proposition may be supported by multiple detectors.
proposition_participation,v2_collective,MCL,negative,abnormality_absent,turkish,collateral_ligaments,157,156,156,A Proposition may be supported by multiple detectors.
proposition_participation,v3_morphology,Effusion,positive,joint_effusion,greek_script,effusion_el_root,157,131,131,A Proposition may be supported by multiple detectors.
proposition_participation,v2_exact,Lateral Meniscus,positive,tear,spanish,target_local_association,155,87,87,A Proposition may be supported by multiple detectors.
proposition_participation,v2_exact,MCL,positive,sprain,english,target_local_association,154,106,106,A Proposition may be supported by multiple detectors.
proposition_participation,v3_target,Lateral OA,negative,normal_cartilage,english,compartment_normality,154,154,154,A Proposition may be supported by multiple detectors.
proposition_participation,v3_target,Medial Meniscus,positive,degeneration,english,target_local_association,152,118,118,A Proposition may be supported by multiple detectors.
proposition_participation,v3_target,ACL,negative,normal_structure,south_slavic,target_local_normality,151,150,150,A Proposition may be supported by multiple detectors.
proposition_participation,v3_target,MCL,negative,normal_structure,south_slavic,target_local_normality,150,150,150,A Proposition may be supported by multiple detectors.
proposition_participation,v2_collective,ACL,negative,abnormality_absent,german,cruciate_ligaments,148,148,148,A Proposition may be supported by multiple detectors.
proposition_participation,v2_exact,Fracture,positive,fracture,english,fracture_en,148,82,82,A Proposition may be supported by multiple detectors.
proposition_participation,v2_exact,Baker's,negative,abnormality_absent,south_slavic,<no_explicit_rule>,146,146,146,A Proposition may be supported by multiple detectors.
proposition_participation,v3_target,ACL,negative,abnormality_absent,english,target_local_association,143,140,140,A Proposition may be supported by multiple detectors.
proposition_participation,v2_exact,ACL,negative,abnormality_absent,english,target_local_association,138,135,135,A Proposition may be supported by multiple detectors.
proposition_participation,v2_exact,MCL,negative,abnormality_absent,south_slavic,<no_explicit_rule>,138,138,138,A Proposition may be supported by multiple detectors.
proposition_participation,v3_target,ACL,positive,degeneration,turkish,target_local_association,137,94,94,A Proposition may be supported by multiple detectors.
proposition_participation,v3_target,Lateral Meniscus,negative,abnormality_absent,south_slavic,target_local_association,136,132,132,A Proposition may be supported by multiple detectors.
proposition_participation,v2_collective,ACL,negative,abnormality_absent,cyrillic_script,cruciate_ligaments,135,134,134,A Proposition may be supported by multiple detectors.
proposition_participation,v2_collective,ACL,negative,abnormality_absent,english,cruciate_ligaments,134,134,134,A Proposition may be supported by multiple detectors.
proposition_participation,v2_collective,MCL,negative,abnormality_absent,south_slavic,collateral_ligaments,134,134,134,A Proposition may be supported by multiple detectors.
proposition_participation,v2_exact,Synovitis,positive,abnormality,spanish,<no_explicit_rule>,134,102,102,A Proposition may be supported by multiple detectors.
proposition_participation,v2_exact,Lateral Meniscus,positive,degeneration,turkish,target_local_association,133,115,115,A Proposition may be supported by multiple detectors.
proposition_participation,v3_morphology,Effusion,negative,joint_effusion_absent,turkish,effusion_tr_root,132,132,132,A Proposition may be supported by multiple detectors.
proposition_participation,v2_exact,Effusion,negative,abnormality_absent,turkish,<no_explicit_rule>,131,131,131,A Proposition may be supported by multiple detectors.
proposition_participation,v2_exact,Lateral Meniscus,negative,abnormality_absent,south_slavic,target_local_association,131,131,131,A Proposition may be supported by multiple detectors.
proposition_participation,v2_exact,Medial Meniscus,positive,tear,south_slavic,target_local_association,131,127,127,A Proposition may be supported by multiple detectors.
proposition_participation,v3_target,Lateral Meniscus,negative,abnormality_absent,spanish,target_local_association,124,120,120,A Proposition may be supported by multiple detectors.
proposition_participation,v2_exact,Lateral Meniscus,negative,abnormality_absent,spanish,target_local_association,123,120,120,A Proposition may be supported by multiple detectors.
proposition_participation,v2_collective,Lateral Meniscus,negative,abnormality_absent,spanish,both_menisci_negative_only,119,119,119,A Proposition may be supported by multiple detectors.
proposition_participation,v2_collective,MCL,negative,abnormality_absent,cyrillic_script,collateral_ligaments,119,118,118,A Proposition may be supported by multiple detectors.
proposition_participation,v2_collective,Medial Meniscus,negative,abnormality_absent,spanish,both_menisci_negative_only,119,119,119,A Proposition may be supported by multiple detectors.
proposition_participation,v3_morphology,Baker's,positive,baker_cyst,greek_script,baker_el,118,104,104,A Proposition may be supported by multiple detectors.
proposition_participation,v2_exact,ACL,negative,abnormality_absent,south_slavic,<no_explicit_rule>,116,116,116,A Proposition may be supported by multiple detectors.
proposition_participation,v2_exact,Lateral Meniscus,negative,abnormality_absent,south_slavic,<no_explicit_rule>,113,113,113,A Proposition may be supported by multiple detectors.
proposition_participation,v3_target,PF OA,negative,normal_cartilage,spanish,compartment_normality,113,113,113,A Proposition may be supported by multiple detectors.
proposition_participation,v2_exact,Effusion,positive,abnormality,german,<no_explicit_rule>,112,112,112,A Proposition may be supported by multiple detectors.
proposition_participation,v2_exact,Medial Meniscus,negative,abnormality_absent,spanish,target_local_association,112,107,107,A Proposition may be supported by multiple detectors.
proposition_participation,v3_target,Medial Meniscus,negative,abnormality_absent,spanish,target_local_association,112,107,107,A Proposition may be supported by multiple detectors.
proposition_participation,v3_target,MCL,positive,tear,english,target_local_association,111,74,74,A Proposition may be supported by multiple detectors.
proposition_participation,v2_exact,Effusion,positive,abnormality,french,<no_explicit_rule>,110,76,76,A Proposition may be supported by multiple detectors.
proposition_participation,v2_exact,Medial Meniscus,positive,degeneration,english,target_local_association,110,89,89,A Proposition may be supported by multiple detectors.
proposition_participation,v3_morphology,Effusion,positive,joint_effusion,german,effusion_de_root,107,107,107,A Proposition may be supported by multiple detectors.
proposition_participation,v3_target,ACL,positive,tear,spanish,target_local_association,105,47,47,A Proposition may be supported by multiple detectors.
proposition_participation,v2_collective,PF OA,negative,abnormality_absent,spanish,tibiofemoral_compartments,104,104,104,A Proposition may be supported by multiple detectors.
proposition_participation,v2_exact,Effusion,positive,abnormality,dutch,<no_explicit_rule>,102,75,75,A Proposition may be supported by multiple detectors.
proposition_participation,v2_exact,Baker's,positive,abnormality,greek_script,<no_explicit_rule>,101,91,91,A Proposition may be supported by multiple detectors.
proposition_participation,v3_target,Lateral Meniscus,uncertain,tear,english,target_local_association,100,71,71,A Proposition may be supported by multiple detectors.
proposition_participation,v3_target,Medial OA,negative,normal_cartilage,english,compartment_normality,100,100,100,A Proposition may be supported by multiple detectors.
proposition_participation,v2_exact,Effusion,negative,abnormality_absent,south_slavic,<no_explicit_rule>,99,98,98,A Proposition may be supported by multiple detectors.
proposition_participation,v3_target,PF OA,positive,chondral_abnormality,south_slavic,compartment_scope,99,91,91,A Proposition may be supported by multiple detectors.
proposition_participation,v3_target,ACL,positive,abnormality,english,target_local_association,97,62,62,A Proposition may be supported by multiple detectors.
proposition_participation,v3_target,PF OA,positive,chondral_abnormality,dutch,compartment_scope,97,64,64,A Proposition may be supported by multiple detectors.
proposition_participation,v2_exact,Fracture,positive,fracture,english|spanish,fracture_en,96,51,51,A Proposition may be supported by multiple detectors.
proposition_participation,v3_morphology,Fracture,positive,fracture,english|spanish,fracture_en,96,51,51,A Proposition may be supported by multiple detectors.
proposition_participation,v2_exact,Baker's,positive,abnormality,cyrillic_script,<no_explicit_rule>,95,53,53,A Proposition may be supported by multiple detectors.
proposition_participation,v3_target,ACL,positive,degeneration,english,target_local_association,95,64,64,A Proposition may be supported by multiple detectors.
proposition_participation,v3_target,MCL,positive,sprain,turkish,target_local_association,95,88,88,A Proposition may be supported by multiple detectors.
proposition_participation,v2_exact,MCL,positive,tear,english,target_local_association,94,69,69,A Proposition may be supported by multiple detectors.
proposition_participation,v3_target,ACL,positive,degeneration,south_slavic,target_local_association,94,93,93,A Proposition may be supported by multiple detectors.
proposition_participation,v3_target,Medial OA,positive,chondral_abnormality,spanish,compartment_scope,93,59,59,A Proposition may be supported by multiple detectors.
proposition_participation,v2_exact,ACL,positive,abnormality,english,target_local_association,91,61,61,A Proposition may be supported by multiple detectors.
proposition_participation,v2_exact,ACL,positive,degeneration,english,target_local_association,90,61,61,A Proposition may be supported by multiple detectors.
proposition_participation,v2_exact,Baker's,positive,abnormality,spanish,<no_explicit_rule>,90,76,76,A Proposition may be supported by multiple detectors.
proposition_participation,v2_exact,Lateral Meniscus,negative,abnormality_absent,cyrillic_script,<no_explicit_rule>,90,88,88,A Proposition may be supported by multiple detectors.
proposition_participation,v2_exact,Lateral Meniscus,negative,abnormality_absent,german,<no_explicit_rule>,90,89,89,A Proposition may be supported by multiple detectors.
proposition_participation,v3_target,Lateral Meniscus,negative,normal_structure,cyrillic_script,target_local_normality,90,88,88,A Proposition may be supported by multiple detectors.
proposition_participation,v3_morphology,Baker's,positive,baker_cyst,english|south_slavic,baker_sl|baker_variants,88,87,87,A Proposition may be supported by multiple detectors.
proposition_participation,v3_target,ACL,positive,tear,turkish,target_local_association,88,78,78,A Proposition may be supported by multiple detectors.
proposition_participation,v3_target,PF OA,positive,chondral_abnormality,german,compartment_scope,88,75,75,A Proposition may be supported by multiple detectors.
proposition_participation,v3_target,Medial Meniscus,uncertain,tear,english,target_local_association,86,61,61,A Proposition may be supported by multiple detectors.
proposition_participation,v3_target,PF OA,positive,chondral_abnormality,spanish,compartment_scope,86,58,58,A Proposition may be supported by multiple detectors.
proposition_participation,v3_target,Lateral Meniscus,negative,normal_structure,german,target_local_normality,85,84,84,A Proposition may be supported by multiple detectors.
proposition_participation,v3_target,Medial Meniscus,positive,tear,greek_script,target_local_association,85,78,78,A Proposition may be supported by multiple detectors.
proposition_participation,v2_exact,Medial Meniscus,positive,tear,greek_script,target_local_association,81,74,74,A Proposition may be supported by multiple detectors.
proposition_participation,v2_exact,PF OA,negative,abnormality_absent,spanish,<no_explicit_rule>,79,79,79,A Proposition may be supported by multiple detectors.
proposition_participation,v3_target,Lateral Meniscus,positive,degeneration,south_slavic,target_local_association,79,78,78,A Proposition may be supported by multiple detectors.
proposition_participation,v2_exact,Effusion,negative,abnormality_absent,cyrillic_script,<no_explicit_rule>,78,77,77,A Proposition may be supported by multiple detectors.
proposition_participation,v3_morphology,Baker's,negative,baker_cyst_absent,south_slavic,baker_sl,76,74,74,A Proposition may be supported by multiple detectors.
proposition_participation,v2_exact,Baker's,positive,tear,english,<no_explicit_rule>,75,60,60,A Proposition may be supported by multiple detectors.
proposition_participation,v3_target,Lateral Meniscus,positive,tear,south_slavic,target_local_association,75,73,73,A Proposition may be supported by multiple detectors.
proposition_participation,v2_exact,Medial OA,positive,chondral_abnormality,spanish,compartment_scope,74,44,44,A Proposition may be supported by multiple detectors.
proposition_participation,v3_target,Lateral Meniscus,positive,degeneration,english,target_local_association,74,62,62,A Proposition may be supported by multiple detectors.
proposition_participation,v2_exact,ACL,positive,tear,spanish,target_local_association,73,41,41,A Proposition may be supported by multiple detectors.
proposition_participation,v2_exact,Baker's,positive,abnormality,south_slavic,<no_explicit_rule>,72,72,72,A Proposition may be supported by multiple detectors.
proposition_participation,v2_exact,Lateral Meniscus,uncertain,tear,english,target_local_association,72,54,54,A Proposition may be supported by multiple detectors.
proposition_participation,v2_exact,PF OA,positive,chondral_abnormality,spanish,compartment_scope,72,53,53,A Proposition may be supported by multiple detectors.
proposition_participation,v3_target,Lateral Meniscus,positive,tear,turkish,target_local_association,72,63,63,A Proposition may be supported by multiple detectors.
proposition_participation,v3_target,PF OA,positive,chondral_abnormality,turkish,compartment_scope,71,70,70,A Proposition may be supported by multiple detectors.
proposition_participation,v2_exact,Baker's,positive,abnormality,turkish,<no_explicit_rule>,70,58,58,A Proposition may be supported by multiple detectors.
proposition_participation,v3_target,Medial Meniscus,negative,abnormality_absent,english,target_local_association,70,68,68,A Proposition may be supported by multiple detectors.
proposition_participation,v2_exact,Medial Meniscus,negative,abnormality_absent,english,target_local_association,69,67,67,A Proposition may be supported by multiple detectors.
proposition_participation,v2_exact,ACL,positive,degeneration,turkish,target_local_association,68,67,67,A Proposition may be supported by multiple detectors.
proposition_participation,v2_exact,MCL,negative,abnormality_absent,german,<no_explicit_rule>,68,68,68,A Proposition may be supported by multiple detectors.
proposition_participation,v3_target,Lateral Meniscus,negative,normal_structure,south_slavic,target_local_normality,68,67,67,A Proposition may be supported by multiple detectors.
proposition_participation,v3_target,MCL,negative,normal_structure,german,target_local_normality,68,67,67,A Proposition may be supported by multiple detectors.
proposition_participation,v2_exact,ACL,positive,tear,turkish,target_local_association,67,58,58,A Proposition may be supported by multiple detectors.
proposition_participation,v3_target,ACL,positive,tear,south_slavic,target_local_association,67,66,66,A Proposition may be supported by multiple detectors.
proposition_participation,v3_target,Medial OA,positive,chondral_abnormality,greek_script,compartment_scope,67,49,49,A Proposition may be supported by multiple detectors.
proposition_participation,v3_morphology,Fracture,uncertain,fracture,english,fracture_en,66,49,49,A Proposition may be supported by multiple detectors.
proposition_participation,v2_collective,MCL,negative,abnormality_absent,greek_script,collateral_ligaments,64,62,62,A Proposition may be supported by multiple detectors.
proposition_participation,v2_exact,Baker's,positive,abnormality,dutch,<no_explicit_rule>,63,47,47,A Proposition may be supported by multiple detectors.
proposition_participation,v2_exact,Baker's,positive,abnormality,german,<no_explicit_rule>,63,63,63,A Proposition may be supported by multiple detectors.
proposition_participation,v2_exact,Medial Meniscus,negative,abnormality_absent,south_slavic,target_local_association,63,63,63,A Proposition may be supported by multiple detectors.
proposition_participation,v2_exact,Medial Meniscus,uncertain,tear,english,target_local_association,63,48,48,A Proposition may be supported by multiple detectors.
proposition_participation,v3_target,MCL,positive,abnormality,english,target_local_association,63,47,47,A Proposition may be supported by multiple detectors.
proposition_participation,v3_target,Medial Meniscus,negative,abnormality_absent,south_slavic,target_local_association,63,63,63,A Proposition may be supported by multiple detectors.
proposition_participation,v3_target,Medial Meniscus,positive,degeneration,dutch,target_local_association,63,43,43,A Proposition may be supported by multiple detectors.
proposition_participation,v2_exact,Lateral Meniscus,positive,tear,turkish,target_local_association,62,55,55,A Proposition may be supported by multiple detectors.
proposition_participation,v3_target,Lateral OA,positive,chondral_abnormality,spanish,compartment_scope,62,41,41,A Proposition may be supported by multiple detectors.
proposition_participation,v3_target,PF OA,positive,chondral_abnormality,greek_script,compartment_scope,62,52,52,A Proposition may be supported by multiple detectors.
proposition_participation,v2_collective,MCL,negative,abnormality_absent,german,collateral_ligaments,61,61,61,A Proposition may be supported by multiple detectors.
proposition_participation,v2_exact,Medial Meniscus,positive,tear,english,<no_explicit_rule>,60,51,51,A Proposition may be supported by multiple detectors.
proposition_participation,v2_collective,Medial Meniscus,negative,abnormality_absent,turkish,both_menisci,59,59,59,A Proposition may be supported by multiple detectors.
proposition_participation,v2_collective,ACL,negative,abnormality_absent,dutch,cruciate_ligaments,58,58,58,A Proposition may be supported by multiple detectors.
proposition_participation,v2_collective,Lateral Meniscus,negative,abnormality_absent,english,both_menisci_negative_only,58,57,57,A Proposition may be supported by multiple detectors.
proposition_participation,v2_exact,MCL,positive,sprain,turkish,target_local_association,58,51,51,A Proposition may be supported by multiple detectors.
proposition_participation,v2_collective,Medial Meniscus,negative,abnormality_absent,english,both_menisci_negative_only,57,57,57,A Proposition may be supported by multiple detectors.
proposition_participation,v2_exact,Lateral Meniscus,positive,tear,south_slavic,target_local_association,57,57,57,A Proposition may be supported by multiple detectors.
proposition_participation,v2_collective,MCL,negative,abnormality_absent,greek_script,collateral_ligaments|cruciate_and_collateral_ligaments,56,56,56,A Proposition may be supported by multiple detectors.
proposition_participation,v3_morphology,Fracture,positive,fracture,greek_script,fracture_el,56,42,42,A Proposition may be supported by multiple detectors.
proposition_participation,v3_target,Medial Meniscus,positive,abnormality,turkish,target_local_association,56,56,56,A Proposition may be supported by multiple detectors.
proposition_participation,v3_target,Medial OA,positive,chondral_abnormality,south_slavic,compartment_scope,56,55,55,A Proposition may be supported by multiple detectors.
proposition_participation,v2_collective,ACL,negative,abnormality_absent,south_slavic,cruciate_ligaments,55,55,55,A Proposition may be supported by multiple detectors.
proposition_participation,v2_exact,ACL,positive,tear,south_slavic,target_local_association,55,55,55,A Proposition may be supported by multiple detectors.
proposition_participation,v2_exact,Baker's,negative,abnormality_absent,french,<no_explicit_rule>,55,46,46,A Proposition may be supported by multiple detectors.
proposition_participation,v2_exact,MCL,positive,abnormality,english,target_local_association,55,44,44,A Proposition may be supported by multiple detectors.
proposition_participation,v2_collective,MCL,negative,abnormality_absent,dutch,collateral_ligaments,54,54,54,A Proposition may be supported by multiple detectors.
proposition_participation,v2_exact,Medial Meniscus,positive,abnormality,turkish,target_local_association,54,54,54,A Proposition may be supported by multiple detectors.
proposition_participation,v2_exact,Lateral Meniscus,positive,degeneration,english,target_local_association,53,44,44,A Proposition may be supported by multiple detectors.
proposition_participation,v2_exact,Medial Meniscus,negative,abnormality_absent,turkish,<no_explicit_rule>,53,53,53,A Proposition may be supported by multiple detectors.
proposition_participation,v2_exact,PF OA,negative,abnormality_absent,german,<no_explicit_rule>,53,52,52,A Proposition may be supported by multiple detectors.
proposition_participation,v3_morphology,Fracture,negative,fracture_absent,english|french,fracture_en|fracture_fr,53,29,29,A Proposition may be supported by multiple detectors.
proposition_participation,v3_target,Medial Meniscus,negative,normal_structure,turkish,target_local_normality,53,53,53,A Proposition may be supported by multiple detectors.
proposition_participation,v2_collective,ACL,negative,abnormality_absent,english,cruciate_and_collateral_ligaments,52,52,52,A Proposition may be supported by multiple detectors.
proposition_participation,v2_collective,MCL,negative,abnormality_absent,english,collateral_ligaments|cruciate_and_collateral_ligaments,52,52,52,A Proposition may be supported by multiple detectors.
proposition_participation,v2_exact,Fracture,positive,fracture,greek_script,fracture_el,52,42,42,A Proposition may be supported by multiple detectors.
proposition_participation,v3_target,Medial Meniscus,positive,degeneration,french,target_local_association,52,32,32,A Proposition may be supported by multiple detectors.
proposition_participation,v2_exact,Lateral OA,positive,chondral_abnormality,spanish,compartment_scope,51,35,35,A Proposition may be supported by multiple detectors.
proposition_participation,v2_exact,Medial Meniscus,positive,degeneration,dutch,target_local_association,51,34,34,A Proposition may be supported by multiple detectors.
proposition_participation,v3_target,Medial Meniscus,positive,degeneration,greek_script,target_local_association,51,45,45,A Proposition may be supported by multiple detectors.
proposition_participation,v3_target,Medial Meniscus,positive,degeneration,south_slavic,target_local_association,50,48,48,A Proposition may be supported by multiple detectors.
proposition_participation,v3_target,PF OA,negative,normal_cartilage,cyrillic_script,compartment_normality,50,49,49,A Proposition may be supported by multiple detectors.
proposition_participation,v3_morphology,Fracture,negative,fracture_absent,german,fracture_de,49,48,48,A Proposition may be supported by multiple detectors.
proposition_participation,v2_exact,Effusion,negative,abnormality_absent,german,<no_explicit_rule>,47,47,47,A Proposition may be supported by multiple detectors.
proposition_participation,v2_collective,Lateral OA,positive,chondral_abnormality,spanish,tibiofemoral_compartments,45,27,27,A Proposition may be supported by multiple detectors.
proposition_participation,v2_collective,Medial OA,positive,chondral_abnormality,spanish,tibiofemoral_compartments,45,27,27,A Proposition may be supported by multiple detectors.
proposition_participation,v2_exact,ACL,negative,abnormality_absent,turkish,<no_explicit_rule>,45,45,45,A Proposition may be supported by multiple detectors.
proposition_participation,v2_exact,Contusion,negative,abnormality_absent,german,<no_explicit_rule>,45,45,45,A Proposition may be supported by multiple detectors.
proposition_participation,v2_exact,Lateral Meniscus,negative,abnormality_absent,dutch,<no_explicit_rule>,45,44,44,A Proposition may be supported by multiple detectors.
proposition_participation,v3_target,MCL,negative,normal_structure,french,target_local_normality,45,45,45,A Proposition may be supported by multiple detectors.
proposition_participation,v3_target,MCL,positive,tear,spanish,target_local_association,45,27,27,A Proposition may be supported by multiple detectors.
proposition_participation,v2_exact,ACL,negative,abnormality_absent,dutch,<no_explicit_rule>,44,44,44,A Proposition may be supported by multiple detectors.
proposition_participation,v2_exact,Fracture,uncertain,fracture,english,fracture_en,44,38,38,A Proposition may be supported by multiple detectors.
proposition_participation,v3_morphology,Effusion,negative,joint_effusion_absent,greek_script,effusion_el_root,44,34,34,A Proposition may be supported by multiple detectors.
proposition_participation,v3_target,ACL,negative,normal_structure,dutch,target_local_normality,44,44,44,A Proposition may be supported by multiple detectors.
proposition_participation,v3_target,ACL,negative,normal_structure,turkish,target_local_normality,44,44,44,A Proposition may be supported by multiple detectors.
proposition_participation,v3_target,Lateral Meniscus,negative,normal_structure,greek_script,target_local_normality,44,39,39,A Proposition may be supported by multiple detectors.
proposition_participation,v3_target,ACL,positive,tear,greek_script,target_local_association,43,40,40,A Proposition may be supported by multiple detectors.
proposition_participation,v3_target,Lateral Meniscus,negative,normal_structure,dutch,target_local_normality,43,42,42,A Proposition may be supported by multiple detectors.
proposition_participation,v3_target,Medial Meniscus,negative,normal_structure,german,target_local_normality,43,43,43,A Proposition may be supported by multiple detectors.
proposition_participation,v3_target,Medial OA,positive,chondral_abnormality,dutch,compartment_scope,43,34,34,A Proposition may be supported by multiple detectors.
proposition_participation,v2_exact,Lateral Meniscus,positive,tear,english,<no_explicit_rule>,42,37,37,A Proposition may be supported by multiple detectors.
proposition_participation,v3_morphology,Effusion,negative,joint_effusion_absent,german,effusion_de_root,42,42,42,A Proposition may be supported by multiple detectors.
proposition_participation,v3_target,ACL,positive,abnormality,cyrillic_script,target_local_association,42,26,26,A Proposition may be supported by multiple detectors.
proposition_participation,v2_exact,ACL,positive,abnormality,cyrillic_script,target_local_association,41,25,25,A Proposition may be supported by multiple detectors.
proposition_participation,v2_exact,ACL,positive,tear,greek_script,target_local_association,41,38,38,A Proposition may be supported by multiple detectors.
proposition_participation,v2_exact,Contusion,positive,abnormality,spanish,<no_explicit_rule>,41,30,30,A Proposition may be supported by multiple detectors.
proposition_participation,v2_exact,MCL,positive,tear,spanish,target_local_association,41,25,25,A Proposition may be supported by multiple detectors.
proposition_participation,v2_exact,PF OA,positive,abnormality,english,<no_explicit_rule>,41,40,40,A Proposition may be supported by multiple detectors.
proposition_participation,v3_morphology,Contusion,uncertain,bone_contusion,english,contusion_en,40,32,32,A Proposition may be supported by multiple detectors.
proposition_participation,v3_morphology,Synovitis,positive,synovitis,greek_script,synovitis_el,40,26,26,A Proposition may be supported by multiple detectors.
proposition_participation,v2_exact,Fracture,negative,abnormality_absent,german,<no_explicit_rule>,39,39,39,A Proposition may be supported by multiple detectors.
proposition_participation,v2_exact,Medial Meniscus,negative,abnormality_absent,german,<no_explicit_rule>,39,39,39,A Proposition may be supported by multiple detectors.
proposition_participation,v3_target,Lateral Meniscus,positive,abnormality,cyrillic_script,target_local_association,39,23,23,A Proposition may be supported by multiple detectors.
proposition_participation,v3_target,Medial Meniscus,positive,abnormality,french,target_local_association,39,20,20,A Proposition may be supported by multiple detectors.
proposition_participation,v3_target,PF OA,negative,normal_cartilage,german,compartment_normality,39,37,37,A Proposition may be supported by multiple detectors.
proposition_participation,v2_exact,PF OA,positive,chondral_abnormality,german,compartment_scope,38,37,37,A Proposition may be supported by multiple detectors.
proposition_participation,v2_collective,Lateral Meniscus,negative,abnormality_absent,german,both_menisci_negative_only,37,36,36,A Proposition may be supported by multiple detectors.
proposition_participation,v2_collective,Lateral Meniscus,negative,abnormality_absent,dutch,both_menisci|both_menisci_negative_only,36,36,36,A Proposition may be supported by multiple detectors.
proposition_participation,v2_collective,MCL,negative,abnormality_absent,spanish,collateral_ligaments,36,36,36,A Proposition may be supported by multiple detectors.
proposition_participation,v2_collective,Medial Meniscus,negative,abnormality_absent,dutch,both_menisci|both_menisci_negative_only,36,36,36,A Proposition may be supported by multiple detectors.
proposition_participation,v2_collective,PF OA,positive,chondral_abnormality,spanish,tibiofemoral_compartments,36,22,22,A Proposition may be supported by multiple detectors.
proposition_participation,v2_exact,Effusion,negative,abnormality_absent,greek_script,<no_explicit_rule>,36,36,36,A Proposition may be supported by multiple detectors.
proposition_participation,v2_exact,Lateral OA,positive,abnormality,english,<no_explicit_rule>,36,34,34,A Proposition may be supported by multiple detectors.
proposition_participation,v3_target,Medial Meniscus,positive,degeneration,german,target_local_association,36,36,36,A Proposition may be supported by multiple detectors.
proposition_participation,v2_collective,Medial Meniscus,negative,abnormality_absent,german,both_menisci_negative_only,35,35,35,A Proposition may be supported by multiple detectors.
proposition_participation,v2_exact,Lateral Meniscus,negative,abnormality_absent,french,<no_explicit_rule>,35,35,35,A Proposition may be supported by multiple detectors.
proposition_participation,v2_exact,Lateral Meniscus,negative,abnormality_absent,greek_script,<no_explicit_rule>,35,35,35,A Proposition may be supported by multiple detectors.
proposition_participation,v2_collective,ACL,negative,abnormality_absent,spanish,cruciate_ligaments,34,34,34,A Proposition may be supported by multiple detectors.
proposition_participation,v3_morphology,Fracture,positive,fracture,cyrillic_script,fracture_cyr,34,12,12,A Proposition may be supported by multiple detectors.
proposition_participation,v3_target,Lateral OA,positive,chondral_abnormality,greek_script,compartment_scope,34,28,28,A Proposition may be supported by multiple detectors.
proposition_participation,v2_collective,Lateral Meniscus,negative,abnormality_absent,greek_script,both_menisci,33,33,33,A Proposition may be supported by multiple detectors.
proposition_participation,v2_collective,Medial Meniscus,negative,abnormality_absent,greek_script,both_menisci,33,33,33,A Proposition may be supported by multiple detectors.
proposition_participation,v2_exact,Lateral Meniscus,positive,tear,greek_script,target_local_association,33,30,30,A Proposition may be supported by multiple detectors.
proposition_participation,v2_exact,Medial OA,positive,abnormality,english,<no_explicit_rule>,33,33,33,A Proposition may be supported by multiple detectors.
proposition_participation,v2_exact,Synovitis,positive,abnormality,greek_script,<no_explicit_rule>,33,26,26,A Proposition may be supported by multiple detectors.
proposition_participation,v3_morphology,Contusion,positive,bone_contusion,turkish,contusion_tr,33,27,27,A Proposition may be supported by multiple detectors.
proposition_participation,v3_target,Lateral Meniscus,positive,tear,greek_script,target_local_association,33,30,30,A Proposition may be supported by multiple detectors.
proposition_participation,v2_collective,ACL,negative,abnormality_absent,greek_script,cruciate_and_collateral_ligaments|cruciate_ligaments,32,32,32,A Proposition may be supported by multiple detectors.
proposition_participation,v2_exact,Medial Meniscus,positive,abnormality,french,target_local_association,32,20,20,A Proposition may be supported by multiple detectors.
proposition_participation,v3_target,ACL,negative,abnormality_absent,spanish,target_local_association,32,18,18,A Proposition may be supported by multiple detectors.
proposition_participation,v3_target,Lateral Meniscus,negative,normal_structure,french,target_local_normality,32,32,32,A Proposition may be supported by multiple detectors.
proposition_participation,v3_target,MCL,uncertain,abnormality,english,target_local_association,32,24,24,A Proposition may be supported by multiple detectors.
proposition_participation,v2_exact,Baker's,positive,abnormality,french,<no_explicit_rule>,31,23,23,A Proposition may be supported by multiple detectors.
proposition_participation,v2_exact,Lateral Meniscus,positive,abnormality,cyrillic_script,target_local_association,31,19,19,A Proposition may be supported by multiple detectors.
proposition_participation,v2_exact,Medial Meniscus,negative,abnormality_absent,south_slavic,<no_explicit_rule>,31,31,31,A Proposition may be supported by multiple detectors.
proposition_participation,v3_target,Lateral OA,positive,chondral_abnormality,south_slavic,compartment_scope,31,31,31,A Proposition may be supported by multiple detectors.
proposition_participation,v3_morphology,Contusion,positive,bone_contusion,cyrillic_script,contusion_cyr,30,19,19,A Proposition may be supported by multiple detectors.
proposition_participation,v3_target,Medial OA,positive,chondral_abnormality,turkish,compartment_scope,30,28,28,A Proposition may be supported by multiple detectors.
proposition_participation,v3_target,PF OA,positive,chondral_abnormality,french,compartment_scope,30,18,18,A Proposition may be supported by multiple detectors.
proposition_participation,v2_exact,Contusion,positive,abnormality,german,<no_explicit_rule>,29,26,26,A Proposition may be supported by multiple detectors.
proposition_participation,v2_exact,Fracture,negative,abnormality_absent,french,<no_explicit_rule>,29,28,28,A Proposition may be supported by multiple detectors.
proposition_participation,v3_target,ACL,uncertain,abnormality,english,target_local_association,29,24,24,A Proposition may be supported by multiple detectors.
proposition_participation,v3_target,ACL,uncertain,tear,english,target_local_association,29,20,20,A Proposition may be supported by multiple detectors.
proposition_participation,v3_target,Lateral Meniscus,positive,abnormality,spanish,target_local_association,29,15,15,A Proposition may be supported by multiple detectors.
proposition_participation,v3_target,MCL,negative,abnormality_absent,south_slavic,target_local_association,29,29,29,A Proposition may be supported by multiple detectors.
proposition_participation,v3_target,Medial Meniscus,positive,extrusion,english,target_local_association,29,25,25,A Proposition may be supported by multiple detectors.
proposition_participation,v2_exact,Lateral OA,positive,chondral_abnormality,english,<no_explicit_rule>,28,28,28,A Proposition may be supported by multiple detectors.
proposition_participation,v2_exact,PF OA,positive,chondral_abnormality,turkish,compartment_scope,28,28,28,A Proposition may be supported by multiple detectors.
proposition_participation,v3_target,Medial Meniscus,positive,abnormality,spanish,target_local_association,28,19,19,A Proposition may be supported by multiple detectors.
proposition_participation,v3_target,Medial Meniscus,positive,tear,cyrillic_script,target_local_association,28,23,23,A Proposition may be supported by multiple detectors.
proposition_participation,v2_exact,Contusion,positive,abnormality,greek_script,<no_explicit_rule>,27,27,27,A Proposition may be supported by multiple detectors.
proposition_participation,v2_exact,Fracture,positive,avulsion,english,<no_explicit_rule>,27,18,18,A Proposition may be supported by multiple detectors.
proposition_participation,v2_exact,MCL,negative,abnormality_absent,south_slavic,target_local_association,27,27,27,A Proposition may be supported by multiple detectors.
proposition_participation,v2_exact,Medial Meniscus,negative,abnormality_absent,cyrillic_script,<no_explicit_rule>,27,27,27,A Proposition may be supported by multiple detectors.
proposition_participation,v2_exact,Medial Meniscus,positive,tear,cyrillic_script,target_local_association,27,23,23,A Proposition may be supported by multiple detectors.
proposition_participation,v3_morphology,Contusion,positive,bone_contusion,english|greek_script,contusion_el|contusion_en,27,27,27,A Proposition may be supported by multiple detectors.
proposition_participation,v3_target,Medial Meniscus,uncertain,tear,south_slavic,target_local_association,27,27,27,A Proposition may be supported by multiple detectors.
proposition_participation,v2_exact,Medial Meniscus,positive,extrusion,english,target_local_association,26,23,23,A Proposition may be supported by multiple detectors.
proposition_participation,v3_target,ACL,uncertain,tear,south_slavic,target_local_association,26,26,26,A Proposition may be supported by multiple detectors.
proposition_participation,v3_target,Lateral OA,negative,chondral_abnormality_absent,dutch,compartment_scope,26,26,26,A Proposition may be supported by multiple detectors.
proposition_participation,v3_target,MCL,positive,sprain,spanish,target_local_association,26,15,15,A Proposition may be supported by multiple detectors.
proposition_participation,v2_exact,Contusion,positive,fracture,english,<no_explicit_rule>,25,21,21,A Proposition may be supported by multiple detectors.
proposition_participation,v2_exact,Lateral OA,positive,degeneration,turkish,<no_explicit_rule>,25,25,25,A Proposition may be supported by multiple detectors.
proposition_participation,v3_target,Medial Meniscus,negative,normal_structure,cyrillic_script,target_local_normality,25,25,25,A Proposition may be supported by multiple detectors.
proposition_participation,v3_target,Medial OA,positive,chondral_abnormality,german,compartment_scope,25,24,24,A Proposition may be supported by multiple detectors.
proposition_participation,v3_target,PF OA,negative,chondral_abnormality_absent,german,compartment_scope,25,25,25,A Proposition may be supported by multiple detectors.
proposition_participation,v2_collective,ACL,negative,abnormality_absent,greek_script,cruciate_and_collateral_ligaments,24,24,24,A Proposition may be supported by multiple detectors.
proposition_participation,v2_collective,ACL,negative,abnormality_absent,greek_script,cruciate_ligaments,24,23,23,A Proposition may be supported by multiple detectors.
proposition_participation,v2_exact,ACL,negative,abnormality_absent,french,<no_explicit_rule>,24,24,24,A Proposition may be supported by multiple detectors.
proposition_participation,v2_exact,Effusion,negative,abnormality_absent,dutch,<no_explicit_rule>,24,23,23,A Proposition may be supported by multiple detectors.
proposition_participation,v2_exact,MCL,negative,abnormality_absent,english,target_local_association,24,23,23,A Proposition may be supported by multiple detectors.
proposition_participation,v2_exact,Medial Meniscus,negative,abnormality_absent,dutch,<no_explicit_rule>,24,24,24,A Proposition may be supported by multiple detectors.
proposition_participation,v2_exact,Medial Meniscus,negative,abnormality_absent,french,<no_explicit_rule>,24,20,20,A Proposition may be supported by multiple detectors.
proposition_participation,v2_exact,Medial Meniscus,positive,abnormality,spanish,target_local_association,24,18,18,A Proposition may be supported by multiple detectors.
proposition_participation,v3_morphology,Fracture,positive,fracture,turkish,fracture_tr,24,16,16,A Proposition may be supported by multiple detectors.
proposition_participation,v3_target,MCL,negative,abnormality_absent,english,target_local_association,24,23,23,A Proposition may be supported by multiple detectors.
proposition_participation,v3_target,MCL,positive,tear,south_slavic,target_local_association,24,22,22,A Proposition may be supported by multiple detectors.
proposition_participation,v2_exact,Medial Meniscus,positive,degeneration,cyrillic_script,<no_explicit_rule>,23,21,21,A Proposition may be supported by multiple detectors.
proposition_participation,v2_exact,Medial Meniscus,positive,tear,greek_script,<no_explicit_rule>,23,23,23,A Proposition may be supported by multiple detectors.
proposition_participation,v3_morphology,Effusion,uncertain,joint_effusion,english,effusion_en_plural,23,19,19,A Proposition may be supported by multiple detectors.
proposition_participation,v3_target,ACL,positive,abnormality,french,target_local_association,23,10,10,A Proposition may be supported by multiple detectors.
proposition_participation,v3_target,Medial Meniscus,negative,normal_structure,dutch,target_local_normality,23,23,23,A Proposition may be supported by multiple detectors.
proposition_participation,v3_target,Medial Meniscus,negative,normal_structure,greek_script,target_local_normality,23,18,18,A Proposition may be supported by multiple detectors.
proposition_participation,v3_target,Medial OA,negative,chondral_abnormality_absent,dutch,compartment_scope,23,23,23,A Proposition may be supported by multiple detectors.
proposition_participation,v2_exact,Contusion,positive,abnormality,turkish,<no_explicit_rule>,22,20,20,A Proposition may be supported by multiple detectors.
proposition_participation,v2_exact,Fracture,positive,fracture,turkish,fracture_tr,22,14,14,A Proposition may be supported by multiple detectors.
proposition_participation,v2_exact,MCL,negative,abnormality_absent,french,<no_explicit_rule>,22,22,22,A Proposition may be supported by multiple detectors.
proposition_participation,v2_exact,Medial Meniscus,positive,degeneration,greek_script,target_local_association,22,20,20,A Proposition may be supported by multiple detectors.
proposition_participation,v2_exact,Medial OA,positive,chondral_abnormality,english,<no_explicit_rule>,22,22,22,A Proposition may be supported by multiple detectors.
proposition_participation,v2_exact,PF OA,positive,chondral_abnormality,dutch,compartment_scope,22,19,19,A Proposition may be supported by multiple detectors.
proposition_participation,v3_morphology,Synovitis,positive,synovitis,turkish,synovitis_tr,22,22,22,A Proposition may be supported by multiple detectors.
proposition_participation,v3_target,ACL,negative,normal_structure,french,target_local_normality,22,22,22,A Proposition may be supported by multiple detectors.
proposition_participation,v3_target,Medial Meniscus,positive,abnormality,dutch,target_local_association,22,15,15,A Proposition may be supported by multiple detectors.
proposition_participation,v3_target,Medial Meniscus,positive,abnormality,english,target_local_association,22,18,18,A Proposition may be supported by multiple detectors.
proposition_participation,v3_target,Medial OA,positive,degeneration,turkish,compartment_scope,22,22,22,A Proposition may be supported by multiple detectors.
proposition_participation,v2_collective,Lateral Meniscus,positive,tear,spanish,both_menisci,21,13,13,A Proposition may be supported by multiple detectors.
proposition_participation,v2_exact,ACL,negative,abnormality_absent,spanish,target_local_association,21,18,18,A Proposition may be supported by multiple detectors.
proposition_participation,v2_exact,ACL,positive,abnormality,english,<no_explicit_rule>,21,19,19,A Proposition may be supported by multiple detectors.
proposition_participation,v2_exact,ACL,uncertain,tear,english,target_local_association,21,17,17,A Proposition may be supported by multiple detectors.
proposition_participation,v2_exact,Fracture,positive,fracture,cyrillic_script,fracture_cyr,21,12,12,A Proposition may be supported by multiple detectors.
proposition_participation,v2_exact,PF OA,negative,abnormality_absent,dutch,<no_explicit_rule>,21,21,21,A Proposition may be supported by multiple detectors.
proposition_participation,v3_morphology,Fracture,positive,fracture,english|french,fracture_en|fracture_fr,21,7,7,A Proposition may be supported by multiple detectors.
proposition_participation,v3_target,MCL,positive,abnormality,turkish,target_local_association,21,21,21,A Proposition may be supported by multiple detectors.
proposition_participation,v3_target,Medial OA,positive,chondral_abnormality,french,compartment_scope,21,12,12,A Proposition may be supported by multiple detectors.
proposition_participation,v2_collective,ACL,negative,abnormality_absent,french,cruciate_ligaments,20,20,20,A Proposition may be supported by multiple detectors.
proposition_participation,v2_exact,ACL,positive,abnormality,dutch,target_local_association,20,16,16,A Proposition may be supported by multiple detectors.
proposition_participation,v2_exact,Baker's,positive,tear,french,<no_explicit_rule>,20,13,13,A Proposition may be supported by multiple detectors.
proposition_participation,v2_exact,Baker's,positive,tear,spanish,<no_explicit_rule>,20,16,16,A Proposition may be supported by multiple detectors.
proposition_participation,v2_exact,Effusion,positive,tear,english,<no_explicit_rule>,20,18,18,A Proposition may be supported by multiple detectors.
proposition_participation,v2_exact,Medial Meniscus,positive,degeneration,french,target_local_association,20,15,15,A Proposition may be supported by multiple detectors.
proposition_participation,v3_morphology,Contusion,positive,bone_contusion,greek_script,contusion_el,20,19,19,A Proposition may be supported by multiple detectors.
proposition_participation,v3_target,ACL,positive,abnormality,dutch,target_local_association,20,16,16,A Proposition may be supported by multiple detectors.
proposition_participation,v3_target,ACL,positive,degeneration,greek_script,target_local_association,20,18,18,A Proposition may be supported by multiple detectors.
proposition_participation,v3_target,Lateral Meniscus,positive,degeneration,greek_script,target_local_association,20,20,20,A Proposition may be supported by multiple detectors.
proposition_participation,v3_target,PF OA,negative,chondral_abnormality_absent,dutch,compartment_scope,20,20,20,A Proposition may be supported by multiple detectors.
proposition_participation,v2_exact,Lateral Meniscus,positive,abnormality,spanish,target_local_association,19,15,15,A Proposition may be supported by multiple detectors.
proposition_participation,v2_exact,Medial Meniscus,positive,abnormality,dutch,target_local_association,19,14,14,A Proposition may be supported by multiple detectors.
proposition_participation,v2_exact,Medial OA,positive,degeneration,turkish,compartment_scope,19,19,19,A Proposition may be supported by multiple detectors.
proposition_participation,v2_exact,PF OA,positive,degeneration,turkish,<no_explicit_rule>,19,19,19,A Proposition may be supported by multiple detectors.
proposition_participation,v3_target,Lateral Meniscus,positive,abnormality,french,target_local_association,19,9,9,A Proposition may be supported by multiple detectors.
proposition_participation,v2_exact,Medial Meniscus,positive,abnormality,english,target_local_association,18,15,15,A Proposition may be supported by multiple detectors.
proposition_participation,v2_exact,Medial OA,positive,abnormality,spanish,<no_explicit_rule>,18,18,18,A Proposition may be supported by multiple detectors.
proposition_participation,v2_exact,Synovitis,positive,abnormality,turkish,<no_explicit_rule>,18,18,18,A Proposition may be supported by multiple detectors.
proposition_participation,v3_target,Lateral OA,negative,normal_cartilage,spanish,compartment_normality,18,18,18,A Proposition may be supported by multiple detectors.
proposition_participation,v3_target,PF OA,uncertain,chondral_abnormality,english,compartment_scope,18,14,14,A Proposition may be supported by multiple detectors.
proposition_participation,v2_exact,Contusion,positive,chondral_abnormality,english,<no_explicit_rule>,17,11,11,A Proposition may be supported by multiple detectors.
proposition_participation,v2_exact,Effusion,positive,chondral_abnormality,greek_script,<no_explicit_rule>,17,14,14,A Proposition may be supported by multiple detectors.
proposition_participation,v2_exact,Effusion,positive,tear,greek_script,<no_explicit_rule>,17,17,17,A Proposition may be supported by multiple detectors.
proposition_participation,v2_exact,Lateral OA,negative,abnormality_absent,spanish,<no_explicit_rule>,17,17,17,A Proposition may be supported by multiple detectors.
proposition_participation,v2_exact,MCL,positive,abnormality,english,<no_explicit_rule>,17,13,13,A Proposition may be supported by multiple detectors.
proposition_participation,v2_exact,MCL,positive,abnormality,turkish,target_local_association,17,17,17,A Proposition may be supported by multiple detectors.
proposition_participation,v2_exact,MCL,positive,tear,south_slavic,target_local_association,17,17,17,A Proposition may be supported by multiple detectors.
proposition_participation,v2_exact,Medial Meniscus,negative,abnormality_absent,greek_script,<no_explicit_rule>,17,17,17,A Proposition may be supported by multiple detectors.
proposition_participation,v2_exact,Medial OA,positive,chondral_abnormality,german,compartment_scope,17,17,17,A Proposition may be supported by multiple detectors.
proposition_participation,v2_exact,Medial OA,positive,chondral_abnormality,south_slavic,compartment_scope,17,17,17,A Proposition may be supported by multiple detectors.
proposition_participation,v3_morphology,Fracture,positive,fracture,south_slavic,fracture_sl,17,13,13,A Proposition may be supported by multiple detectors.
proposition_participation,v3_target,Lateral Meniscus,positive,abnormality,turkish,target_local_association,17,14,14,A Proposition may be supported by multiple detectors.
proposition_participation,v3_target,Medial Meniscus,positive,abnormality,german,target_local_association,17,17,17,A Proposition may be supported by multiple detectors.
proposition_participation,v2_collective,Medial Meniscus,positive,tear,english,both_menisci,16,16,16,A Proposition may be supported by multiple detectors.
proposition_participation,v2_exact,ACL,positive,degeneration,greek_script,target_local_association,16,16,16,A Proposition may be supported by multiple detectors.
proposition_participation,v2_exact,Effusion,positive,abnormality,latin_other,<no_explicit_rule>,16,15,15,A Proposition may be supported by multiple detectors.
proposition_participation,v2_exact,Effusion,positive,chondral_abnormality,dutch,<no_explicit_rule>,16,16,16,A Proposition may be supported by multiple detectors.
proposition_participation,v2_exact,Lateral Meniscus,positive,abnormality,french,target_local_association,16,9,9,A Proposition may be supported by multiple detectors.
proposition_participation,v3_target,Lateral Meniscus,negative,abnormality_absent,french,target_local_association,16,14,14,A Proposition may be supported by multiple detectors.
proposition_participation,v3_target,Lateral Meniscus,positive,degeneration,german,target_local_association,16,16,16,A Proposition may be supported by multiple detectors.
proposition_participation,v3_target,Lateral OA,positive,chondral_abnormality,german,compartment_scope,16,15,15,A Proposition may be supported by multiple detectors.
proposition_participation,v2_exact,Fracture,positive,fracture,south_slavic,fracture_sl,15,12,12,A Proposition may be supported by multiple detectors.
proposition_participation,v2_exact,Lateral Meniscus,negative,abnormality_absent,french,target_local_association,15,14,14,A Proposition may be supported by multiple detectors.
proposition_participation,v2_exact,Medial OA,positive,tear,english,<no_explicit_rule>,15,14,14,A Proposition may be supported by multiple detectors.
proposition_participation,v2_exact,PF OA,positive,degeneration,english,<no_explicit_rule>,15,13,13,A Proposition may be supported by multiple detectors.
proposition_participation,v2_exact,Synovitis,negative,abnormality_absent,english,<no_explicit_rule>,15,14,14,A Proposition may be supported by multiple detectors.
proposition_participation,v2_exact,Synovitis,positive,abnormality,french,<no_explicit_rule>,15,9,9,A Proposition may be supported by multiple detectors.
proposition_participation,v3_morphology,Baker's,uncertain,baker_cyst,english,baker_variants,15,11,11,A Proposition may be supported by multiple detectors.
proposition_participation,v3_target,Lateral Meniscus,positive,abnormality,english,target_local_association,15,13,13,A Proposition may be supported by multiple detectors.
proposition_participation,v3_target,MCL,uncertain,tear,english,target_local_association,15,13,13,A Proposition may be supported by multiple detectors.
proposition_participation,v2_exact,ACL,positive,abnormality,french,target_local_association,14,9,9,A Proposition may be supported by multiple detectors.
proposition_participation,v2_exact,Fracture,positive,fracture,english,<no_explicit_rule>,14,12,12,A Proposition may be supported by multiple detectors.
proposition_participation,v2_exact,Fracture,positive,fracture,english|french,fracture_en|fracture_fr,14,7,7,A Proposition may be supported by multiple detectors.
proposition_participation,v2_exact,Lateral Meniscus,positive,abnormality,turkish,target_local_association,14,11,11,A Proposition may be supported by multiple detectors.
proposition_participation,v2_exact,Lateral OA,positive,chondral_abnormality,south_slavic,compartment_scope,14,14,14,A Proposition may be supported by multiple detectors.
proposition_participation,v2_exact,Medial Meniscus,positive,degeneration,german,target_local_association,14,14,14,A Proposition may be supported by multiple detectors.
proposition_participation,v3_morphology,Synovitis,positive,synovitis,german,synovitis_de,14,13,13,A Proposition may be supported by multiple detectors.
proposition_participation,v3_target,ACL,uncertain,degeneration,english,target_local_association,14,12,12,A Proposition may be supported by multiple detectors.
proposition_participation,v2_exact,ACL,positive,tear,cyrillic_script,target_local_association,13,10,10,A Proposition may be supported by multiple detectors.
proposition_participation,v2_exact,Baker's,positive,tear,greek_script,<no_explicit_rule>,13,13,13,A Proposition may be supported by multiple detectors.
proposition_participation,v2_exact,Lateral Meniscus,positive,abnormality,english,target_local_association,13,11,11,A Proposition may be supported by multiple detectors.
proposition_participation,v2_exact,MCL,negative,abnormality_absent,french,target_local_association,13,13,13,A Proposition may be supported by multiple detectors.
proposition_participation,v3_target,ACL,negative,abnormality_absent,south_slavic,target_local_association,13,13,13,A Proposition may be supported by multiple detectors.
proposition_participation,v3_target,ACL,positive,tear,cyrillic_script,target_local_association,13,10,10,A Proposition may be supported by multiple detectors.
proposition_participation,v3_target,Lateral Meniscus,positive,abnormality,dutch,target_local_association,13,9,9,A Proposition may be supported by multiple detectors.
proposition_participation,v3_target,MCL,negative,abnormality_absent,french,target_local_association,13,13,13,A Proposition may be supported by multiple detectors.
proposition_participation,v3_target,MCL,positive,sprain,greek_script,target_local_association,13,11,11,A Proposition may be supported by multiple detectors.
proposition_participation,v3_target,PF OA,positive,chondral_abnormality,cyrillic_script,compartment_scope,13,10,10,A Proposition may be supported by multiple detectors.
proposition_participation,v2_exact,ACL,positive,degeneration,south_slavic,target_local_association,12,12,12,A Proposition may be supported by multiple detectors.
proposition_participation,v2_exact,Baker's,uncertain,abnormality,spanish,<no_explicit_rule>,12,8,8,A Proposition may be supported by multiple detectors.
proposition_participation,v2_exact,Contusion,uncertain,fracture,english,<no_explicit_rule>,12,10,10,A Proposition may be supported by multiple detectors.
proposition_participation,v2_exact,Lateral OA,negative,abnormality_absent,greek_script,<no_explicit_rule>,12,11,11,A Proposition may be supported by multiple detectors.
proposition_participation,v2_exact,Medial Meniscus,uncertain,tear,south_slavic,target_local_association,12,12,12,A Proposition may be supported by multiple detectors.
proposition_participation,v2_exact,Medial OA,positive,degeneration,english,<no_explicit_rule>,12,9,9,A Proposition may be supported by multiple detectors.
proposition_participation,v2_exact,Medial OA,positive,degeneration,turkish,<no_explicit_rule>,12,12,12,A Proposition may be supported by multiple detectors.
proposition_participation,v2_exact,PF OA,positive,chondral_abnormality,english,<no_explicit_rule>,12,12,12,A Proposition may be supported by multiple detectors.
proposition_participation,v3_target,ACL,negative,normal_structure,cyrillic_script,target_local_normality,12,12,12,A Proposition may be supported by multiple detectors.
proposition_participation,v3_target,ACL,positive,avulsion,english,target_local_association,12,6,6,A Proposition may be supported by multiple detectors.
proposition_participation,v3_target,Lateral OA,positive,chondral_abnormality,dutch,compartment_scope,12,10,10,A Proposition may be supported by multiple detectors.
proposition_participation,v3_target,PF OA,negative,normal_cartilage,south_slavic,compartment_normality,12,12,12,A Proposition may be supported by multiple detectors.
proposition_participation,v2_collective,Lateral Meniscus,negative,abnormality_absent,german,both_menisci|both_menisci_negative_only,11,11,11,A Proposition may be supported by multiple detectors.
proposition_participation,v2_collective,Medial Meniscus,negative,abnormality_absent,german,both_menisci|both_menisci_negative_only,11,11,11,A Proposition may be supported by multiple detectors.
proposition_participation,v2_collective,Medial Meniscus,positive,degeneration,english,both_menisci,11,11,11,A Proposition may be supported by multiple detectors.
proposition_participation,v2_exact,ACL,negative,abnormality_absent,cyrillic_script,<no_explicit_rule>,11,11,11,A Proposition may be supported by multiple detectors.
proposition_participation,v2_exact,Contusion,positive,tear,english,<no_explicit_rule>,11,10,10,A Proposition may be supported by multiple detectors.
proposition_participation,v2_exact,Effusion,positive,tear,french,<no_explicit_rule>,11,9,9,A Proposition may be supported by multiple detectors.
proposition_participation,v2_exact,Fracture,negative,abnormality_absent,cyrillic_script,<no_explicit_rule>,11,10,10,A Proposition may be supported by multiple detectors.
proposition_participation,v2_exact,Lateral Meniscus,positive,tear,greek_script,<no_explicit_rule>,11,11,11,A Proposition may be supported by multiple detectors.
proposition_participation,v2_exact,Lateral OA,negative,abnormality_absent,german,<no_explicit_rule>,11,11,11,A Proposition may be supported by multiple detectors.
proposition_participation,v2_exact,Lateral OA,positive,chondral_abnormality,german,compartment_scope,11,11,11,A Proposition may be supported by multiple detectors.
proposition_participation,v2_exact,Medial OA,positive,chondral_abnormality,turkish,compartment_scope,11,11,11,A Proposition may be supported by multiple detectors.
proposition_participation,v2_exact,Medial OA,positive,degeneration,greek_script,<no_explicit_rule>,11,11,11,A Proposition may be supported by multiple detectors.
proposition_participation,v2_exact,Medial OA,positive,tear,greek_script,<no_explicit_rule>,11,10,10,A Proposition may be supported by multiple detectors.
proposition_participation,v2_exact,Synovitis,uncertain,abnormality,english,<no_explicit_rule>,11,10,10,A Proposition may be supported by multiple detectors.
proposition_participation,v3_morphology,Baker's,positive,baker_cyst,dutch|english,baker_nl|baker_variants,11,8,8,A Proposition may be supported by multiple detectors.
proposition_participation,v3_morphology,Contusion,positive,bone_contusion,south_slavic,contusion_sl,11,11,11,A Proposition may be supported by multiple detectors.
proposition_participation,v3_morphology,Fracture,negative,fracture_absent,cyrillic_script,fracture_cyr,11,10,10,A Proposition may be supported by multiple detectors.
proposition_participation,v3_target,ACL,negative,abnormality_absent,cyrillic_script,target_local_association,11,9,9,A Proposition may be supported by multiple detectors.
proposition_participation,v3_target,Lateral Meniscus,positive,degeneration,dutch,target_local_association,11,9,9,A Proposition may be supported by multiple detectors.
proposition_participation,v3_target,Lateral Meniscus,positive,degeneration,french,target_local_association,11,10,10,A Proposition may be supported by multiple detectors.
proposition_participation,v3_target,Medial Meniscus,positive,degeneration,spanish,target_local_association,11,8,8,A Proposition may be supported by multiple detectors.
proposition_participation,v3_target,Medial Meniscus,positive,extrusion,dutch,target_local_association,11,9,9,A Proposition may be supported by multiple detectors.
proposition_participation,v3_target,PF OA,positive,degeneration,turkish,compartment_scope,11,11,11,A Proposition may be supported by multiple detectors.
proposition_participation,v2_collective,Lateral Meniscus,negative,abnormality_absent,cyrillic_script,both_menisci_negative_only,10,10,10,A Proposition may be supported by multiple detectors.
proposition_participation,v2_collective,Medial Meniscus,negative,abnormality_absent,cyrillic_script,both_menisci_negative_only,10,10,10,A Proposition may be supported by multiple detectors.
proposition_participation,v2_collective,Medial Meniscus,positive,degeneration,turkish,both_menisci,10,9,9,A Proposition may be supported by multiple detectors.
proposition_participation,v2_exact,ACL,uncertain,tear,south_slavic,target_local_association,10,10,10,A Proposition may be supported by multiple detectors.
proposition_participation,v2_exact,Contusion,positive,fracture,spanish,<no_explicit_rule>,10,6,6,A Proposition may be supported by multiple detectors.
proposition_participation,v2_exact,Contusion,uncertain,abnormality,english,<no_explicit_rule>,10,8,8,A Proposition may be supported by multiple detectors.
proposition_participation,v2_exact,Effusion,positive,tear,south_slavic,<no_explicit_rule>,10,10,10,A Proposition may be supported by multiple detectors.
proposition_participation,v2_exact,Fracture,negative,abnormality_absent,dutch,<no_explicit_rule>,10,9,9,A Proposition may be supported by multiple detectors.
proposition_participation,v2_exact,Lateral Meniscus,positive,abnormality,dutch,target_local_association,10,7,7,A Proposition may be supported by multiple detectors.
proposition_participation,v2_exact,Lateral Meniscus,positive,degeneration,dutch,target_local_association,10,8,8,A Proposition may be supported by multiple detectors.
proposition_participation,v2_exact,Lateral OA,positive,degeneration,english,<no_explicit_rule>,10,8,8,A Proposition may be supported by multiple detectors.
proposition_participation,v2_exact,MCL,positive,sprain,greek_script,target_local_association,10,9,9,A Proposition may be supported by multiple detectors.
proposition_participation,v2_exact,Medial OA,positive,abnormality,turkish,<no_explicit_rule>,10,9,9,A Proposition may be supported by multiple detectors.
proposition_participation,v2_exact,PF OA,positive,abnormality,spanish,<no_explicit_rule>,10,9,9,A Proposition may be supported by multiple detectors.
proposition_participation,v2_exact,PF OA,positive,chondral_abnormality,south_slavic,compartment_scope,10,10,10,A Proposition may be supported by multiple detectors.
proposition_participation,v2_exact,PF OA,positive,degeneration,turkish,compartment_scope,10,10,10,A Proposition may be supported by multiple detectors.
proposition_participation,v3_morphology,Baker's,positive,baker_cyst,south_slavic,baker_sl,10,9,9,A Proposition may be supported by multiple detectors.
proposition_participation,v3_target,Medial Meniscus,negative,normal_structure,french,target_local_normality,10,10,10,A Proposition may be supported by multiple detectors.
proposition_participation,v3_target,Medial Meniscus,positive,extrusion,french,target_local_association,10,5,5,A Proposition may be supported by multiple detectors.
proposition_participation,v3_target,Medial Meniscus,positive,extrusion,german,target_local_association,10,10,10,A Proposition may be supported by multiple detectors.
proposition_participation,v2_collective,Lateral Meniscus,negative,abnormality_absent,south_slavic,both_menisci_negative_only,9,9,9,A Proposition may be supported by multiple detectors.
proposition_participation,v2_collective,Medial Meniscus,negative,abnormality_absent,south_slavic,both_menisci_negative_only,9,9,9,A Proposition may be supported by multiple detectors.
proposition_participation,v2_collective,Medial OA,negative,abnormality_absent,greek_script,tibiofemoral_compartments,9,8,8,A Proposition may be supported by multiple detectors.
proposition_participation,v2_collective,PF OA,negative,abnormality_absent,greek_script,tibiofemoral_compartments,9,8,8,A Proposition may be supported by multiple detectors.
proposition_participation,v2_exact,ACL,negative,abnormality_absent,cyrillic_script,target_local_association,9,9,9,A Proposition may be supported by multiple detectors.
proposition_participation,v2_exact,ACL,positive,degeneration,cyrillic_script,target_local_association,9,6,6,A Proposition may be supported by multiple detectors.
proposition_participation,v2_exact,ACL,positive,degeneration,dutch,target_local_association,9,7,7,A Proposition may be supported by multiple detectors.
proposition_participation,v2_exact,ACL,positive,degeneration,english,<no_explicit_rule>,9,9,9,A Proposition may be supported by multiple detectors.
proposition_participation,v2_exact,Lateral Meniscus,positive,degeneration,greek_script,target_local_association,9,9,9,A Proposition may be supported by multiple detectors.
proposition_participation,v2_exact,Lateral OA,positive,abnormality,spanish,<no_explicit_rule>,9,9,9,A Proposition may be supported by multiple detectors.
proposition_participation,v2_exact,MCL,negative,abnormality_absent,dutch,<no_explicit_rule>,9,9,9,A Proposition may be supported by multiple detectors.
proposition_participation,v2_exact,MCL,positive,tear,english,<no_explicit_rule>,9,9,9,A Proposition may be supported by multiple detectors.
proposition_participation,v2_exact,MCL,positive,tear,turkish,target_local_association,9,9,9,A Proposition may be supported by multiple detectors.
proposition_participation,v2_exact,MCL,uncertain,abnormality,english,target_local_association,9,8,8,A Proposition may be supported by multiple detectors.
proposition_participation,v3_target,ACL,positive,degeneration,cyrillic_script,target_local_association,9,6,6,A Proposition may be supported by multiple detectors.
proposition_participation,v3_target,ACL,positive,degeneration,dutch,target_local_association,9,7,7,A Proposition may be supported by multiple detectors.
proposition_participation,v3_target,Lateral Meniscus,uncertain,tear,spanish,target_local_association,9,5,5,A Proposition may be supported by multiple detectors.
proposition_participation,v3_target,Lateral OA,negative,chondral_abnormality_absent,german,compartment_scope,9,9,9,A Proposition may be supported by multiple detectors.
proposition_participation,v3_target,MCL,negative,normal_structure,dutch,target_local_normality,9,9,9,A Proposition may be supported by multiple detectors.
proposition_participation,v3_target,MCL,positive,tear,turkish,target_local_association,9,9,9,A Proposition may be supported by multiple detectors.
proposition_participation,v3_target,Medial Meniscus,uncertain,tear,spanish,target_local_association,9,7,7,A Proposition may be supported by multiple detectors.
proposition_participation,v2_collective,ACL,negative,abnormality_absent,turkish,cruciate_ligaments,8,8,8,A Proposition may be supported by multiple detectors.
proposition_participation,v2_collective,Lateral Meniscus,negative,abnormality_absent,spanish,both_menisci|both_menisci_negative_only,8,8,8,A Proposition may be supported by multiple detectors.
proposition_participation,v2_collective,Lateral Meniscus,positive,tear,english,both_menisci|target_local_association,8,8,8,A Proposition may be supported by multiple detectors.
proposition_participation,v2_collective,Medial Meniscus,negative,abnormality_absent,english,both_menisci,8,8,8,A Proposition may be supported by multiple detectors.
proposition_participation,v2_collective,Medial Meniscus,negative,abnormality_absent,spanish,both_menisci|both_menisci_negative_only,8,8,8,A Proposition may be supported by multiple detectors.
proposition_participation,v2_collective,Medial OA,positive,chondral_abnormality,english,compartment_scope|tibiofemoral_compartments,8,6,6,A Proposition may be supported by multiple detectors.
proposition_participation,v2_exact,ACL,negative,abnormality_absent,south_slavic,target_local_association,8,8,8,A Proposition may be supported by multiple detectors.
proposition_participation,v2_exact,ACL,positive,sprain,turkish,target_local_association,8,7,7,A Proposition may be supported by multiple detectors.
proposition_participation,v2_exact,Baker's,negative,abnormality_absent,latin_other,<no_explicit_rule>,8,8,8,A Proposition may be supported by multiple detectors.
proposition_participation,v2_exact,Effusion,uncertain,abnormality,english,<no_explicit_rule>,8,8,8,A Proposition may be supported by multiple detectors.
proposition_participation,v2_exact,Fracture,negative,abnormality_absent,spanish,<no_explicit_rule>,8,6,6,A Proposition may be supported by multiple detectors.
proposition_participation,v2_exact,Lateral OA,positive,degeneration,greek_script,<no_explicit_rule>,8,8,8,A Proposition may be supported by multiple detectors.
proposition_participation,v2_exact,Medial Meniscus,positive,degeneration,cyrillic_script,target_local_association,8,7,7,A Proposition may be supported by multiple detectors.
proposition_participation,v2_exact,Medial OA,negative,abnormality_absent,spanish,<no_explicit_rule>,8,8,8,A Proposition may be supported by multiple detectors.
proposition_participation,v2_exact,Medial OA,positive,chondral_abnormality,french,compartment_scope,8,7,7,A Proposition may be supported by multiple detectors.
proposition_participation,v2_exact,Synovitis,positive,chondral_abnormality,english,<no_explicit_rule>,8,8,8,A Proposition may be supported by multiple detectors.
proposition_participation,v3_target,ACL,positive,sprain,turkish,target_local_association,8,7,7,A Proposition may be supported by multiple detectors.
proposition_participation,v3_target,Lateral Meniscus,positive,tear,english,both_menisci|target_local_association,8,8,8,A Proposition may be supported by multiple detectors.
proposition_participation,v3_target,MCL,positive,abnormality,french,target_local_association,8,4,4,A Proposition may be supported by multiple detectors.
proposition_participation,v3_target,MCL,positive,avulsion,english,target_local_association,8,5,5,A Proposition may be supported by multiple detectors.
proposition_participation,v3_target,Medial Meniscus,negative,normal_structure,south_slavic,target_local_normality,8,8,8,A Proposition may be supported by multiple detectors.
proposition_participation,v3_target,Medial Meniscus,positive,degeneration,cyrillic_script,target_local_association,8,7,7,A Proposition may be supported by multiple detectors.
proposition_participation,v3_target,Medial Meniscus,uncertain,degeneration,english,target_local_association,8,8,8,A Proposition may be supported by multiple detectors.
proposition_participation,v3_target,Medial OA,negative,normal_cartilage,spanish,compartment_normality,8,8,8,A Proposition may be supported by multiple detectors.
proposition_participation,v3_target,Medial OA,positive,chondral_abnormality,english,compartment_scope|tibiofemoral_compartments,8,6,6,A Proposition may be supported by multiple detectors.
proposition_participation,v3_target,PF OA,negative,chondral_abnormality_absent,spanish,compartment_scope,8,8,8,A Proposition may be supported by multiple detectors.
proposition_participation,v2_exact,ACL,positive,avulsion,english,target_local_association,7,5,5,A Proposition may be supported by multiple detectors.
proposition_participation,v2_exact,ACL,positive,sprain,english,target_local_association,7,5,5,A Proposition may be supported by multiple detectors.
proposition_participation,v2_exact,ACL,positive,sprain,turkish,<no_explicit_rule>,7,7,7,A Proposition may be supported by multiple detectors.
proposition_participation,v2_exact,Contusion,positive,abnormality,french,<no_explicit_rule>,7,5,5,A Proposition may be supported by multiple detectors.
proposition_participation,v2_exact,Effusion,positive,chondral_abnormality,english,<no_explicit_rule>,7,7,7,A Proposition may be supported by multiple detectors.
proposition_participation,v2_exact,Lateral OA,positive,chondral_abnormality,french,compartment_scope,7,7,7,A Proposition may be supported by multiple detectors.
proposition_participation,v2_exact,MCL,positive,avulsion,english,target_local_association,7,4,4,A Proposition may be supported by multiple detectors.
proposition_participation,v2_exact,MCL,uncertain,tear,english,target_local_association,7,7,7,A Proposition may be supported by multiple detectors.
proposition_participation,v2_exact,Medial Meniscus,positive,degeneration,spanish,target_local_association,7,5,5,A Proposition may be supported by multiple detectors.
proposition_participation,v2_exact,Medial Meniscus,positive,extrusion,french,target_local_association,7,5,5,A Proposition may be supported by multiple detectors.
proposition_participation,v2_exact,Medial Meniscus,positive,tear,south_slavic,<no_explicit_rule>,7,7,7,A Proposition may be supported by multiple detectors.
proposition_participation,v2_exact,Medial Meniscus,uncertain,tear,spanish,target_local_association,7,7,7,A Proposition may be supported by multiple detectors.
proposition_participation,v2_exact,PF OA,positive,chondral_abnormality,french,compartment_scope,7,6,6,A Proposition may be supported by multiple detectors.
proposition_participation,v2_exact,Synovitis,positive,abnormality,dutch,<no_explicit_rule>,7,4,4,A Proposition may be supported by multiple detectors.
proposition_participation,v3_morphology,Fracture,uncertain,fracture,south_slavic,fracture_sl,7,6,6,A Proposition may be supported by multiple detectors.
proposition_participation,v3_target,ACL,positive,sprain,english,target_local_association,7,5,5,A Proposition may be supported by multiple detectors.
proposition_participation,v3_target,Lateral Meniscus,positive,abnormality,german,target_local_association,7,7,7,A Proposition may be supported by multiple detectors.
proposition_participation,v3_target,Lateral Meniscus,positive,degeneration,spanish,target_local_association,7,5,5,A Proposition may be supported by multiple detectors.
proposition_participation,v3_target,Lateral OA,positive,chondral_abnormality,french,compartment_scope,7,7,7,A Proposition may be supported by multiple detectors.
proposition_participation,v3_target,MCL,positive,abnormality,south_slavic,target_local_association,7,6,6,A Proposition may be supported by multiple detectors.
proposition_participation,v3_target,MCL,positive,degeneration,english,target_local_association,7,5,5,A Proposition may be supported by multiple detectors.
proposition_participation,v3_target,PF OA,positive,chondral_abnormality,latin_other,compartment_scope,7,5,5,A Proposition may be supported by multiple detectors.
proposition_participation,v2_collective,Lateral Meniscus,negative,abnormality_absent,latin_other,both_menisci|both_menisci_negative_only,6,6,6,A Proposition may be supported by multiple detectors.
proposition_participation,v2_collective,Medial Meniscus,negative,abnormality_absent,latin_other,both_menisci|both_menisci_negative_only,6,6,6,A Proposition may be supported by multiple detectors.
proposition_participation,v2_collective,Medial Meniscus,negative,abnormality_absent,south_slavic,both_menisci,6,6,6,A Proposition may be supported by multiple detectors.
proposition_participation,v2_collective,PF OA,positive,chondral_abnormality,english,tibiofemoral_compartments,6,4,4,A Proposition may be supported by multiple detectors.
proposition_participation,v2_exact,ACL,positive,tear,english,<no_explicit_rule>,6,5,5,A Proposition may be supported by multiple detectors.
proposition_participation,v2_exact,Lateral Meniscus,negative,abnormality_absent,latin_other,target_local_association,6,6,6,A Proposition may be supported by multiple detectors.
proposition_participation,v2_exact,Lateral Meniscus,uncertain,tear,spanish,target_local_association,6,5,5,A Proposition may be supported by multiple detectors.
proposition_participation,v2_exact,Lateral OA,positive,tear,greek_script,<no_explicit_rule>,6,6,6,A Proposition may be supported by multiple detectors.
proposition_participation,v2_exact,MCL,positive,abnormality,french,target_local_association,6,4,4,A Proposition may be supported by multiple detectors.
proposition_participation,v2_exact,MCL,positive,degeneration,english,target_local_association,6,4,4,A Proposition may be supported by multiple detectors.
proposition_participation,v2_exact,Medial Meniscus,negative,abnormality_absent,spanish,<no_explicit_rule>,6,6,6,A Proposition may be supported by multiple detectors.
proposition_participation,v2_exact,Medial Meniscus,positive,abnormality,german,target_local_association,6,6,6,A Proposition may be supported by multiple detectors.
proposition_participation,v2_exact,Medial Meniscus,positive,chondral_abnormality,cyrillic_script,<no_explicit_rule>,6,6,6,A Proposition may be supported by multiple detectors.
proposition_participation,v2_exact,Medial Meniscus,positive,degeneration,english,<no_explicit_rule>,6,6,6,A Proposition may be supported by multiple detectors.
proposition_participation,v2_exact,Medial OA,positive,chondral_abnormality,greek_script,compartment_scope,6,6,6,A Proposition may be supported by multiple detectors.
proposition_participation,v2_exact,Medial OA,positive,degeneration,french,<no_explicit_rule>,6,5,5,A Proposition may be supported by multiple detectors.
proposition_participation,v2_exact,PF OA,positive,degeneration,french,<no_explicit_rule>,6,5,5,A Proposition may be supported by multiple detectors.
proposition_participation,v3_target,ACL,uncertain,degeneration,south_slavic,target_local_association,6,6,6,A Proposition may be supported by multiple detectors.
proposition_participation,v3_target,ACL,uncertain,sprain,english,target_local_association,6,4,4,A Proposition may be supported by multiple detectors.
proposition_participation,v3_target,Lateral Meniscus,negative,abnormality_absent,latin_other,target_local_association,6,6,6,A Proposition may be supported by multiple detectors.
proposition_participation,v3_target,Lateral Meniscus,uncertain,degeneration,english,target_local_association,6,4,4,A Proposition may be supported by multiple detectors.
proposition_participation,v3_target,MCL,positive,degeneration,south_slavic,target_local_association,6,6,6,A Proposition may be supported by multiple detectors.
proposition_participation,v3_target,PF OA,negative,normal_cartilage,turkish,compartment_normality,6,6,6,A Proposition may be supported by multiple detectors.
proposition_participation,v2_collective,ACL,negative,abnormality_absent,latin_other,cruciate_and_collateral_ligaments,5,5,5,A Proposition may be supported by multiple detectors.
proposition_participation,v2_collective,Lateral Meniscus,negative,abnormality_absent,latin_other,both_menisci_negative_only,5,5,5,A Proposition may be supported by multiple detectors.
proposition_participation,v2_collective,Lateral Meniscus,negative,abnormality_absent,south_slavic,both_menisci,5,5,5,A Proposition may be supported by multiple detectors.
proposition_participation,v2_collective,MCL,negative,abnormality_absent,latin_other,collateral_ligaments,5,5,5,A Proposition may be supported by multiple detectors.
proposition_participation,v2_collective,MCL,negative,abnormality_absent,latin_other,collateral_ligaments|cruciate_and_collateral_ligaments,5,5,5,A Proposition may be supported by multiple detectors.
proposition_participation,v2_collective,Medial Meniscus,negative,abnormality_absent,latin_other,both_menisci_negative_only,5,5,5,A Proposition may be supported by multiple detectors.
proposition_participation,v2_exact,ACL,negative,abnormality_absent,french,target_local_association,5,4,4,A Proposition may be supported by multiple detectors.
proposition_participation,v2_exact,ACL,negative,abnormality_absent,german,<no_explicit_rule>,5,5,5,A Proposition may be supported by multiple detectors.
proposition_participation,v2_exact,ACL,negative,abnormality_absent,greek_script,target_local_association,5,5,5,A Proposition may be supported by multiple detectors.
proposition_participation,v2_exact,ACL,negative,abnormality_absent,latin_other,<no_explicit_rule>,5,5,5,A Proposition may be supported by multiple detectors.
proposition_participation,v2_exact,ACL,positive,degeneration,spanish,target_local_association,5,4,4,A Proposition may be supported by multiple detectors.
proposition_participation,v2_exact,Baker's,positive,tear,german,<no_explicit_rule>,5,5,5,A Proposition may be supported by multiple detectors.
proposition_participation,v2_exact,Baker's,positive,tear,turkish,<no_explicit_rule>,5,5,5,A Proposition may be supported by multiple detectors.
proposition_participation,v2_exact,Contusion,positive,tear,greek_script,<no_explicit_rule>,5,5,5,A Proposition may be supported by multiple detectors.
proposition_participation,v2_exact,Effusion,positive,degeneration,greek_script,<no_explicit_rule>,5,4,4,A Proposition may be supported by multiple detectors.
proposition_participation,v2_exact,Lateral Meniscus,negative,abnormality_absent,spanish,<no_explicit_rule>,5,5,5,A Proposition may be supported by multiple detectors.
proposition_participation,v2_exact,Lateral Meniscus,positive,abnormality,german,target_local_association,5,5,5,A Proposition may be supported by multiple detectors.
proposition_participation,v2_exact,Lateral Meniscus,positive,degeneration,cyrillic_script,<no_explicit_rule>,5,3,3,A Proposition may be supported by multiple detectors.
proposition_participation,v2_exact,Lateral Meniscus,positive,degeneration,spanish,target_local_association,5,4,4,A Proposition may be supported by multiple detectors.
proposition_participation,v2_exact,Lateral Meniscus,positive,tear,south_slavic,<no_explicit_rule>,5,5,5,A Proposition may be supported by multiple detectors.
proposition_participation,v2_exact,MCL,positive,abnormality,south_slavic,target_local_association,5,5,5,A Proposition may be supported by multiple detectors.
proposition_participation,v2_exact,Medial Meniscus,negative,abnormality_absent,greek_script,target_local_association,5,5,5,A Proposition may be supported by multiple detectors.
proposition_participation,v2_exact,Medial Meniscus,positive,avulsion,english,target_local_association,5,3,3,A Proposition may be supported by multiple detectors.
proposition_participation,v2_exact,Medial Meniscus,positive,degeneration,german,<no_explicit_rule>,5,5,5,A Proposition may be supported by multiple detectors.
proposition_participation,v2_exact,Medial Meniscus,positive,extrusion,greek_script,target_local_association,5,5,5,A Proposition may be supported by multiple detectors.
proposition_participation,v2_exact,Medial Meniscus,positive,tear,spanish,<no_explicit_rule>,5,4,4,A Proposition may be supported by multiple detectors.
proposition_participation,v2_exact,Medial OA,negative,abnormality_absent,german,<no_explicit_rule>,5,5,5,A Proposition may be supported by multiple detectors.
proposition_participation,v2_exact,Synovitis,negative,abnormality_absent,spanish,<no_explicit_rule>,5,5,5,A Proposition may be supported by multiple detectors.
proposition_participation,v2_exact,Synovitis,positive,abnormality,latin_other,<no_explicit_rule>,5,2,2,A Proposition may be supported by multiple detectors.
proposition_participation,v2_exact,Synovitis,positive,sprain,turkish,<no_explicit_rule>,5,5,5,A Proposition may be supported by multiple detectors.
proposition_participation,v2_exact,Synovitis,positive,tear,english,<no_explicit_rule>,5,4,4,A Proposition may be supported by multiple detectors.
proposition_participation,v3_target,ACL,negative,abnormality_absent,french,target_local_association,5,4,4,A Proposition may be supported by multiple detectors.
proposition_participation,v3_target,ACL,negative,abnormality_absent,greek_script,target_local_association,5,5,5,A Proposition may be supported by multiple detectors.
proposition_participation,v3_target,ACL,negative,normal_structure,spanish,target_local_normality,5,4,4,A Proposition may be supported by multiple detectors.
proposition_participation,v3_target,ACL,positive,abnormality,spanish,target_local_association,5,2,2,A Proposition may be supported by multiple detectors.
proposition_participation,v3_target,ACL,positive,degeneration,spanish,target_local_association,5,4,4,A Proposition may be supported by multiple detectors.
proposition_participation,v3_target,Lateral Meniscus,positive,extrusion,spanish,target_local_association,5,4,4,A Proposition may be supported by multiple detectors.
proposition_participation,v3_target,Lateral Meniscus,uncertain,tear,south_slavic,target_local_association,5,5,5,A Proposition may be supported by multiple detectors.
proposition_participation,v3_target,MCL,negative,normal_structure,greek_script,target_local_normality,5,3,3,A Proposition may be supported by multiple detectors.
proposition_participation,v3_target,Medial Meniscus,negative,abnormality_absent,greek_script,target_local_association,5,5,5,A Proposition may be supported by multiple detectors.
proposition_participation,v3_target,Medial Meniscus,negative,normal_structure,spanish,target_local_normality,5,5,5,A Proposition may be supported by multiple detectors.
proposition_participation,v3_target,Medial Meniscus,positive,avulsion,english,target_local_association,5,3,3,A Proposition may be supported by multiple detectors.
proposition_participation,v3_target,Medial Meniscus,positive,extrusion,greek_script,target_local_association,5,5,5,A Proposition may be supported by multiple detectors.
proposition_participation,v3_target,Medial Meniscus,uncertain,abnormality,english,target_local_association,5,4,4,A Proposition may be supported by multiple detectors.
proposition_participation,v2_collective,Lateral Meniscus,negative,abnormality_absent,dutch,both_menisci_negative_only,4,4,4,A Proposition may be supported by multiple detectors.
proposition_participation,v2_collective,Lateral Meniscus,negative,abnormality_absent,french,both_menisci|both_menisci_negative_only,4,4,4,A Proposition may be supported by multiple detectors.
proposition_participation,v2_collective,Lateral OA,negative,abnormality_absent,latin_other,tibiofemoral_compartments,4,4,4,A Proposition may be supported by multiple detectors.
proposition_participation,v2_collective,Medial Meniscus,negative,abnormality_absent,dutch,both_menisci_negative_only,4,4,4,A Proposition may be supported by multiple detectors.
proposition_participation,v2_collective,Medial Meniscus,negative,abnormality_absent,french,both_menisci|both_menisci_negative_only,4,4,4,A Proposition may be supported by multiple detectors.
proposition_participation,v2_collective,Medial OA,negative,abnormality_absent,latin_other,tibiofemoral_compartments,4,4,4,A Proposition may be supported by multiple detectors.
proposition_participation,v2_collective,Medial OA,positive,abnormality,english,tibiofemoral_compartments,4,4,4,A Proposition may be supported by multiple detectors.
proposition_participation,v2_exact,ACL,negative,abnormality_absent,spanish,<no_explicit_rule>,4,4,4,A Proposition may be supported by multiple detectors.
proposition_participation,v2_exact,ACL,positive,tear,greek_script,<no_explicit_rule>,4,4,4,A Proposition may be supported by multiple detectors.
proposition_participation,v2_exact,ACL,positive,tear,turkish,<no_explicit_rule>,4,4,4,A Proposition may be supported by multiple detectors.
proposition_participation,v2_exact,ACL,uncertain,abnormality,english,target_local_association,4,4,4,A Proposition may be supported by multiple detectors.
proposition_participation,v2_exact,ACL,uncertain,degeneration,english,target_local_association,4,3,3,A Proposition may be supported by multiple detectors.
proposition_participation,v2_exact,Baker's,uncertain,abnormality,english,<no_explicit_rule>,4,4,4,A Proposition may be supported by multiple detectors.
proposition_participation,v2_exact,Baker's,uncertain,tear,english,<no_explicit_rule>,4,3,3,A Proposition may be supported by multiple detectors.
proposition_participation,v2_exact,Contusion,positive,abnormality,dutch,<no_explicit_rule>,4,4,4,A Proposition may be supported by multiple detectors.
proposition_participation,v2_exact,Contusion,positive,sprain,greek_script,<no_explicit_rule>,4,4,4,A Proposition may be supported by multiple detectors.
proposition_participation,v2_exact,Effusion,positive,degeneration,dutch,<no_explicit_rule>,4,4,4,A Proposition may be supported by multiple detectors.
proposition_participation,v2_exact,Fracture,positive,fracture,south_slavic,<no_explicit_rule>,4,4,4,A Proposition may be supported by multiple detectors.
proposition_participation,v2_exact,Fracture,uncertain,fracture,english|spanish,fracture_en,4,2,2,A Proposition may be supported by multiple detectors.
proposition_participation,v2_exact,Lateral Meniscus,positive,degeneration,english,<no_explicit_rule>,4,3,3,A Proposition may be supported by multiple detectors.
proposition_participation,v2_exact,Lateral Meniscus,positive,degeneration,french,target_local_association,4,3,3,A Proposition may be supported by multiple detectors.
proposition_participation,v2_exact,Lateral Meniscus,positive,degeneration,german,target_local_association,4,4,4,A Proposition may be supported by multiple detectors.
proposition_participation,v2_exact,Lateral Meniscus,positive,degeneration,south_slavic,target_local_association,4,4,4,A Proposition may be supported by multiple detectors.
proposition_participation,v2_exact,Lateral Meniscus,positive,extrusion,spanish,target_local_association,4,4,4,A Proposition may be supported by multiple detectors.
proposition_participation,v2_exact,Lateral Meniscus,positive,tear,turkish,<no_explicit_rule>,4,4,4,A Proposition may be supported by multiple detectors.
proposition_participation,v2_exact,Lateral OA,negative,abnormality_absent,french,<no_explicit_rule>,4,4,4,A Proposition may be supported by multiple detectors.
proposition_participation,v2_exact,Lateral OA,positive,chondral_abnormality,greek_script,compartment_scope,4,4,4,A Proposition may be supported by multiple detectors.
proposition_participation,v2_exact,MCL,positive,degeneration,south_slavic,target_local_association,4,4,4,A Proposition may be supported by multiple detectors.
proposition_participation,v2_exact,MCL,positive,tear,greek_script,target_local_association,4,3,3,A Proposition may be supported by multiple detectors.
proposition_participation,v2_exact,Medial Meniscus,negative,abnormality_absent,french,target_local_association,4,4,4,A Proposition may be supported by multiple detectors.
proposition_participation,v2_exact,Medial Meniscus,positive,extrusion,german,target_local_association,4,4,4,A Proposition may be supported by multiple detectors.
proposition_participation,v2_exact,Medial Meniscus,positive,fracture,greek_script,<no_explicit_rule>,4,4,4,A Proposition may be supported by multiple detectors.
proposition_participation,v2_exact,Medial Meniscus,uncertain,abnormality,spanish,target_local_association,4,4,4,A Proposition may be supported by multiple detectors.
proposition_participation,v2_exact,PF OA,positive,chondral_abnormality,latin_other,compartment_scope,4,3,3,A Proposition may be supported by multiple detectors.
proposition_participation,v2_exact,Synovitis,positive,abnormality,german,<no_explicit_rule>,4,4,4,A Proposition may be supported by multiple detectors.
proposition_participation,v2_exact,Synovitis,positive,abnormality,south_slavic,<no_explicit_rule>,4,4,4,A Proposition may be supported by multiple detectors.
proposition_participation,v3_morphology,Fracture,uncertain,fracture,english|spanish,fracture_en,4,2,2,A Proposition may be supported by multiple detectors.
proposition_participation,v3_morphology,Fracture,uncertain,fracture,turkish,fracture_tr,4,4,4,A Proposition may be supported by multiple detectors.
proposition_participation,v3_target,ACL,negative,normal_structure,german,target_local_normality,4,4,4,A Proposition may be supported by multiple detectors.
proposition_participation,v3_target,ACL,negative,normal_structure,latin_other,target_local_normality,4,4,4,A Proposition may be supported by multiple detectors.
proposition_participation,v3_target,ACL,positive,abnormality,latin_other,target_local_association,4,3,3,A Proposition may be supported by multiple detectors.
proposition_participation,v3_target,ACL,positive,abnormality,turkish,target_local_association,4,4,4,A Proposition may be supported by multiple detectors.
proposition_participation,v3_target,ACL,positive,avulsion,french,target_local_association,4,1,1,A Proposition may be supported by multiple detectors.
proposition_participation,v3_target,Lateral Meniscus,negative,normal_structure,spanish,target_local_normality,4,4,4,A Proposition may be supported by multiple detectors.
proposition_participation,v3_target,Lateral Meniscus,positive,extrusion,english,target_local_association,4,4,4,A Proposition may be supported by multiple detectors.
proposition_participation,v3_target,Lateral Meniscus,positive,extrusion,german,target_local_association,4,4,4,A Proposition may be supported by multiple detectors.
proposition_participation,v3_target,Lateral Meniscus,uncertain,abnormality,english,target_local_association,4,4,4,A Proposition may be supported by multiple detectors.
proposition_participation,v3_target,Lateral Meniscus,uncertain,tear,turkish,target_local_association,4,4,4,A Proposition may be supported by multiple detectors.
proposition_participation,v3_target,Lateral OA,negative,chondral_abnormality_absent,greek_script,compartment_scope,4,4,4,A Proposition may be supported by multiple detectors.
proposition_participation,v3_target,Lateral OA,negative,normal_cartilage,french,compartment_normality,4,4,4,A Proposition may be supported by multiple detectors.
proposition_participation,v3_target,Lateral OA,negative,normal_cartilage,german,compartment_normality,4,4,4,A Proposition may be supported by multiple detectors.
proposition_participation,v3_target,MCL,positive,tear,greek_script,target_local_association,4,3,3,A Proposition may be supported by multiple detectors.
proposition_participation,v3_target,Medial Meniscus,negative,abnormality_absent,french,target_local_association,4,4,4,A Proposition may be supported by multiple detectors.
proposition_participation,v3_target,Medial Meniscus,uncertain,abnormality,spanish,target_local_association,4,4,4,A Proposition may be supported by multiple detectors.
proposition_participation,v3_target,Medial OA,negative,chondral_abnormality_absent,german,compartment_scope,4,4,4,A Proposition may be supported by multiple detectors.
proposition_participation,v3_target,Medial OA,positive,chondral_abnormality,cyrillic_script,compartment_scope,4,4,4,A Proposition may be supported by multiple detectors.
proposition_participation,v3_target,PF OA,negative,normal_cartilage,dutch,compartment_normality,4,4,4,A Proposition may be supported by multiple detectors.
proposition_participation,v2_collective,ACL,negative,abnormality_absent,latin_other,cruciate_ligaments,3,3,3,A Proposition may be supported by multiple detectors.
proposition_participation,v2_collective,Lateral Meniscus,negative,abnormality_absent,english,both_menisci|both_menisci_negative_only|target_local_association,3,3,3,A Proposition may be supported by multiple detectors.
proposition_participation,v2_collective,Lateral Meniscus,positive,degeneration,english,both_menisci,3,3,3,A Proposition may be supported by multiple detectors.
proposition_participation,v2_collective,Lateral Meniscus,positive,degeneration,spanish,both_menisci,3,2,2,A Proposition may be supported by multiple detectors.
proposition_participation,v2_collective,Lateral Meniscus,positive,tear,greek_script,both_menisci,3,3,3,A Proposition may be supported by multiple detectors.
proposition_participation,v2_collective,Lateral Meniscus,positive,tear,south_slavic,both_menisci,3,3,3,A Proposition may be supported by multiple detectors.
proposition_participation,v2_collective,Lateral OA,positive,chondral_abnormality,english,compartment_scope|lateral_and_patellofemoral_compartments,3,3,3,A Proposition may be supported by multiple detectors.
proposition_participation,v2_collective,Medial Meniscus,positive,tear,greek_script,both_menisci,3,3,3,A Proposition may be supported by multiple detectors.
proposition_participation,v2_collective,Medial OA,negative,abnormality_absent,english,tibiofemoral_compartments,3,3,3,A Proposition may be supported by multiple detectors.
proposition_participation,v2_exact,ACL,positive,fracture,english,<no_explicit_rule>,3,2,2,A Proposition may be supported by multiple detectors.
proposition_participation,v2_exact,ACL,positive,tear,south_slavic,<no_explicit_rule>,3,3,3,A Proposition may be supported by multiple detectors.
proposition_participation,v2_exact,ACL,uncertain,sprain,english,target_local_association,3,3,3,A Proposition may be supported by multiple detectors.
proposition_participation,v2_exact,Baker's,negative,abnormality_absent,german,<no_explicit_rule>,3,3,3,A Proposition may be supported by multiple detectors.
proposition_participation,v2_exact,Baker's,positive,abnormality,latin_other,<no_explicit_rule>,3,1,1,A Proposition may be supported by multiple detectors.
proposition_participation,v2_exact,Baker's,positive,chondral_abnormality,english,<no_explicit_rule>,3,3,3,A Proposition may be supported by multiple detectors.
proposition_participation,v2_exact,Baker's,positive,degeneration,dutch,<no_explicit_rule>,3,3,3,A Proposition may be supported by multiple detectors.
proposition_participation,v2_exact,Contusion,positive,chondral_abnormality,german,<no_explicit_rule>,3,3,3,A Proposition may be supported by multiple detectors.
proposition_participation,v2_exact,Contusion,positive,fracture,german,<no_explicit_rule>,3,3,3,A Proposition may be supported by multiple detectors.
proposition_participation,v2_exact,Contusion,positive,fracture,greek_script,<no_explicit_rule>,3,3,3,A Proposition may be supported by multiple detectors.
proposition_participation,v2_exact,Effusion,negative,abnormality_absent,latin_other,<no_explicit_rule>,3,3,3,A Proposition may be supported by multiple detectors.
proposition_participation,v2_exact,Effusion,uncertain,abnormality,dutch,<no_explicit_rule>,3,3,3,A Proposition may be supported by multiple detectors.
proposition_participation,v2_exact,Effusion,uncertain,abnormality,south_slavic,<no_explicit_rule>,3,3,3,A Proposition may be supported by multiple detectors.
proposition_participation,v2_exact,Fracture,negative,abnormality_absent,greek_script,<no_explicit_rule>,3,3,3,A Proposition may be supported by multiple detectors.
proposition_participation,v2_exact,Fracture,negative,abnormality_absent,latin_other,<no_explicit_rule>,3,3,3,A Proposition may be supported by multiple detectors.
proposition_participation,v2_exact,Fracture,negative,abnormality_absent,south_slavic,<no_explicit_rule>,3,3,3,A Proposition may be supported by multiple detectors.
proposition_participation,v2_exact,Fracture,positive,avulsion,french,<no_explicit_rule>,3,1,1,A Proposition may be supported by multiple detectors.
proposition_participation,v2_exact,Fracture,positive,chondral_abnormality,dutch,<no_explicit_rule>,3,3,3,A Proposition may be supported by multiple detectors.
proposition_participation,v2_exact,Fracture,uncertain,avulsion,english,<no_explicit_rule>,3,3,3,A Proposition may be supported by multiple detectors.
proposition_participation,v2_exact,Fracture,uncertain,fracture,south_slavic,fracture_sl,3,3,3,A Proposition may be supported by multiple detectors.
proposition_participation,v2_exact,Fracture,uncertain,fracture,turkish,fracture_tr,3,3,3,A Proposition may be supported by multiple detectors.
proposition_participation,v2_exact,Lateral Meniscus,negative,abnormality_absent,dutch,target_local_association,3,3,3,A Proposition may be supported by multiple detectors.
proposition_participation,v2_exact,Lateral Meniscus,positive,chondral_abnormality,cyrillic_script,<no_explicit_rule>,3,3,3,A Proposition may be supported by multiple detectors.
proposition_participation,v2_exact,Lateral Meniscus,positive,extrusion,english,target_local_association,3,3,3,A Proposition may be supported by multiple detectors.
proposition_participation,v2_exact,Lateral Meniscus,positive,sprain,turkish,<no_explicit_rule>,3,3,3,A Proposition may be supported by multiple detectors.
proposition_participation,v2_exact,Lateral Meniscus,positive,tear,cyrillic_script,target_local_association,3,3,3,A Proposition may be supported by multiple detectors.
proposition_participation,v2_exact,Lateral Meniscus,uncertain,abnormality,english,target_local_association,3,3,3,A Proposition may be supported by multiple detectors.
proposition_participation,v2_exact,Lateral OA,negative,abnormality_absent,cyrillic_script,<no_explicit_rule>,3,3,3,A Proposition may be supported by multiple detectors.
proposition_participation,v2_exact,MCL,negative,abnormality_absent,greek_script,<no_explicit_rule>,3,3,3,A Proposition may be supported by multiple detectors.
proposition_participation,v2_exact,MCL,negative,abnormality_absent,latin_other,<no_explicit_rule>,3,3,3,A Proposition may be supported by multiple detectors.
proposition_participation,v2_exact,MCL,negative,abnormality_absent,spanish,target_local_association,3,3,3,A Proposition may be supported by multiple detectors.
proposition_participation,v2_exact,MCL,positive,sprain,dutch,target_local_association,3,3,3,A Proposition may be supported by multiple detectors.
proposition_participation,v2_exact,MCL,uncertain,avulsion,english,target_local_association,3,2,2,A Proposition may be supported by multiple detectors.
proposition_participation,v2_exact,Medial Meniscus,negative,abnormality_absent,cyrillic_script,target_local_association,3,3,3,A Proposition may be supported by multiple detectors.
proposition_participation,v2_exact,Medial Meniscus,positive,abnormality,english,<no_explicit_rule>,3,2,2,A Proposition may be supported by multiple detectors.
proposition_participation,v2_exact,Medial Meniscus,positive,extrusion,spanish,target_local_association,3,2,2,A Proposition may be supported by multiple detectors.
proposition_participation,v2_exact,Medial OA,negative,abnormality_absent,french,<no_explicit_rule>,3,3,3,A Proposition may be supported by multiple detectors.
proposition_participation,v2_exact,Medial OA,positive,fracture,english,<no_explicit_rule>,3,2,2,A Proposition may be supported by multiple detectors.
proposition_participation,v2_exact,PF OA,negative,abnormality_absent,latin_other,<no_explicit_rule>,3,3,3,A Proposition may be supported by multiple detectors.
proposition_participation,v2_exact,PF OA,positive,abnormality,french,<no_explicit_rule>,3,3,3,A Proposition may be supported by multiple detectors.
proposition_participation,v2_exact,PF OA,positive,chondral_abnormality,french,<no_explicit_rule>,3,3,3,A Proposition may be supported by multiple detectors.
proposition_participation,v2_exact,PF OA,uncertain,chondral_abnormality,english,compartment_scope,3,3,3,A Proposition may be supported by multiple detectors.
proposition_participation,v2_exact,Synovitis,positive,chondral_abnormality,greek_script,<no_explicit_rule>,3,3,3,A Proposition may be supported by multiple detectors.
proposition_participation,v2_exact,Synovitis,positive,degeneration,greek_script,<no_explicit_rule>,3,3,3,A Proposition may be supported by multiple detectors.
proposition_participation,v2_exact,Synovitis,positive,tear,french,<no_explicit_rule>,3,3,3,A Proposition may be supported by multiple detectors.
proposition_participation,v2_exact,Synovitis,positive,tear,turkish,<no_explicit_rule>,3,3,3,A Proposition may be supported by multiple detectors.
proposition_participation,v3_morphology,Contusion,uncertain,bone_contusion,turkish,contusion_tr,3,3,3,A Proposition may be supported by multiple detectors.
proposition_participation,v3_morphology,Fracture,negative,fracture_absent,greek_script,fracture_el,3,3,3,A Proposition may be supported by multiple detectors.
proposition_participation,v3_morphology,Fracture,negative,fracture_absent,south_slavic,fracture_sl,3,3,3,A Proposition may be supported by multiple detectors.
proposition_participation,v3_morphology,Synovitis,positive,synovitis,south_slavic,synovitis_sl,3,3,3,A Proposition may be supported by multiple detectors.
proposition_participation,v3_target,ACL,uncertain,degeneration,turkish,target_local_association,3,3,3,A Proposition may be supported by multiple detectors.
proposition_participation,v3_target,Lateral Meniscus,negative,abnormality_absent,dutch,target_local_association,3,3,3,A Proposition may be supported by multiple detectors.
proposition_participation,v3_target,Lateral Meniscus,negative,abnormality_absent,english,both_menisci|both_menisci_negative_only|target_local_association,3,3,3,A Proposition may be supported by multiple detectors.
proposition_participation,v3_target,Lateral Meniscus,positive,tear,cyrillic_script,target_local_association,3,3,3,A Proposition may be supported by multiple detectors.
proposition_participation,v3_target,Lateral Meniscus,uncertain,degeneration,german,target_local_association,3,3,3,A Proposition may be supported by multiple detectors.
proposition_participation,v3_target,Lateral OA,negative,normal_cartilage,cyrillic_script,compartment_normality,3,3,3,A Proposition may be supported by multiple detectors.
proposition_participation,v3_target,Lateral OA,negative,normal_cartilage,greek_script,compartment_normality,3,3,3,A Proposition may be supported by multiple detectors.
proposition_participation,v3_target,Lateral OA,positive,chondral_abnormality,english,compartment_scope|lateral_and_patellofemoral_compartments,3,3,3,A Proposition may be supported by multiple detectors.
proposition_participation,v3_target,MCL,negative,abnormality_absent,spanish,target_local_association,3,3,3,A Proposition may be supported by multiple detectors.
proposition_participation,v3_target,MCL,negative,normal_structure,latin_other,target_local_normality,3,3,3,A Proposition may be supported by multiple detectors.
proposition_participation,v3_target,MCL,positive,sprain,dutch,target_local_association,3,3,3,A Proposition may be supported by multiple detectors.
proposition_participation,v3_target,MCL,positive,sprain,latin_other,target_local_association,3,2,2,A Proposition may be supported by multiple detectors.
proposition_participation,v3_target,MCL,uncertain,avulsion,english,target_local_association,3,2,2,A Proposition may be supported by multiple detectors.
proposition_participation,v3_target,Medial Meniscus,negative,abnormality_absent,cyrillic_script,target_local_association,3,3,3,A Proposition may be supported by multiple detectors.
proposition_participation,v3_target,Medial Meniscus,positive,extrusion,spanish,target_local_association,3,2,2,A Proposition may be supported by multiple detectors.
proposition_participation,v3_target,Medial Meniscus,uncertain,abnormality,dutch,target_local_association,3,3,3,A Proposition may be supported by multiple detectors.
proposition_participation,v3_target,Medial Meniscus,uncertain,degeneration,german,target_local_association,3,3,3,A Proposition may be supported by multiple detectors.
proposition_participation,v3_target,Medial OA,negative,normal_cartilage,dutch,compartment_normality,3,3,3,A Proposition may be supported by multiple detectors.
proposition_participation,v3_target,Medial OA,negative,normal_cartilage,french,compartment_normality,3,3,3,A Proposition may be supported by multiple detectors.
proposition_participation,v3_target,Medial OA,negative,normal_cartilage,german,compartment_normality,3,3,3,A Proposition may be supported by multiple detectors.
proposition_participation,v3_target,Medial OA,negative,normal_cartilage,greek_script,compartment_normality,3,3,3,A Proposition may be supported by multiple detectors.
proposition_participation,v2_collective,ACL,negative,abnormality_absent,latin_other,cruciate_and_collateral_ligaments|cruciate_ligaments,2,2,2,A Proposition may be supported by multiple detectors.
proposition_participation,v2_collective,Lateral Meniscus,negative,abnormality_absent,turkish,both_menisci_negative_only,2,2,2,A Proposition may be supported by multiple detectors.
proposition_participation,v2_collective,Lateral Meniscus,positive,tear,english,both_menisci,2,2,2,A Proposition may be supported by multiple detectors.
proposition_participation,v2_collective,Lateral OA,positive,abnormality,english,tibiofemoral_compartments,2,2,2,A Proposition may be supported by multiple detectors.
proposition_participation,v2_collective,Lateral OA,positive,tear,english,lateral_and_patellofemoral_compartments,2,1,1,A Proposition may be supported by multiple detectors.
proposition_participation,v2_collective,MCL,negative,abnormality_absent,latin_other,cruciate_and_collateral_ligaments,2,2,2,A Proposition may be supported by multiple detectors.
proposition_participation,v2_collective,Medial Meniscus,negative,abnormality_absent,turkish,both_menisci_negative_only,2,2,2,A Proposition may be supported by multiple detectors.
proposition_participation,v2_collective,Medial Meniscus,positive,avulsion,english,both_menisci,2,1,1,A Proposition may be supported by multiple detectors.
proposition_participation,v2_collective,Medial Meniscus,positive,tear,south_slavic,both_menisci,2,2,2,A Proposition may be supported by multiple detectors.
proposition_participation,v2_collective,Medial Meniscus,positive,tear,spanish,both_menisci,2,1,1,A Proposition may be supported by multiple detectors.
proposition_participation,v2_collective,Medial Meniscus,uncertain,tear,english,both_menisci,2,2,2,A Proposition may be supported by multiple detectors.
proposition_participation,v2_collective,Medial OA,positive,chondral_abnormality,south_slavic,compartment_scope|tibiofemoral_compartments,2,2,2,A Proposition may be supported by multiple detectors.
proposition_participation,v2_collective,PF OA,positive,tear,english,lateral_and_patellofemoral_compartments,2,1,1,A Proposition may be supported by multiple detectors.
proposition_participation,v2_exact,ACL,negative,abnormality_absent,greek_script,<no_explicit_rule>,2,2,2,A Proposition may be supported by multiple detectors.
proposition_participation,v2_exact,ACL,negative,abnormality_absent,turkish,target_local_association,2,2,2,A Proposition may be supported by multiple detectors.
proposition_participation,v2_exact,ACL,positive,abnormality,latin_other,target_local_association,2,2,2,A Proposition may be supported by multiple detectors.
proposition_participation,v2_exact,ACL,positive,abnormality,spanish,target_local_association,2,1,1,A Proposition may be supported by multiple detectors.
proposition_participation,v2_exact,ACL,positive,degeneration,turkish,<no_explicit_rule>,2,2,2,A Proposition may be supported by multiple detectors.
proposition_participation,v2_exact,ACL,positive,fracture,spanish,<no_explicit_rule>,2,1,1,A Proposition may be supported by multiple detectors.
proposition_participation,v2_exact,ACL,positive,sprain,english,<no_explicit_rule>,2,1,1,A Proposition may be supported by multiple detectors.
proposition_participation,v2_exact,Baker's,positive,chondral_abnormality,french,<no_explicit_rule>,2,1,1,A Proposition may be supported by multiple detectors.
proposition_participation,v2_exact,Baker's,positive,tear,dutch,<no_explicit_rule>,2,2,2,A Proposition may be supported by multiple detectors.
proposition_participation,v2_exact,Baker's,uncertain,tear,spanish,<no_explicit_rule>,2,2,2,A Proposition may be supported by multiple detectors.
proposition_participation,v2_exact,Contusion,positive,abnormality,south_slavic,<no_explicit_rule>,2,2,2,A Proposition may be supported by multiple detectors.
proposition_participation,v2_exact,Effusion,negative,abnormality_absent,french,<no_explicit_rule>,2,2,2,A Proposition may be supported by multiple detectors.
proposition_participation,v2_exact,Effusion,positive,chondral_abnormality,cyrillic_script,<no_explicit_rule>,2,2,2,A Proposition may be supported by multiple detectors.
proposition_participation,v2_exact,Effusion,positive,chondral_abnormality,south_slavic,<no_explicit_rule>,2,2,2,A Proposition may be supported by multiple detectors.
proposition_participation,v2_exact,Effusion,positive,degeneration,south_slavic,<no_explicit_rule>,2,2,2,A Proposition may be supported by multiple detectors.
proposition_participation,v2_exact,Effusion,uncertain,tear,south_slavic,<no_explicit_rule>,2,2,2,A Proposition may be supported by multiple detectors.
proposition_participation,v2_exact,Fracture,positive,avulsion,spanish,<no_explicit_rule>,2,1,1,A Proposition may be supported by multiple detectors.
proposition_participation,v2_exact,Lateral Meniscus,negative,abnormality_absent,german,target_local_association,2,2,2,A Proposition may be supported by multiple detectors.
proposition_participation,v2_exact,Lateral Meniscus,positive,tear,dutch,target_local_association,2,1,1,A Proposition may be supported by multiple detectors.
proposition_participation,v2_exact,Lateral Meniscus,uncertain,tear,south_slavic,target_local_association,2,2,2,A Proposition may be supported by multiple detectors.
proposition_participation,v2_exact,Lateral OA,positive,abnormality,greek_script,<no_explicit_rule>,2,2,2,A Proposition may be supported by multiple detectors.
proposition_participation,v2_exact,Lateral OA,positive,chondral_abnormality,french,<no_explicit_rule>,2,2,2,A Proposition may be supported by multiple detectors.
proposition_participation,v2_exact,Lateral OA,positive,chondral_abnormality,turkish,<no_explicit_rule>,2,2,2,A Proposition may be supported by multiple detectors.
proposition_participation,v2_exact,Lateral OA,positive,tear,english,<no_explicit_rule>,2,2,2,A Proposition may be supported by multiple detectors.
proposition_participation,v2_exact,MCL,negative,abnormality_absent,spanish,<no_explicit_rule>,2,2,2,A Proposition may be supported by multiple detectors.
proposition_participation,v2_exact,MCL,positive,abnormality,spanish,target_local_association,2,2,2,A Proposition may be supported by multiple detectors.
proposition_participation,v2_exact,MCL,positive,tear,german,target_local_association,2,2,2,A Proposition may be supported by multiple detectors.
proposition_participation,v2_exact,MCL,positive,tear,south_slavic,<no_explicit_rule>,2,2,2,A Proposition may be supported by multiple detectors.
proposition_participation,v2_exact,MCL,uncertain,tear,english,<no_explicit_rule>,2,1,1,A Proposition may be supported by multiple detectors.
proposition_participation,v2_exact,Medial Meniscus,negative,abnormality_absent,dutch,target_local_association,2,2,2,A Proposition may be supported by multiple detectors.
proposition_participation,v2_exact,Medial Meniscus,positive,degeneration,south_slavic,target_local_association,2,2,2,A Proposition may be supported by multiple detectors.
proposition_participation,v2_exact,Medial Meniscus,positive,extrusion,turkish,target_local_association,2,2,2,A Proposition may be supported by multiple detectors.
proposition_participation,v2_exact,Medial Meniscus,positive,fracture,english,<no_explicit_rule>,2,2,2,A Proposition may be supported by multiple detectors.
proposition_participation,v2_exact,Medial Meniscus,positive,fracture,spanish,<no_explicit_rule>,2,2,2,A Proposition may be supported by multiple detectors.
proposition_participation,v2_exact,Medial Meniscus,uncertain,abnormality,english,target_local_association,2,2,2,A Proposition may be supported by multiple detectors.
proposition_participation,v2_exact,Medial Meniscus,uncertain,abnormality,french,target_local_association,2,1,1,A Proposition may be supported by multiple detectors.
proposition_participation,v2_exact,Medial Meniscus,uncertain,chondral_abnormality,dutch,<no_explicit_rule>,2,2,2,A Proposition may be supported by multiple detectors.
proposition_participation,v2_exact,Medial OA,positive,abnormality,french,<no_explicit_rule>,2,2,2,A Proposition may be supported by multiple detectors.
proposition_participation,v2_exact,Medial OA,positive,abnormality,greek_script,<no_explicit_rule>,2,2,2,A Proposition may be supported by multiple detectors.
proposition_participation,v2_exact,Medial OA,positive,chondral_abnormality,dutch,compartment_scope,2,2,2,A Proposition may be supported by multiple detectors.
proposition_participation,v2_exact,Medial OA,positive,chondral_abnormality,french,<no_explicit_rule>,2,2,2,A Proposition may be supported by multiple detectors.
proposition_participation,v2_exact,Medial OA,positive,chondral_abnormality,latin_other,compartment_scope,2,1,1,A Proposition may be supported by multiple detectors.
proposition_participation,v2_exact,Medial OA,positive,chondral_abnormality,turkish,<no_explicit_rule>,2,2,2,A Proposition may be supported by multiple detectors.
proposition_participation,v2_exact,Medial OA,positive,degeneration,dutch,<no_explicit_rule>,2,2,2,A Proposition may be supported by multiple detectors.
proposition_participation,v2_exact,Medial OA,positive,degeneration,german,<no_explicit_rule>,2,2,2,A Proposition may be supported by multiple detectors.
proposition_participation,v2_exact,Medial OA,positive,tear,turkish,<no_explicit_rule>,2,2,2,A Proposition may be supported by multiple detectors.
proposition_participation,v2_exact,PF OA,negative,abnormality_absent,turkish,<no_explicit_rule>,2,2,2,A Proposition may be supported by multiple detectors.
proposition_participation,v2_exact,PF OA,positive,abnormality,south_slavic,<no_explicit_rule>,2,2,2,A Proposition may be supported by multiple detectors.
proposition_participation,v2_exact,PF OA,positive,chondral_abnormality,dutch,<no_explicit_rule>,2,2,2,A Proposition may be supported by multiple detectors.
proposition_participation,v2_exact,PF OA,positive,tear,turkish,<no_explicit_rule>,2,2,2,A Proposition may be supported by multiple detectors.
proposition_participation,v2_exact,Synovitis,negative,abnormality_absent,latin_other,<no_explicit_rule>,2,2,2,A Proposition may be supported by multiple detectors.
proposition_participation,v3_morphology,Fracture,positive,fracture,german,fracture_de,2,2,2,A Proposition may be supported by multiple detectors.
proposition_participation,v3_target,ACL,negative,abnormality_absent,turkish,target_local_association,2,2,2,A Proposition may be supported by multiple detectors.
proposition_participation,v3_target,ACL,positive,degeneration,french,target_local_association,2,2,2,A Proposition may be supported by multiple detectors.
proposition_participation,v3_target,ACL,positive,degeneration,german,target_local_association,2,2,2,A Proposition may be supported by multiple detectors.
proposition_participation,v3_target,ACL,positive,sprain,south_slavic,target_local_association,2,2,2,A Proposition may be supported by multiple detectors.
proposition_participation,v3_target,ACL,uncertain,abnormality,dutch,target_local_association,2,2,2,A Proposition may be supported by multiple detectors.
proposition_participation,v3_target,ACL,uncertain,tear,spanish,target_local_association,2,1,1,A Proposition may be supported by multiple detectors.
proposition_participation,v3_target,Lateral Meniscus,negative,abnormality_absent,german,target_local_association,2,2,2,A Proposition may be supported by multiple detectors.
proposition_participation,v3_target,Lateral Meniscus,positive,extrusion,dutch,target_local_association,2,2,2,A Proposition may be supported by multiple detectors.
proposition_participation,v3_target,Lateral Meniscus,positive,extrusion,greek_script,target_local_association,2,2,2,A Proposition may be supported by multiple detectors.
proposition_participation,v3_target,Lateral Meniscus,positive,tear,dutch,target_local_association,2,1,1,A Proposition may be supported by multiple detectors.
proposition_participation,v3_target,Lateral OA,negative,normal_cartilage,dutch,compartment_normality,2,2,2,A Proposition may be supported by multiple detectors.
proposition_participation,v3_target,Lateral OA,positive,chondral_abnormality,turkish,compartment_scope,2,2,2,A Proposition may be supported by multiple detectors.
proposition_participation,v3_target,Lateral OA,positive,degeneration,turkish,compartment_scope,2,2,2,A Proposition may be supported by multiple detectors.
proposition_participation,v3_target,MCL,negative,normal_structure,spanish,target_local_normality,2,2,2,A Proposition may be supported by multiple detectors.
proposition_participation,v3_target,MCL,positive,abnormality,german,target_local_association,2,2,2,A Proposition may be supported by multiple detectors.
proposition_participation,v3_target,MCL,positive,abnormality,spanish,target_local_association,2,2,2,A Proposition may be supported by multiple detectors.
proposition_participation,v3_target,MCL,positive,tear,german,target_local_association,2,2,2,A Proposition may be supported by multiple detectors.
proposition_participation,v3_target,MCL,uncertain,degeneration,english,target_local_association,2,2,2,A Proposition may be supported by multiple detectors.
proposition_participation,v3_target,MCL,uncertain,sprain,english,target_local_association,2,2,2,A Proposition may be supported by multiple detectors.
proposition_participation,v3_target,MCL,uncertain,sprain,south_slavic,target_local_association,2,1,1,A Proposition may be supported by multiple detectors.
proposition_participation,v3_target,MCL,uncertain,sprain,spanish,target_local_association,2,1,1,A Proposition may be supported by multiple detectors.
proposition_participation,v3_target,MCL,uncertain,tear,south_slavic,target_local_association,2,2,2,A Proposition may be supported by multiple detectors.
proposition_participation,v3_target,Medial Meniscus,negative,abnormality_absent,dutch,target_local_association,2,2,2,A Proposition may be supported by multiple detectors.
proposition_participation,v3_target,Medial Meniscus,positive,abnormality,south_slavic,target_local_association,2,2,2,A Proposition may be supported by multiple detectors.
proposition_participation,v3_target,Medial Meniscus,positive,extrusion,turkish,target_local_association,2,2,2,A Proposition may be supported by multiple detectors.
proposition_participation,v3_target,Medial Meniscus,uncertain,abnormality,french,target_local_association,2,1,1,A Proposition may be supported by multiple detectors.
proposition_participation,v3_target,Medial Meniscus,uncertain,abnormality,german,target_local_association,2,2,2,A Proposition may be supported by multiple detectors.
proposition_participation,v3_target,Medial Meniscus,uncertain,abnormality,turkish,target_local_association,2,2,2,A Proposition may be supported by multiple detectors.
proposition_participation,v3_target,Medial Meniscus,uncertain,degeneration,south_slavic,target_local_association,2,2,2,A Proposition may be supported by multiple detectors.
proposition_participation,v3_target,Medial Meniscus,uncertain,sprain,south_slavic,target_local_association,2,2,2,A Proposition may be supported by multiple detectors.
proposition_participation,v3_target,Medial Meniscus,uncertain,tear,turkish,target_local_association,2,2,2,A Proposition may be supported by multiple detectors.
proposition_participation,v3_target,Medial OA,positive,chondral_abnormality,latin_other,compartment_scope,2,1,1,A Proposition may be supported by multiple detectors.
proposition_participation,v3_target,Medial OA,positive,chondral_abnormality,south_slavic,compartment_scope|tibiofemoral_compartments,2,2,2,A Proposition may be supported by multiple detectors.
proposition_participation,v3_target,Medial OA,uncertain,chondral_abnormality,english,compartment_scope,2,2,2,A Proposition may be supported by multiple detectors.
proposition_participation,v3_target,PF OA,negative,chondral_abnormality_absent,greek_script,compartment_scope,2,2,2,A Proposition may be supported by multiple detectors.
proposition_participation,v3_target,PF OA,negative,normal_cartilage,greek_script,compartment_normality,2,2,2,A Proposition may be supported by multiple detectors.
proposition_participation,v3_target,PF OA,negative,normal_cartilage,latin_other,compartment_normality,2,2,2,A Proposition may be supported by multiple detectors.
proposition_participation,v3_target,PF OA,positive,degeneration,english,compartment_scope,2,2,2,A Proposition may be supported by multiple detectors.
proposition_participation,v3_target,PF OA,uncertain,chondral_abnormality,dutch,compartment_scope,2,2,2,A Proposition may be supported by multiple detectors.
proposition_participation,v2_collective,Lateral Meniscus,negative,abnormality_absent,english,both_menisci_negative_only|target_local_association,1,1,1,A Proposition may be supported by multiple detectors.
proposition_participation,v2_collective,Lateral Meniscus,negative,abnormality_absent,french,both_menisci_negative_only,1,1,1,A Proposition may be supported by multiple detectors.
proposition_participation,v2_collective,Lateral Meniscus,negative,abnormality_absent,spanish,both_menisci,1,1,1,A Proposition may be supported by multiple detectors.
proposition_participation,v2_collective,Lateral Meniscus,positive,degeneration,south_slavic,both_menisci,1,1,1,A Proposition may be supported by multiple detectors.
proposition_participation,v2_collective,Lateral Meniscus,positive,tear,latin_other,both_menisci,1,1,1,A Proposition may be supported by multiple detectors.
proposition_participation,v2_collective,Lateral OA,positive,chondral_abnormality,english,tibiofemoral_compartments,1,1,1,A Proposition may be supported by multiple detectors.
proposition_participation,v2_collective,Medial Meniscus,negative,abnormality_absent,french,both_menisci_negative_only,1,1,1,A Proposition may be supported by multiple detectors.
proposition_participation,v2_collective,Medial Meniscus,positive,degeneration,south_slavic,both_menisci,1,1,1,A Proposition may be supported by multiple detectors.
proposition_participation,v2_collective,Medial Meniscus,positive,sprain,turkish,both_menisci,1,1,1,A Proposition may be supported by multiple detectors.
proposition_participation,v2_collective,Medial Meniscus,positive,tear,latin_other,both_menisci,1,1,1,A Proposition may be supported by multiple detectors.
proposition_participation,v2_collective,Medial Meniscus,positive,tear,turkish,both_menisci,1,1,1,A Proposition may be supported by multiple detectors.
proposition_participation,v2_collective,Medial OA,positive,abnormality,greek_script,tibiofemoral_compartments,1,1,1,A Proposition may be supported by multiple detectors.
proposition_participation,v2_collective,Medial OA,positive,chondral_abnormality,greek_script,compartment_scope|tibiofemoral_compartments,1,1,1,A Proposition may be supported by multiple detectors.
proposition_participation,v2_collective,Medial OA,positive,degeneration,english,tibiofemoral_compartments,1,1,1,A Proposition may be supported by multiple detectors.
proposition_participation,v2_collective,Medial OA,positive,tear,greek_script,tibiofemoral_compartments,1,1,1,A Proposition may be supported by multiple detectors.
proposition_participation,v2_collective,PF OA,positive,abnormality,english,tibiofemoral_compartments,1,1,1,A Proposition may be supported by multiple detectors.
proposition_participation,v2_collective,PF OA,positive,abnormality,greek_script,tibiofemoral_compartments,1,1,1,A Proposition may be supported by multiple detectors.
proposition_participation,v2_collective,PF OA,positive,chondral_abnormality,greek_script,compartment_scope|tibiofemoral_compartments,1,1,1,A Proposition may be supported by multiple detectors.
proposition_participation,v2_collective,PF OA,positive,chondral_abnormality,south_slavic,tibiofemoral_compartments,1,1,1,A Proposition may be supported by multiple detectors.
proposition_participation,v2_collective,PF OA,positive,degeneration,english,tibiofemoral_compartments,1,1,1,A Proposition may be supported by multiple detectors.
proposition_participation,v2_collective,PF OA,positive,tear,greek_script,tibiofemoral_compartments,1,1,1,A Proposition may be supported by multiple detectors.
proposition_participation,v2_exact,ACL,negative,abnormality_absent,dutch,target_local_association,1,1,1,A Proposition may be supported by multiple detectors.
proposition_participation,v2_exact,ACL,positive,abnormality,dutch,<no_explicit_rule>,1,1,1,A Proposition may be supported by multiple detectors.
proposition_participation,v2_exact,ACL,positive,abnormality,turkish,target_local_association,1,1,1,A Proposition may be supported by multiple detectors.
proposition_participation,v2_exact,ACL,positive,avulsion,latin_other,<no_explicit_rule>,1,1,1,A Proposition may be supported by multiple detectors.
proposition_participation,v2_exact,ACL,positive,degeneration,german,target_local_association,1,1,1,A Proposition may be supported by multiple detectors.
proposition_participation,v2_exact,ACL,positive,fracture,turkish,<no_explicit_rule>,1,1,1,A Proposition may be supported by multiple detectors.
proposition_participation,v2_exact,ACL,positive,sprain,dutch,target_local_association,1,1,1,A Proposition may be supported by multiple detectors.
proposition_participation,v2_exact,ACL,positive,tear,german,target_local_association,1,1,1,A Proposition may be supported by multiple detectors.
proposition_participation,v2_exact,ACL,uncertain,abnormality,dutch,target_local_association,1,1,1,A Proposition may be supported by multiple detectors.
proposition_participation,v2_exact,ACL,uncertain,abnormality,french,target_local_association,1,1,1,A Proposition may be supported by multiple detectors.
proposition_participation,v2_exact,ACL,uncertain,degeneration,south_slavic,target_local_association,1,1,1,A Proposition may be supported by multiple detectors.
proposition_participation,v2_exact,ACL,uncertain,fracture,english,<no_explicit_rule>,1,1,1,A Proposition may be supported by multiple detectors.
proposition_participation,v2_exact,ACL,uncertain,fracture,spanish,<no_explicit_rule>,1,1,1,A Proposition may be supported by multiple detectors.
proposition_participation,v2_exact,Baker's,positive,chondral_abnormality,dutch,<no_explicit_rule>,1,1,1,A Proposition may be supported by multiple detectors.
proposition_participation,v2_exact,Baker's,positive,chondral_abnormality,german,<no_explicit_rule>,1,1,1,A Proposition may be supported by multiple detectors.
proposition_participation,v2_exact,Baker's,positive,chondral_abnormality,greek_script,<no_explicit_rule>,1,1,1,A Proposition may be supported by multiple detectors.
proposition_participation,v2_exact,Baker's,positive,chondral_abnormality,south_slavic,<no_explicit_rule>,1,1,1,A Proposition may be supported by multiple detectors.
proposition_participation,v2_exact,Baker's,positive,degeneration,greek_script,<no_explicit_rule>,1,1,1,A Proposition may be supported by multiple detectors.
proposition_participation,v2_exact,Baker's,positive,degeneration,turkish,<no_explicit_rule>,1,1,1,A Proposition may be supported by multiple detectors.
proposition_participation,v2_exact,Baker's,positive,sprain,turkish,<no_explicit_rule>,1,1,1,A Proposition may be supported by multiple detectors.
proposition_participation,v2_exact,Baker's,positive,tear,latin_other,<no_explicit_rule>,1,1,1,A Proposition may be supported by multiple detectors.
proposition_participation,v2_exact,Baker's,positive,tear,south_slavic,<no_explicit_rule>,1,1,1,A Proposition may be supported by multiple detectors.
proposition_participation,v2_exact,Baker's,uncertain,abnormality,french,<no_explicit_rule>,1,1,1,A Proposition may be supported by multiple detectors.
proposition_participation,v2_exact,Contusion,negative,abnormality_absent,french,<no_explicit_rule>,1,1,1,A Proposition may be supported by multiple detectors.
proposition_participation,v2_exact,Contusion,positive,chondral_abnormality,dutch,<no_explicit_rule>,1,1,1,A Proposition may be supported by multiple detectors.
proposition_participation,v2_exact,Contusion,positive,chondral_abnormality,turkish,<no_explicit_rule>,1,1,1,A Proposition may be supported by multiple detectors.
proposition_participation,v2_exact,Contusion,positive,degeneration,french,<no_explicit_rule>,1,1,1,A Proposition may be supported by multiple detectors.
proposition_participation,v2_exact,Contusion,positive,fracture,french,<no_explicit_rule>,1,1,1,A Proposition may be supported by multiple detectors.
proposition_participation,v2_exact,Contusion,positive,fracture,turkish,<no_explicit_rule>,1,1,1,A Proposition may be supported by multiple detectors.
proposition_participation,v2_exact,Contusion,positive,sprain,spanish,<no_explicit_rule>,1,1,1,A Proposition may be supported by multiple detectors.
proposition_participation,v2_exact,Contusion,positive,tear,german,<no_explicit_rule>,1,1,1,A Proposition may be supported by multiple detectors.
proposition_participation,v2_exact,Contusion,positive,tear,spanish,<no_explicit_rule>,1,1,1,A Proposition may be supported by multiple detectors.
proposition_participation,v2_exact,Contusion,uncertain,tear,english,<no_explicit_rule>,1,1,1,A Proposition may be supported by multiple detectors.
proposition_participation,v2_exact,Effusion,positive,chondral_abnormality,french,<no_explicit_rule>,1,1,1,A Proposition may be supported by multiple detectors.
proposition_participation,v2_exact,Effusion,positive,degeneration,english,<no_explicit_rule>,1,1,1,A Proposition may be supported by multiple detectors.
proposition_participation,v2_exact,Effusion,positive,degeneration,turkish,<no_explicit_rule>,1,1,1,A Proposition may be supported by multiple detectors.
proposition_participation,v2_exact,Effusion,positive,extrusion,greek_script,<no_explicit_rule>,1,1,1,A Proposition may be supported by multiple detectors.
proposition_participation,v2_exact,Effusion,positive,extrusion,south_slavic,<no_explicit_rule>,1,1,1,A Proposition may be supported by multiple detectors.
proposition_participation,v2_exact,Effusion,positive,fracture,south_slavic,<no_explicit_rule>,1,1,1,A Proposition may be supported by multiple detectors.
proposition_participation,v2_exact,Effusion,positive,tear,spanish,<no_explicit_rule>,1,1,1,A Proposition may be supported by multiple detectors.
proposition_participation,v2_exact,Effusion,uncertain,chondral_abnormality,dutch,<no_explicit_rule>,1,1,1,A Proposition may be supported by multiple detectors.
proposition_participation,v2_exact,Effusion,uncertain,chondral_abnormality,english,<no_explicit_rule>,1,1,1,A Proposition may be supported by multiple detectors.
proposition_participation,v2_exact,Effusion,uncertain,fracture,english,<no_explicit_rule>,1,1,1,A Proposition may be supported by multiple detectors.
proposition_participation,v2_exact,Fracture,positive,abnormality,dutch,<no_explicit_rule>,1,1,1,A Proposition may be supported by multiple detectors.
proposition_participation,v2_exact,Fracture,positive,fracture,cyrillic_script|english,fracture_en,1,1,1,A Proposition may be supported by multiple detectors.
proposition_participation,v2_exact,Fracture,positive,fracture,english|greek_script,fracture_el|fracture_en,1,1,1,A Proposition may be supported by multiple detectors.
proposition_participation,v2_exact,Fracture,positive,fracture,english|latin_other,fracture_en,1,1,1,A Proposition may be supported by multiple detectors.
proposition_participation,v2_exact,Fracture,positive,fracture,german,fracture_de,1,1,1,A Proposition may be supported by multiple detectors.
proposition_participation,v2_exact,Fracture,uncertain,chondral_abnormality,dutch,<no_explicit_rule>,1,1,1,A Proposition may be supported by multiple detectors.
proposition_participation,v2_exact,Fracture,uncertain,fracture,english|french,fracture_en|fracture_fr,1,1,1,A Proposition may be supported by multiple detectors.
proposition_participation,v2_exact,Lateral Meniscus,negative,abnormality_absent,cyrillic_script,target_local_association,1,1,1,A Proposition may be supported by multiple detectors.
proposition_participation,v2_exact,Lateral Meniscus,positive,avulsion,english,target_local_association,1,1,1,A Proposition may be supported by multiple detectors.
proposition_participation,v2_exact,Lateral Meniscus,positive,chondral_abnormality,french,<no_explicit_rule>,1,1,1,A Proposition may be supported by multiple detectors.
proposition_participation,v2_exact,Lateral Meniscus,positive,degeneration,greek_script,<no_explicit_rule>,1,1,1,A Proposition may be supported by multiple detectors.
proposition_participation,v2_exact,Lateral Meniscus,positive,extrusion,greek_script,target_local_association,1,1,1,A Proposition may be supported by multiple detectors.
proposition_participation,v2_exact,Lateral Meniscus,positive,tear,german,<no_explicit_rule>,1,1,1,A Proposition may be supported by multiple detectors.
proposition_participation,v2_exact,Lateral Meniscus,positive,tear,spanish,<no_explicit_rule>,1,1,1,A Proposition may be supported by multiple detectors.
proposition_participation,v2_exact,Lateral Meniscus,uncertain,abnormality,dutch,target_local_association,1,1,1,A Proposition may be supported by multiple detectors.
proposition_participation,v2_exact,Lateral Meniscus,uncertain,abnormality,german,target_local_association,1,1,1,A Proposition may be supported by multiple detectors.
proposition_participation,v2_exact,Lateral Meniscus,uncertain,degeneration,dutch,target_local_association,1,1,1,A Proposition may be supported by multiple detectors.
proposition_participation,v2_exact,Lateral Meniscus,uncertain,tear,turkish,target_local_association,1,1,1,A Proposition may be supported by multiple detectors.
proposition_participation,v2_exact,Lateral OA,positive,abnormality,english,tibiofemoral_compartments,1,1,1,A Proposition may be supported by multiple detectors.
proposition_participation,v2_exact,Lateral OA,positive,abnormality,german,<no_explicit_rule>,1,1,1,A Proposition may be supported by multiple detectors.
proposition_participation,v2_exact,Lateral OA,positive,chondral_abnormality,cyrillic_script,compartment_scope,1,1,1,A Proposition may be supported by multiple detectors.
proposition_participation,v2_exact,Lateral OA,positive,chondral_abnormality,dutch,<no_explicit_rule>,1,1,1,A Proposition may be supported by multiple detectors.
proposition_participation,v2_exact,Lateral OA,positive,chondral_abnormality,english,compartment_scope|lateral_and_patellofemoral_compartments,1,1,1,A Proposition may be supported by multiple detectors.
proposition_participation,v2_exact,Lateral OA,positive,chondral_abnormality,latin_other,<no_explicit_rule>,1,1,1,A Proposition may be supported by multiple detectors.
proposition_participation,v2_exact,Lateral OA,positive,chondral_abnormality,latin_other,compartment_scope,1,1,1,A Proposition may be supported by multiple detectors.
proposition_participation,v2_exact,Lateral OA,positive,chondral_abnormality,south_slavic,<no_explicit_rule>,1,1,1,A Proposition may be supported by multiple detectors.
proposition_participation,v2_exact,Lateral OA,positive,chondral_abnormality,spanish,<no_explicit_rule>,1,1,1,A Proposition may be supported by multiple detectors.
proposition_participation,v2_exact,Lateral OA,positive,degeneration,dutch,<no_explicit_rule>,1,1,1,A Proposition may be supported by multiple detectors.
proposition_participation,v2_exact,Lateral OA,positive,degeneration,south_slavic,<no_explicit_rule>,1,1,1,A Proposition may be supported by multiple detectors.
proposition_participation,v2_exact,Lateral OA,positive,degeneration,spanish,<no_explicit_rule>,1,1,1,A Proposition may be supported by multiple detectors.
proposition_participation,v2_exact,Lateral OA,positive,degeneration,turkish,compartment_scope,1,1,1,A Proposition may be supported by multiple detectors.
proposition_participation,v2_exact,Lateral OA,positive,fracture,greek_script,<no_explicit_rule>,1,1,1,A Proposition may be supported by multiple detectors.
proposition_participation,v2_exact,Lateral OA,positive,tear,turkish,<no_explicit_rule>,1,1,1,A Proposition may be supported by multiple detectors.
proposition_participation,v2_exact,Lateral OA,uncertain,chondral_abnormality,english,compartment_scope,1,1,1,A Proposition may be supported by multiple detectors.
proposition_participation,v2_exact,MCL,negative,abnormality_absent,dutch,target_local_association,1,1,1,A Proposition may be supported by multiple detectors.
proposition_participation,v2_exact,MCL,negative,abnormality_absent,turkish,target_local_association,1,1,1,A Proposition may be supported by multiple detectors.
proposition_participation,v2_exact,MCL,positive,abnormality,dutch,<no_explicit_rule>,1,1,1,A Proposition may be supported by multiple detectors.
proposition_participation,v2_exact,MCL,positive,abnormality,german,<no_explicit_rule>,1,1,1,A Proposition may be supported by multiple detectors.
proposition_participation,v2_exact,MCL,positive,abnormality,german,target_local_association,1,1,1,A Proposition may be supported by multiple detectors.
proposition_participation,v2_exact,MCL,positive,abnormality,latin_other,target_local_association,1,1,1,A Proposition may be supported by multiple detectors.
proposition_participation,v2_exact,MCL,positive,avulsion,english,<no_explicit_rule>,1,1,1,A Proposition may be supported by multiple detectors.
proposition_participation,v2_exact,MCL,positive,avulsion,french,target_local_association,1,1,1,A Proposition may be supported by multiple detectors.
proposition_participation,v2_exact,MCL,positive,chondral_abnormality,english,<no_explicit_rule>,1,1,1,A Proposition may be supported by multiple detectors.
proposition_participation,v2_exact,MCL,positive,degeneration,turkish,target_local_association,1,1,1,A Proposition may be supported by multiple detectors.
proposition_participation,v2_exact,MCL,positive,extrusion,french,<no_explicit_rule>,1,1,1,A Proposition may be supported by multiple detectors.
proposition_participation,v2_exact,MCL,positive,fracture,turkish,<no_explicit_rule>,1,1,1,A Proposition may be supported by multiple detectors.
proposition_participation,v2_exact,MCL,positive,sprain,latin_other,target_local_association,1,1,1,A Proposition may be supported by multiple detectors.
proposition_participation,v2_exact,MCL,positive,sprain,south_slavic,<no_explicit_rule>,1,1,1,A Proposition may be supported by multiple detectors.
proposition_participation,v2_exact,MCL,positive,sprain,spanish,target_local_association,1,1,1,A Proposition may be supported by multiple detectors.
proposition_participation,v2_exact,MCL,positive,sprain,turkish,<no_explicit_rule>,1,1,1,A Proposition may be supported by multiple detectors.
proposition_participation,v2_exact,MCL,positive,tear,german,<no_explicit_rule>,1,1,1,A Proposition may be supported by multiple detectors.
proposition_participation,v2_exact,MCL,positive,tear,greek_script,<no_explicit_rule>,1,1,1,A Proposition may be supported by multiple detectors.
proposition_participation,v2_exact,MCL,positive,tear,latin_other,target_local_association,1,1,1,A Proposition may be supported by multiple detectors.
proposition_participation,v2_exact,MCL,positive,tear,turkish,<no_explicit_rule>,1,1,1,A Proposition may be supported by multiple detectors.
proposition_participation,v2_exact,MCL,uncertain,avulsion,english,<no_explicit_rule>,1,1,1,A Proposition may be supported by multiple detectors.
proposition_participation,v2_exact,MCL,uncertain,degeneration,english,target_local_association,1,1,1,A Proposition may be supported by multiple detectors.
proposition_participation,v2_exact,MCL,uncertain,sprain,english,target_local_association,1,1,1,A Proposition may be supported by multiple detectors.
proposition_participation,v2_exact,MCL,uncertain,tear,south_slavic,target_local_association,1,1,1,A Proposition may be supported by multiple detectors.
proposition_participation,v2_exact,Medial Meniscus,negative,abnormality_absent,german,target_local_association,1,1,1,A Proposition may be supported by multiple detectors.
proposition_participation,v2_exact,Medial Meniscus,negative,abnormality_absent,latin_other,<no_explicit_rule>,1,1,1,A Proposition may be supported by multiple detectors.
proposition_participation,v2_exact,Medial Meniscus,negative,abnormality_absent,latin_other,target_local_association,1,1,1,A Proposition may be supported by multiple detectors.
proposition_participation,v2_exact,Medial Meniscus,positive,abnormality,dutch,<no_explicit_rule>,1,1,1,A Proposition may be supported by multiple detectors.
proposition_participation,v2_exact,Medial Meniscus,positive,abnormality,turkish,<no_explicit_rule>,1,1,1,A Proposition may be supported by multiple detectors.
proposition_participation,v2_exact,Medial Meniscus,positive,chondral_abnormality,dutch,<no_explicit_rule>,1,1,1,A Proposition may be supported by multiple detectors.
proposition_participation,v2_exact,Medial Meniscus,positive,chondral_abnormality,greek_script,<no_explicit_rule>,1,1,1,A Proposition may be supported by multiple detectors.
proposition_participation,v2_exact,Medial Meniscus,positive,chondral_abnormality,south_slavic,<no_explicit_rule>,1,1,1,A Proposition may be supported by multiple detectors.
proposition_participation,v2_exact,Medial Meniscus,positive,extrusion,english,<no_explicit_rule>,1,1,1,A Proposition may be supported by multiple detectors.
proposition_participation,v2_exact,Medial Meniscus,positive,extrusion,turkish,<no_explicit_rule>,1,1,1,A Proposition may be supported by multiple detectors.
proposition_participation,v2_exact,Medial Meniscus,positive,fracture,turkish,<no_explicit_rule>,1,1,1,A Proposition may be supported by multiple detectors.
proposition_participation,v2_exact,Medial Meniscus,positive,sprain,dutch,<no_explicit_rule>,1,1,1,A Proposition may be supported by multiple detectors.
proposition_participation,v2_exact,Medial Meniscus,positive,tear,cyrillic_script,<no_explicit_rule>,1,1,1,A Proposition may be supported by multiple detectors.
proposition_participation,v2_exact,Medial Meniscus,positive,tear,turkish,<no_explicit_rule>,1,1,1,A Proposition may be supported by multiple detectors.
proposition_participation,v2_exact,Medial Meniscus,uncertain,abnormality,german,target_local_association,1,1,1,A Proposition may be supported by multiple detectors.
proposition_participation,v2_exact,Medial Meniscus,uncertain,abnormality,south_slavic,target_local_association,1,1,1,A Proposition may be supported by multiple detectors.
proposition_participation,v2_exact,Medial Meniscus,uncertain,abnormality,turkish,target_local_association,1,1,1,A Proposition may be supported by multiple detectors.
proposition_participation,v2_exact,Medial Meniscus,uncertain,tear,turkish,target_local_association,1,1,1,A Proposition may be supported by multiple detectors.
proposition_participation,v2_exact,Medial OA,negative,abnormality_absent,cyrillic_script,<no_explicit_rule>,1,1,1,A Proposition may be supported by multiple detectors.
proposition_participation,v2_exact,Medial OA,negative,abnormality_absent,greek_script,<no_explicit_rule>,1,1,1,A Proposition may be supported by multiple detectors.
proposition_participation,v2_exact,Medial OA,positive,abnormality,south_slavic,<no_explicit_rule>,1,1,1,A Proposition may be supported by multiple detectors.
proposition_participation,v2_exact,Medial OA,positive,chondral_abnormality,dutch,<no_explicit_rule>,1,1,1,A Proposition may be supported by multiple detectors.
proposition_participation,v2_exact,Medial OA,positive,chondral_abnormality,latin_other,<no_explicit_rule>,1,1,1,A Proposition may be supported by multiple detectors.
proposition_participation,v2_exact,Medial OA,positive,degeneration,spanish,<no_explicit_rule>,1,1,1,A Proposition may be supported by multiple detectors.
proposition_participation,v2_exact,Medial OA,positive,fracture,greek_script,<no_explicit_rule>,1,1,1,A Proposition may be supported by multiple detectors.
proposition_participation,v2_exact,Medial OA,positive,fracture,spanish,<no_explicit_rule>,1,1,1,A Proposition may be supported by multiple detectors.
proposition_participation,v2_exact,PF OA,negative,abnormality_absent,french,<no_explicit_rule>,1,1,1,A Proposition may be supported by multiple detectors.
proposition_participation,v2_exact,PF OA,negative,abnormality_absent,greek_script,<no_explicit_rule>,1,1,1,A Proposition may be supported by multiple detectors.
proposition_participation,v2_exact,PF OA,positive,abnormality,greek_script,<no_explicit_rule>,1,1,1,A Proposition may be supported by multiple detectors.
proposition_participation,v2_exact,PF OA,positive,abnormality,turkish,<no_explicit_rule>,1,1,1,A Proposition may be supported by multiple detectors.
proposition_participation,v2_exact,PF OA,positive,degeneration,dutch,<no_explicit_rule>,1,1,1,A Proposition may be supported by multiple detectors.
proposition_participation,v2_exact,PF OA,positive,fracture,english,<no_explicit_rule>,1,1,1,A Proposition may be supported by multiple detectors.
proposition_participation,v2_exact,PF OA,positive,tear,english,<no_explicit_rule>,1,1,1,A Proposition may be supported by multiple detectors.
proposition_participation,v2_exact,Synovitis,positive,abnormality,cyrillic_script,<no_explicit_rule>,1,1,1,A Proposition may be supported by multiple detectors.
proposition_participation,v2_exact,Synovitis,positive,chondral_abnormality,cyrillic_script,<no_explicit_rule>,1,1,1,A Proposition may be supported by multiple detectors.
proposition_participation,v2_exact,Synovitis,positive,chondral_abnormality,dutch,<no_explicit_rule>,1,1,1,A Proposition may be supported by multiple detectors.
proposition_participation,v2_exact,Synovitis,positive,degeneration,dutch,<no_explicit_rule>,1,1,1,A Proposition may be supported by multiple detectors.
proposition_participation,v2_exact,Synovitis,positive,fracture,turkish,<no_explicit_rule>,1,1,1,A Proposition may be supported by multiple detectors.
proposition_participation,v2_exact,Synovitis,positive,sprain,dutch,<no_explicit_rule>,1,1,1,A Proposition may be supported by multiple detectors.
proposition_participation,v2_exact,Synovitis,uncertain,abnormality,german,<no_explicit_rule>,1,1,1,A Proposition may be supported by multiple detectors.
proposition_participation,v2_exact,Synovitis,uncertain,fracture,english,<no_explicit_rule>,1,1,1,A Proposition may be supported by multiple detectors.
proposition_participation,v3_morphology,Baker's,negative,baker_cyst_absent,dutch|english,baker_nl|baker_variants,1,1,1,A Proposition may be supported by multiple detectors.
proposition_participation,v3_morphology,Baker's,uncertain,baker_cyst,english|south_slavic,baker_sl|baker_variants,1,1,1,A Proposition may be supported by multiple detectors.
proposition_participation,v3_morphology,Baker's,uncertain,baker_cyst,greek_script,baker_el,1,1,1,A Proposition may be supported by multiple detectors.
proposition_participation,v3_morphology,Contusion,negative,bone_contusion_absent,greek_script,contusion_el,1,1,1,A Proposition may be supported by multiple detectors.
proposition_participation,v3_morphology,Contusion,uncertain,bone_contusion,south_slavic,contusion_sl,1,1,1,A Proposition may be supported by multiple detectors.
proposition_participation,v3_morphology,Effusion,positive,tear,turkish,effusion_tr_root,1,1,1,A Proposition may be supported by multiple detectors.
proposition_participation,v3_morphology,Effusion,uncertain,joint_effusion,greek_script,effusion_el_root,1,1,1,A Proposition may be supported by multiple detectors.
proposition_participation,v3_morphology,Fracture,positive,fracture,cyrillic_script|english,fracture_en,1,1,1,A Proposition may be supported by multiple detectors.
proposition_participation,v3_morphology,Fracture,positive,fracture,english|greek_script,fracture_el|fracture_en,1,1,1,A Proposition may be supported by multiple detectors.
proposition_participation,v3_morphology,Fracture,positive,fracture,english|latin_other,fracture_en,1,1,1,A Proposition may be supported by multiple detectors.
proposition_participation,v3_morphology,Fracture,uncertain,fracture,english|french,fracture_en|fracture_fr,1,1,1,A Proposition may be supported by multiple detectors.
proposition_participation,v3_morphology,Synovitis,negative,synovitis_absent,german,synovitis_de,1,1,1,A Proposition may be supported by multiple detectors.
proposition_participation,v3_morphology,Synovitis,uncertain,synovitis,german,synovitis_de,1,1,1,A Proposition may be supported by multiple detectors.
proposition_participation,v3_target,ACL,negative,abnormality_absent,dutch,target_local_association,1,1,1,A Proposition may be supported by multiple detectors.
proposition_participation,v3_target,ACL,positive,degeneration,latin_other,target_local_association,1,1,1,A Proposition may be supported by multiple detectors.
proposition_participation,v3_target,ACL,positive,sprain,dutch,target_local_association,1,1,1,A Proposition may be supported by multiple detectors.
proposition_participation,v3_target,ACL,positive,sprain,greek_script,target_local_association,1,1,1,A Proposition may be supported by multiple detectors.
proposition_participation,v3_target,ACL,positive,tear,german,target_local_association,1,1,1,A Proposition may be supported by multiple detectors.
proposition_participation,v3_target,ACL,uncertain,abnormality,french,target_local_association,1,1,1,A Proposition may be supported by multiple detectors.
proposition_participation,v3_target,ACL,uncertain,tear,turkish,target_local_association,1,1,1,A Proposition may be supported by multiple detectors.
proposition_participation,v3_target,Lateral Meniscus,negative,abnormality_absent,cyrillic_script,target_local_association,1,1,1,A Proposition may be supported by multiple detectors.
proposition_participation,v3_target,Lateral Meniscus,negative,abnormality_absent,english,both_menisci_negative_only|target_local_association,1,1,1,A Proposition may be supported by multiple detectors.
proposition_participation,v3_target,Lateral Meniscus,positive,avulsion,english,target_local_association,1,1,1,A Proposition may be supported by multiple detectors.
proposition_participation,v3_target,Lateral Meniscus,positive,tear,latin_other,target_local_association,1,1,1,A Proposition may be supported by multiple detectors.
proposition_participation,v3_target,Lateral Meniscus,uncertain,abnormality,dutch,target_local_association,1,1,1,A Proposition may be supported by multiple detectors.
proposition_participation,v3_target,Lateral Meniscus,uncertain,abnormality,german,target_local_association,1,1,1,A Proposition may be supported by multiple detectors.
proposition_participation,v3_target,Lateral Meniscus,uncertain,degeneration,dutch,target_local_association,1,1,1,A Proposition may be supported by multiple detectors.
proposition_participation,v3_target,Lateral Meniscus,uncertain,degeneration,south_slavic,target_local_association,1,1,1,A Proposition may be supported by multiple detectors.
proposition_participation,v3_target,Lateral Meniscus,uncertain,tear,german,target_local_association,1,1,1,A Proposition may be supported by multiple detectors.
proposition_participation,v3_target,Lateral OA,negative,normal_cartilage,south_slavic,compartment_normality,1,1,1,A Proposition may be supported by multiple detectors.
proposition_participation,v3_target,Lateral OA,positive,chondral_abnormality,cyrillic_script,compartment_scope,1,1,1,A Proposition may be supported by multiple detectors.
proposition_participation,v3_target,Lateral OA,positive,chondral_abnormality,latin_other,compartment_scope,1,1,1,A Proposition may be supported by multiple detectors.
proposition_participation,v3_target,Lateral OA,positive,tear,english,compartment_scope,1,1,1,A Proposition may be supported by multiple detectors.
proposition_participation,v3_target,Lateral OA,uncertain,chondral_abnormality,english,compartment_scope,1,1,1,A Proposition may be supported by multiple detectors.
proposition_participation,v3_target,MCL,negative,abnormality_absent,dutch,target_local_association,1,1,1,A Proposition may be supported by multiple detectors.
proposition_participation,v3_target,MCL,negative,abnormality_absent,turkish,target_local_association,1,1,1,A Proposition may be supported by multiple detectors.
proposition_participation,v3_target,MCL,positive,abnormality,latin_other,target_local_association,1,1,1,A Proposition may be supported by multiple detectors.
proposition_participation,v3_target,MCL,positive,avulsion,french,target_local_association,1,1,1,A Proposition may be supported by multiple detectors.
proposition_participation,v3_target,MCL,positive,degeneration,turkish,target_local_association,1,1,1,A Proposition may be supported by multiple detectors.
proposition_participation,v3_target,MCL,positive,tear,latin_other,target_local_association,1,1,1,A Proposition may be supported by multiple detectors.
proposition_participation,v3_target,MCL,uncertain,abnormality,dutch,target_local_association,1,1,1,A Proposition may be supported by multiple detectors.
proposition_participation,v3_target,MCL,uncertain,abnormality,german,target_local_association,1,1,1,A Proposition may be supported by multiple detectors.
proposition_participation,v3_target,MCL,uncertain,sprain,turkish,target_local_association,1,1,1,A Proposition may be supported by multiple detectors.
proposition_participation,v3_target,MCL,uncertain,tear,german,target_local_association,1,1,1,A Proposition may be supported by multiple detectors.
proposition_participation,v3_target,Medial Meniscus,negative,abnormality_absent,german,target_local_association,1,1,1,A Proposition may be supported by multiple detectors.
proposition_participation,v3_target,Medial Meniscus,negative,abnormality_absent,latin_other,target_local_association,1,1,1,A Proposition may be supported by multiple detectors.
proposition_participation,v3_target,Medial Meniscus,positive,abnormality,greek_script,target_local_association,1,1,1,A Proposition may be supported by multiple detectors.
proposition_participation,v3_target,Medial Meniscus,positive,degeneration,latin_other,target_local_association,1,1,1,A Proposition may be supported by multiple detectors.
proposition_participation,v3_target,Medial Meniscus,positive,sprain,latin_other,target_local_association,1,1,1,A Proposition may be supported by multiple detectors.
proposition_participation,v3_target,Medial Meniscus,positive,sprain,south_slavic,target_local_association,1,1,1,A Proposition may be supported by multiple detectors.
proposition_participation,v3_target,Medial Meniscus,positive,tear,latin_other,target_local_association,1,1,1,A Proposition may be supported by multiple detectors.
proposition_participation,v3_target,Medial Meniscus,uncertain,abnormality,south_slavic,target_local_association,1,1,1,A Proposition may be supported by multiple detectors.
proposition_participation,v3_target,Medial Meniscus,uncertain,extrusion,german,target_local_association,1,1,1,A Proposition may be supported by multiple detectors.
proposition_participation,v3_target,Medial OA,negative,chondral_abnormality_absent,greek_script,compartment_scope,1,1,1,A Proposition may be supported by multiple detectors.
proposition_participation,v3_target,Medial OA,negative,normal_cartilage,cyrillic_script,compartment_normality,1,1,1,A Proposition may be supported by multiple detectors.
proposition_participation,v3_target,Medial OA,negative,normal_cartilage,south_slavic,compartment_normality,1,1,1,A Proposition may be supported by multiple detectors.
proposition_participation,v3_target,Medial OA,positive,chondral_abnormality,greek_script,compartment_scope|tibiofemoral_compartments,1,1,1,A Proposition may be supported by multiple detectors.
proposition_participation,v3_target,Medial OA,uncertain,chondral_abnormality,dutch,compartment_scope,1,1,1,A Proposition may be supported by multiple detectors.
proposition_participation,v3_target,PF OA,negative,chondral_abnormality_absent,cyrillic_script,compartment_scope,1,1,1,A Proposition may be supported by multiple detectors.
proposition_participation,v3_target,PF OA,negative,chondral_abnormality_absent,french,compartment_scope,1,1,1,A Proposition may be supported by multiple detectors.
proposition_participation,v3_target,PF OA,negative,chondral_abnormality_absent,south_slavic,compartment_scope,1,1,1,A Proposition may be supported by multiple detectors.
proposition_participation,v3_target,PF OA,negative,normal_cartilage,french,compartment_normality,1,1,1,A Proposition may be supported by multiple detectors.
proposition_participation,v3_target,PF OA,positive,chondral_abnormality,greek_script,compartment_scope|tibiofemoral_compartments,1,1,1,A Proposition may be supported by multiple detectors.
selected_pair_participation,v2_exact,__all__,__all__,__all__,__all__,__all__,17712,4175,17712,Overall detector participation; pairs may participate in multiple detectors.
selected_pair_participation,v3_target,__all__,__all__,__all__,__all__,__all__,13314,3927,13314,Overall detector participation; pairs may participate in multiple detectors.
selected_pair_participation,v3_morphology,__all__,__all__,__all__,__all__,__all__,4931,2834,4931,Overall detector participation; pairs may participate in multiple detectors.
selected_pair_participation,v2_collective,__all__,__all__,__all__,__all__,__all__,3826,1819,3826,Overall detector participation; pairs may participate in multiple detectors.
selected_pair_participation,v3_morphology,Effusion,positive,joint_effusion,english,effusion_en_plural,981,981,981,A selected pair may include multiple detectors/propositions.
selected_pair_participation,v3_target,MCL,negative,normal_structure,english,target_local_normality,926,926,926,A selected pair may include multiple detectors/propositions.
selected_pair_participation,v3_target,Lateral Meniscus,negative,normal_structure,english,target_local_normality,766,766,766,A selected pair may include multiple detectors/propositions.
selected_pair_participation,v3_target,ACL,negative,normal_structure,english,target_local_normality,754,754,754,A selected pair may include multiple detectors/propositions.
selected_pair_participation,v2_exact,ACL,negative,abnormality_absent,english,<no_explicit_rule>,729,729,729,A selected pair may include multiple detectors/propositions.
selected_pair_participation,v2_exact,Effusion,positive,abnormality,english,<no_explicit_rule>,673,673,673,A selected pair may include multiple detectors/propositions.
selected_pair_participation,v3_target,Medial Meniscus,positive,tear,english,target_local_association,612,612,612,A selected pair may include multiple detectors/propositions.
selected_pair_participation,v2_exact,Medial Meniscus,positive,tear,english,target_local_association,608,608,608,A selected pair may include multiple detectors/propositions.
selected_pair_participation,v2_exact,Lateral Meniscus,negative,abnormality_absent,english,<no_explicit_rule>,594,594,594,A selected pair may include multiple detectors/propositions.
selected_pair_participation,v2_exact,MCL,negative,abnormality_absent,english,<no_explicit_rule>,590,590,590,A selected pair may include multiple detectors/propositions.
selected_pair_participation,v3_morphology,Baker's,positive,baker_cyst,english,baker_variants,524,524,524,A selected pair may include multiple detectors/propositions.
selected_pair_participation,v3_morphology,Fracture,negative,fracture_absent,english,fracture_en,496,496,496,A selected pair may include multiple detectors/propositions.
selected_pair_participation,v3_target,PF OA,positive,chondral_abnormality,english,compartment_scope,492,492,492,A selected pair may include multiple detectors/propositions.
selected_pair_participation,v2_exact,Fracture,negative,abnormality_absent,english,<no_explicit_rule>,457,457,457,A selected pair may include multiple detectors/propositions.
selected_pair_participation,v3_morphology,Contusion,negative,bone_contusion_absent,english,contusion_en,453,453,453,A selected pair may include multiple detectors/propositions.
selected_pair_participation,v2_exact,Lateral OA,negative,abnormality_absent,english,<no_explicit_rule>,427,427,427,A selected pair may include multiple detectors/propositions.
selected_pair_participation,v3_morphology,Effusion,negative,joint_effusion_absent,english,effusion_en_plural,421,421,421,A selected pair may include multiple detectors/propositions.
selected_pair_participation,v2_exact,Contusion,negative,abnormality_absent,english,<no_explicit_rule>,403,403,403,A selected pair may include multiple detectors/propositions.
selected_pair_participation,v2_exact,Effusion,negative,abnormality_absent,english,<no_explicit_rule>,378,378,378,A selected pair may include multiple detectors/propositions.
selected_pair_participation,v2_exact,PF OA,positive,chondral_abnormality,english,compartment_scope,366,366,366,A selected pair may include multiple detectors/propositions.
selected_pair_participation,v2_exact,PF OA,negative,abnormality_absent,english,<no_explicit_rule>,365,365,365,A selected pair may include multiple detectors/propositions.
selected_pair_participation,v3_target,Medial Meniscus,negative,normal_structure,english,target_local_normality,342,342,342,A selected pair may include multiple detectors/propositions.
selected_pair_participation,v2_exact,Medial OA,negative,abnormality_absent,english,<no_explicit_rule>,335,335,335,A selected pair may include multiple detectors/propositions.
selected_pair_participation,v3_morphology,Effusion,positive,joint_effusion,turkish,effusion_tr_root,328,328,328,A selected pair may include multiple detectors/propositions.
selected_pair_participation,v3_target,PF OA,negative,normal_cartilage,english,compartment_normality,322,322,322,A selected pair may include multiple detectors/propositions.
selected_pair_participation,v2_exact,Medial Meniscus,negative,abnormality_absent,english,<no_explicit_rule>,320,320,320,A selected pair may include multiple detectors/propositions.
selected_pair_participation,v2_exact,Baker's,negative,abnormality_absent,english,<no_explicit_rule>,315,315,315,A selected pair may include multiple detectors/propositions.
selected_pair_participation,v2_exact,Synovitis,positive,abnormality,english,<no_explicit_rule>,289,289,289,A selected pair may include multiple detectors/propositions.
selected_pair_participation,v3_target,Medial OA,positive,chondral_abnormality,english,compartment_scope,289,289,289,A selected pair may include multiple detectors/propositions.
selected_pair_participation,v3_target,ACL,positive,tear,english,target_local_association,288,288,288,A selected pair may include multiple detectors/propositions.
selected_pair_participation,v3_target,Lateral OA,negative,chondral_abnormality_absent,english,compartment_scope,286,286,286,A selected pair may include multiple detectors/propositions.
selected_pair_participation,v3_target,Lateral Meniscus,negative,normal_structure,turkish,target_local_normality,284,284,284,A selected pair may include multiple detectors/propositions.
selected_pair_participation,v2_exact,Effusion,positive,abnormality,spanish,<no_explicit_rule>,282,282,282,A selected pair may include multiple detectors/propositions.
selected_pair_participation,v2_exact,Lateral Meniscus,negative,abnormality_absent,turkish,<no_explicit_rule>,282,282,282,A selected pair may include multiple detectors/propositions.
selected_pair_participation,v2_exact,ACL,positive,tear,english,target_local_association,281,281,281,A selected pair may include multiple detectors/propositions.
selected_pair_participation,v3_target,Medial OA,negative,chondral_abnormality_absent,english,compartment_scope,270,270,270,A selected pair may include multiple detectors/propositions.
selected_pair_participation,v3_target,MCL,negative,normal_structure,turkish,target_local_normality,268,268,268,A selected pair may include multiple detectors/propositions.
selected_pair_participation,v3_morphology,Baker's,negative,baker_cyst_absent,english,baker_variants,267,267,267,A selected pair may include multiple detectors/propositions.
selected_pair_participation,v2_exact,Baker's,negative,abnormality_absent,spanish,<no_explicit_rule>,264,264,264,A selected pair may include multiple detectors/propositions.
selected_pair_participation,v2_exact,Effusion,positive,abnormality,south_slavic,<no_explicit_rule>,264,264,264,A selected pair may include multiple detectors/propositions.
selected_pair_participation,v2_exact,MCL,negative,abnormality_absent,turkish,<no_explicit_rule>,258,258,258,A selected pair may include multiple detectors/propositions.
selected_pair_participation,v3_target,Lateral Meniscus,positive,tear,english,target_local_association,252,252,252,A selected pair may include multiple detectors/propositions.
selected_pair_participation,v2_exact,Lateral Meniscus,positive,tear,english,target_local_association,250,250,250,A selected pair may include multiple detectors/propositions.
selected_pair_participation,v3_target,PF OA,negative,chondral_abnormality_absent,english,compartment_scope,249,249,249,A selected pair may include multiple detectors/propositions.
selected_pair_participation,v2_collective,ACL,negative,abnormality_absent,spanish,cruciate_and_collateral_ligaments|cruciate_ligaments,238,238,238,A selected pair may include multiple detectors/propositions.
selected_pair_participation,v2_collective,MCL,negative,abnormality_absent,spanish,cruciate_and_collateral_ligaments,238,238,238,A selected pair may include multiple detectors/propositions.
selected_pair_participation,v2_exact,Medial OA,positive,chondral_abnormality,english,compartment_scope,216,216,216,A selected pair may include multiple detectors/propositions.
selected_pair_participation,v2_exact,Baker's,positive,abnormality,english,<no_explicit_rule>,215,215,215,A selected pair may include multiple detectors/propositions.
selected_pair_participation,v3_morphology,Contusion,positive,bone_contusion,english,contusion_en,210,210,210,A selected pair may include multiple detectors/propositions.
selected_pair_participation,v3_target,Lateral OA,positive,chondral_abnormality,english,compartment_scope,202,202,202,A selected pair may include multiple detectors/propositions.
selected_pair_participation,v2_exact,Medial Meniscus,positive,tear,spanish,target_local_association,201,201,201,A selected pair may include multiple detectors/propositions.
selected_pair_participation,v3_target,Medial Meniscus,positive,tear,spanish,target_local_association,201,201,201,A selected pair may include multiple detectors/propositions.
selected_pair_participation,v2_exact,Effusion,positive,abnormality,turkish,<no_explicit_rule>,198,198,198,A selected pair may include multiple detectors/propositions.
selected_pair_participation,v3_target,Medial Meniscus,positive,tear,turkish,target_local_association,196,196,196,A selected pair may include multiple detectors/propositions.
selected_pair_participation,v2_exact,Medial Meniscus,positive,tear,turkish,target_local_association,190,190,190,A selected pair may include multiple detectors/propositions.
selected_pair_participation,v3_target,Lateral Meniscus,negative,abnormality_absent,english,target_local_association,186,186,186,A selected pair may include multiple detectors/propositions.
selected_pair_participation,v2_exact,Lateral Meniscus,negative,abnormality_absent,english,target_local_association,185,185,185,A selected pair may include multiple detectors/propositions.
selected_pair_participation,v2_collective,MCL,negative,abnormality_absent,english,collateral_ligaments,177,177,177,A selected pair may include multiple detectors/propositions.
selected_pair_participation,v3_target,Medial Meniscus,positive,tear,south_slavic,target_local_association,173,173,173,A selected pair may include multiple detectors/propositions.
selected_pair_participation,v2_exact,Effusion,negative,abnormality_absent,spanish,<no_explicit_rule>,171,171,171,A selected pair may include multiple detectors/propositions.
selected_pair_participation,v2_exact,Effusion,positive,abnormality,greek_script,<no_explicit_rule>,167,167,167,A selected pair may include multiple detectors/propositions.
selected_pair_participation,v3_target,Medial Meniscus,positive,degeneration,turkish,target_local_association,166,166,166,A selected pair may include multiple detectors/propositions.
selected_pair_participation,v2_collective,Medial OA,negative,abnormality_absent,spanish,tibiofemoral_compartments,165,165,165,A selected pair may include multiple detectors/propositions.
selected_pair_participation,v2_collective,Lateral OA,negative,abnormality_absent,spanish,tibiofemoral_compartments,164,164,164,A selected pair may include multiple detectors/propositions.
selected_pair_participation,v2_collective,Medial Meniscus,negative,abnormality_absent,english,both_menisci|both_menisci_negative_only,164,164,164,A selected pair may include multiple detectors/propositions.
selected_pair_participation,v2_collective,Lateral Meniscus,negative,abnormality_absent,english,both_menisci|both_menisci_negative_only,159,159,159,A selected pair may include multiple detectors/propositions.
selected_pair_participation,v2_exact,Medial Meniscus,positive,degeneration,turkish,target_local_association,158,158,158,A selected pair may include multiple detectors/propositions.
selected_pair_participation,v2_collective,MCL,negative,abnormality_absent,turkish,collateral_ligaments,155,155,155,A selected pair may include multiple detectors/propositions.
selected_pair_participation,v3_target,Lateral OA,negative,normal_cartilage,english,compartment_normality,153,153,153,A selected pair may include multiple detectors/propositions.
selected_pair_participation,v2_exact,Lateral OA,positive,chondral_abnormality,english,compartment_scope,152,152,152,A selected pair may include multiple detectors/propositions.
selected_pair_participation,v3_target,ACL,negative,normal_structure,south_slavic,target_local_normality,150,150,150,A selected pair may include multiple detectors/propositions.
selected_pair_participation,v3_target,MCL,negative,normal_structure,south_slavic,target_local_normality,150,150,150,A selected pair may include multiple detectors/propositions.
selected_pair_participation,v2_collective,ACL,negative,abnormality_absent,german,cruciate_ligaments,148,148,148,A selected pair may include multiple detectors/propositions.
selected_pair_participation,v2_exact,Baker's,negative,abnormality_absent,south_slavic,<no_explicit_rule>,146,146,146,A selected pair may include multiple detectors/propositions.
selected_pair_participation,v3_target,ACL,negative,abnormality_absent,english,target_local_association,140,140,140,A selected pair may include multiple detectors/propositions.
selected_pair_participation,v2_exact,MCL,negative,abnormality_absent,south_slavic,<no_explicit_rule>,136,136,136,A selected pair may include multiple detectors/propositions.
selected_pair_participation,v2_exact,ACL,negative,abnormality_absent,english,target_local_association,135,135,135,A selected pair may include multiple detectors/propositions.
selected_pair_participation,v2_exact,Effusion,positive,abnormality,cyrillic_script,<no_explicit_rule>,134,134,134,A selected pair may include multiple detectors/propositions.
selected_pair_participation,v2_collective,ACL,negative,abnormality_absent,cyrillic_script,cruciate_ligaments,133,133,133,A selected pair may include multiple detectors/propositions.
selected_pair_participation,v3_morphology,Effusion,negative,joint_effusion_absent,turkish,effusion_tr_root,132,132,132,A selected pair may include multiple detectors/propositions.
selected_pair_participation,v3_target,Lateral Meniscus,negative,abnormality_absent,south_slavic,target_local_association,132,132,132,A selected pair may include multiple detectors/propositions.
selected_pair_participation,v2_collective,MCL,negative,abnormality_absent,south_slavic,collateral_ligaments,131,131,131,A selected pair may include multiple detectors/propositions.
selected_pair_participation,v2_exact,Lateral Meniscus,negative,abnormality_absent,south_slavic,target_local_association,131,131,131,A selected pair may include multiple detectors/propositions.
selected_pair_participation,v3_morphology,Effusion,positive,joint_effusion,greek_script,effusion_el_root,131,131,131,A selected pair may include multiple detectors/propositions.
selected_pair_participation,v3_target,Medial Meniscus,positive,abnormality,cyrillic_script,target_local_association,129,129,129,A selected pair may include multiple detectors/propositions.
selected_pair_participation,v2_exact,Effusion,negative,abnormality_absent,turkish,<no_explicit_rule>,128,128,128,A selected pair may include multiple detectors/propositions.
selected_pair_participation,v2_collective,ACL,negative,abnormality_absent,english,cruciate_ligaments,127,127,127,A selected pair may include multiple detectors/propositions.
selected_pair_participation,v2_exact,Medial Meniscus,positive,tear,south_slavic,target_local_association,127,127,127,A selected pair may include multiple detectors/propositions.
selected_pair_participation,v3_target,Lateral Meniscus,positive,degeneration,turkish,target_local_association,127,127,127,A selected pair may include multiple detectors/propositions.
selected_pair_participation,v2_exact,Lateral Meniscus,negative,abnormality_absent,spanish,target_local_association,120,120,120,A selected pair may include multiple detectors/propositions.
selected_pair_participation,v3_target,Lateral Meniscus,negative,abnormality_absent,spanish,target_local_association,120,120,120,A selected pair may include multiple detectors/propositions.
selected_pair_participation,v2_collective,Lateral Meniscus,negative,abnormality_absent,spanish,both_menisci_negative_only,119,119,119,A selected pair may include multiple detectors/propositions.
selected_pair_participation,v2_collective,Medial Meniscus,negative,abnormality_absent,spanish,both_menisci_negative_only,119,119,119,A selected pair may include multiple detectors/propositions.
selected_pair_participation,v2_collective,MCL,negative,abnormality_absent,cyrillic_script,collateral_ligaments,118,118,118,A selected pair may include multiple detectors/propositions.
selected_pair_participation,v3_target,Medial Meniscus,positive,degeneration,english,target_local_association,116,116,116,A selected pair may include multiple detectors/propositions.
selected_pair_participation,v2_exact,Lateral Meniscus,positive,degeneration,turkish,target_local_association,115,115,115,A selected pair may include multiple detectors/propositions.
selected_pair_participation,v2_exact,Medial Meniscus,positive,abnormality,cyrillic_script,target_local_association,115,115,115,A selected pair may include multiple detectors/propositions.
selected_pair_participation,v3_target,PF OA,negative,normal_cartilage,spanish,compartment_normality,113,113,113,A selected pair may include multiple detectors/propositions.
selected_pair_participation,v2_exact,Effusion,positive,abnormality,german,<no_explicit_rule>,112,112,112,A selected pair may include multiple detectors/propositions.
selected_pair_participation,v3_target,MCL,positive,sprain,english,target_local_association,108,108,108,A selected pair may include multiple detectors/propositions.
selected_pair_participation,v2_exact,Medial Meniscus,negative,abnormality_absent,spanish,target_local_association,107,107,107,A selected pair may include multiple detectors/propositions.
selected_pair_participation,v3_morphology,Effusion,positive,joint_effusion,german,effusion_de_root,107,107,107,A selected pair may include multiple detectors/propositions.
selected_pair_participation,v3_target,Medial Meniscus,negative,abnormality_absent,spanish,target_local_association,107,107,107,A selected pair may include multiple detectors/propositions.
selected_pair_participation,v2_exact,MCL,positive,sprain,english,target_local_association,106,106,106,A selected pair may include multiple detectors/propositions.
selected_pair_participation,v2_collective,PF OA,negative,abnormality_absent,spanish,tibiofemoral_compartments,104,104,104,A selected pair may include multiple detectors/propositions.
selected_pair_participation,v3_morphology,Baker's,positive,baker_cyst,greek_script,baker_el,104,104,104,A selected pair may include multiple detectors/propositions.
selected_pair_participation,v2_exact,Synovitis,positive,abnormality,spanish,<no_explicit_rule>,102,102,102,A selected pair may include multiple detectors/propositions.
selected_pair_participation,v3_target,Medial OA,negative,normal_cartilage,english,compartment_normality,100,100,100,A selected pair may include multiple detectors/propositions.
selected_pair_participation,v2_exact,Effusion,negative,abnormality_absent,south_slavic,<no_explicit_rule>,98,98,98,A selected pair may include multiple detectors/propositions.
selected_pair_participation,v3_target,ACL,positive,degeneration,turkish,target_local_association,94,94,94,A selected pair may include multiple detectors/propositions.
selected_pair_participation,v3_target,ACL,positive,degeneration,south_slavic,target_local_association,93,93,93,A selected pair may include multiple detectors/propositions.
selected_pair_participation,v3_target,PF OA,positive,chondral_abnormality,south_slavic,compartment_scope,91,91,91,A selected pair may include multiple detectors/propositions.
selected_pair_participation,v3_morphology,Fracture,positive,fracture,english,fracture_en,90,90,90,A selected pair may include multiple detectors/propositions.
selected_pair_participation,v2_exact,Medial Meniscus,positive,degeneration,english,target_local_association,89,89,89,A selected pair may include multiple detectors/propositions.
selected_pair_participation,v3_target,Lateral Meniscus,negative,normal_structure,cyrillic_script,target_local_normality,88,88,88,A selected pair may include multiple detectors/propositions.
selected_pair_participation,v3_target,MCL,positive,sprain,turkish,target_local_association,88,88,88,A selected pair may include multiple detectors/propositions.
selected_pair_participation,v2_exact,Lateral Meniscus,positive,tear,spanish,target_local_association,87,87,87,A selected pair may include multiple detectors/propositions.
selected_pair_participation,v3_morphology,Baker's,positive,baker_cyst,english|south_slavic,baker_sl|baker_variants,87,87,87,A selected pair may include multiple detectors/propositions.
selected_pair_participation,v3_target,Lateral Meniscus,positive,tear,spanish,target_local_association,87,87,87,A selected pair may include multiple detectors/propositions.
selected_pair_participation,v2_exact,Lateral Meniscus,negative,abnormality_absent,german,<no_explicit_rule>,85,85,85,A selected pair may include multiple detectors/propositions.
selected_pair_participation,v2_exact,Lateral Meniscus,negative,abnormality_absent,cyrillic_script,<no_explicit_rule>,84,84,84,A selected pair may include multiple detectors/propositions.
selected_pair_participation,v3_target,Lateral Meniscus,negative,normal_structure,german,target_local_normality,84,84,84,A selected pair may include multiple detectors/propositions.
selected_pair_participation,v2_exact,Fracture,positive,fracture,english,fracture_en,82,82,82,A selected pair may include multiple detectors/propositions.
selected_pair_participation,v2_exact,Baker's,positive,abnormality,greek_script,<no_explicit_rule>,81,81,81,A selected pair may include multiple detectors/propositions.
selected_pair_participation,v3_target,ACL,positive,tear,turkish,target_local_association,78,78,78,A selected pair may include multiple detectors/propositions.
selected_pair_participation,v3_target,Lateral Meniscus,positive,degeneration,south_slavic,target_local_association,78,78,78,A selected pair may include multiple detectors/propositions.
selected_pair_participation,v2_exact,Effusion,negative,abnormality_absent,cyrillic_script,<no_explicit_rule>,77,77,77,A selected pair may include multiple detectors/propositions.
selected_pair_participation,v2_exact,PF OA,negative,abnormality_absent,spanish,<no_explicit_rule>,77,77,77,A selected pair may include multiple detectors/propositions.
selected_pair_participation,v3_target,Medial Meniscus,positive,tear,greek_script,target_local_association,77,77,77,A selected pair may include multiple detectors/propositions.
selected_pair_participation,v2_exact,Baker's,positive,abnormality,spanish,<no_explicit_rule>,76,76,76,A selected pair may include multiple detectors/propositions.
selected_pair_participation,v2_exact,Effusion,positive,abnormality,french,<no_explicit_rule>,76,76,76,A selected pair may include multiple detectors/propositions.
selected_pair_participation,v2_exact,Effusion,positive,abnormality,dutch,<no_explicit_rule>,75,75,75,A selected pair may include multiple detectors/propositions.
selected_pair_participation,v3_target,PF OA,positive,chondral_abnormality,german,compartment_scope,75,75,75,A selected pair may include multiple detectors/propositions.
selected_pair_participation,v2_exact,Medial Meniscus,positive,tear,greek_script,target_local_association,74,74,74,A selected pair may include multiple detectors/propositions.
selected_pair_participation,v3_morphology,Baker's,negative,baker_cyst_absent,south_slavic,baker_sl,74,74,74,A selected pair may include multiple detectors/propositions.
selected_pair_participation,v3_target,Lateral Meniscus,positive,tear,south_slavic,target_local_association,73,73,73,A selected pair may include multiple detectors/propositions.
selected_pair_participation,v2_exact,ACL,negative,abnormality_absent,south_slavic,<no_explicit_rule>,72,72,72,A selected pair may include multiple detectors/propositions.
selected_pair_participation,v3_target,MCL,positive,tear,english,target_local_association,72,72,72,A selected pair may include multiple detectors/propositions.
selected_pair_participation,v2_exact,Baker's,positive,abnormality,south_slavic,<no_explicit_rule>,70,70,70,A selected pair may include multiple detectors/propositions.
selected_pair_participation,v3_target,PF OA,positive,chondral_abnormality,turkish,compartment_scope,70,70,70,A selected pair may include multiple detectors/propositions.
selected_pair_participation,v2_exact,MCL,positive,tear,english,target_local_association,69,69,69,A selected pair may include multiple detectors/propositions.
selected_pair_participation,v3_target,Medial Meniscus,negative,abnormality_absent,english,target_local_association,68,68,68,A selected pair may include multiple detectors/propositions.
selected_pair_participation,v2_exact,ACL,positive,degeneration,turkish,target_local_association,67,67,67,A selected pair may include multiple detectors/propositions.
selected_pair_participation,v2_exact,Lateral Meniscus,negative,abnormality_absent,south_slavic,<no_explicit_rule>,67,67,67,A selected pair may include multiple detectors/propositions.
selected_pair_participation,v2_exact,Medial Meniscus,negative,abnormality_absent,english,target_local_association,67,67,67,A selected pair may include multiple detectors/propositions.
selected_pair_participation,v3_target,Lateral Meniscus,negative,normal_structure,south_slavic,target_local_normality,67,67,67,A selected pair may include multiple detectors/propositions.
selected_pair_participation,v3_target,MCL,negative,normal_structure,german,target_local_normality,67,67,67,A selected pair may include multiple detectors/propositions.
selected_pair_participation,v2_exact,Contusion,positive,abnormality,english,<no_explicit_rule>,66,66,66,A selected pair may include multiple detectors/propositions.
selected_pair_participation,v2_exact,MCL,negative,abnormality_absent,german,<no_explicit_rule>,66,66,66,A selected pair may include multiple detectors/propositions.
selected_pair_participation,v3_target,ACL,positive,tear,south_slavic,target_local_association,66,66,66,A selected pair may include multiple detectors/propositions.
selected_pair_participation,v3_target,ACL,positive,degeneration,english,target_local_association,64,64,64,A selected pair may include multiple detectors/propositions.
selected_pair_participation,v3_target,PF OA,positive,chondral_abnormality,dutch,compartment_scope,64,64,64,A selected pair may include multiple detectors/propositions.
selected_pair_participation,v2_exact,Baker's,positive,abnormality,german,<no_explicit_rule>,63,63,63,A selected pair may include multiple detectors/propositions.
selected_pair_participation,v2_exact,Medial Meniscus,negative,abnormality_absent,south_slavic,target_local_association,63,63,63,A selected pair may include multiple detectors/propositions.
selected_pair_participation,v3_target,Lateral Meniscus,positive,tear,turkish,target_local_association,63,63,63,A selected pair may include multiple detectors/propositions.
selected_pair_participation,v3_target,Medial Meniscus,negative,abnormality_absent,south_slavic,target_local_association,63,63,63,A selected pair may include multiple detectors/propositions.
selected_pair_participation,v2_collective,MCL,negative,abnormality_absent,greek_script,collateral_ligaments,62,62,62,A selected pair may include multiple detectors/propositions.
selected_pair_participation,v3_target,ACL,positive,abnormality,english,target_local_association,62,62,62,A selected pair may include multiple detectors/propositions.
selected_pair_participation,v2_collective,MCL,negative,abnormality_absent,german,collateral_ligaments,61,61,61,A selected pair may include multiple detectors/propositions.
selected_pair_participation,v2_exact,ACL,positive,abnormality,english,target_local_association,61,61,61,A selected pair may include multiple detectors/propositions.
selected_pair_participation,v2_exact,ACL,positive,degeneration,english,target_local_association,61,61,61,A selected pair may include multiple detectors/propositions.
selected_pair_participation,v3_target,Lateral Meniscus,positive,degeneration,english,target_local_association,61,61,61,A selected pair may include multiple detectors/propositions.
selected_pair_participation,v2_collective,Medial Meniscus,negative,abnormality_absent,turkish,both_menisci,59,59,59,A selected pair may include multiple detectors/propositions.
selected_pair_participation,v3_target,Medial OA,positive,chondral_abnormality,spanish,compartment_scope,59,59,59,A selected pair may include multiple detectors/propositions.
selected_pair_participation,v2_exact,ACL,positive,tear,turkish,target_local_association,58,58,58,A selected pair may include multiple detectors/propositions.
selected_pair_participation,v3_target,PF OA,positive,chondral_abnormality,spanish,compartment_scope,58,58,58,A selected pair may include multiple detectors/propositions.
selected_pair_participation,v2_exact,Lateral Meniscus,positive,tear,south_slavic,target_local_association,57,57,57,A selected pair may include multiple detectors/propositions.
selected_pair_participation,v2_collective,MCL,negative,abnormality_absent,greek_script,collateral_ligaments|cruciate_and_collateral_ligaments,56,56,56,A selected pair may include multiple detectors/propositions.
selected_pair_participation,v3_target,Medial Meniscus,positive,abnormality,turkish,target_local_association,56,56,56,A selected pair may include multiple detectors/propositions.
selected_pair_participation,v2_collective,ACL,negative,abnormality_absent,dutch,cruciate_ligaments,55,55,55,A selected pair may include multiple detectors/propositions.
selected_pair_participation,v2_exact,ACL,positive,tear,south_slavic,target_local_association,55,55,55,A selected pair may include multiple detectors/propositions.
selected_pair_participation,v2_exact,Lateral Meniscus,positive,tear,turkish,target_local_association,55,55,55,A selected pair may include multiple detectors/propositions.
selected_pair_participation,v3_target,Lateral Meniscus,uncertain,tear,english,target_local_association,55,55,55,A selected pair may include multiple detectors/propositions.
selected_pair_participation,v3_target,Medial OA,positive,chondral_abnormality,south_slavic,compartment_scope,55,55,55,A selected pair may include multiple detectors/propositions.
selected_pair_participation,v2_collective,MCL,negative,abnormality_absent,dutch,collateral_ligaments,54,54,54,A selected pair may include multiple detectors/propositions.
selected_pair_participation,v2_exact,Medial Meniscus,positive,abnormality,turkish,target_local_association,54,54,54,A selected pair may include multiple detectors/propositions.
selected_pair_participation,v2_collective,Lateral Meniscus,negative,abnormality_absent,english,both_menisci_negative_only,53,53,53,A selected pair may include multiple detectors/propositions.
selected_pair_participation,v2_exact,Baker's,positive,abnormality,cyrillic_script,<no_explicit_rule>,53,53,53,A selected pair may include multiple detectors/propositions.
selected_pair_participation,v2_exact,PF OA,positive,chondral_abnormality,spanish,compartment_scope,53,53,53,A selected pair may include multiple detectors/propositions.
selected_pair_participation,v3_target,Medial Meniscus,negative,normal_structure,turkish,target_local_normality,53,53,53,A selected pair may include multiple detectors/propositions.
selected_pair_participation,v2_collective,ACL,negative,abnormality_absent,english,cruciate_and_collateral_ligaments,52,52,52,A selected pair may include multiple detectors/propositions.
selected_pair_participation,v2_collective,ACL,negative,abnormality_absent,south_slavic,cruciate_ligaments,52,52,52,A selected pair may include multiple detectors/propositions.
selected_pair_participation,v2_collective,Medial Meniscus,negative,abnormality_absent,english,both_menisci_negative_only,52,52,52,A selected pair may include multiple detectors/propositions.
selected_pair_participation,v2_exact,Lateral Meniscus,uncertain,tear,english,target_local_association,52,52,52,A selected pair may include multiple detectors/propositions.
selected_pair_participation,v3_target,PF OA,positive,chondral_abnormality,greek_script,compartment_scope,52,52,52,A selected pair may include multiple detectors/propositions.
selected_pair_participation,v2_collective,MCL,negative,abnormality_absent,english,collateral_ligaments|cruciate_and_collateral_ligaments,51,51,51,A selected pair may include multiple detectors/propositions.
selected_pair_participation,v2_exact,Fracture,positive,fracture,english|spanish,fracture_en,51,51,51,A selected pair may include multiple detectors/propositions.
selected_pair_participation,v2_exact,MCL,positive,sprain,turkish,target_local_association,51,51,51,A selected pair may include multiple detectors/propositions.
selected_pair_participation,v2_exact,Medial Meniscus,negative,abnormality_absent,turkish,<no_explicit_rule>,51,51,51,A selected pair may include multiple detectors/propositions.
selected_pair_participation,v3_morphology,Fracture,positive,fracture,english|spanish,fracture_en,51,51,51,A selected pair may include multiple detectors/propositions.
selected_pair_participation,v3_target,Medial Meniscus,uncertain,tear,english,target_local_association,49,49,49,A selected pair may include multiple detectors/propositions.
selected_pair_participation,v3_target,Medial OA,positive,chondral_abnormality,greek_script,compartment_scope,49,49,49,A selected pair may include multiple detectors/propositions.
selected_pair_participation,v3_target,PF OA,negative,normal_cartilage,cyrillic_script,compartment_normality,49,49,49,A selected pair may include multiple detectors/propositions.
selected_pair_participation,v2_exact,Baker's,positive,tear,english,<no_explicit_rule>,48,48,48,A selected pair may include multiple detectors/propositions.
selected_pair_participation,v2_exact,Medial Meniscus,uncertain,tear,english,target_local_association,48,48,48,A selected pair may include multiple detectors/propositions.
selected_pair_participation,v2_exact,PF OA,negative,abnormality_absent,german,<no_explicit_rule>,48,48,48,A selected pair may include multiple detectors/propositions.
selected_pair_participation,v3_morphology,Fracture,negative,fracture_absent,german,fracture_de,48,48,48,A selected pair may include multiple detectors/propositions.
selected_pair_participation,v3_target,Medial Meniscus,positive,degeneration,south_slavic,target_local_association,48,48,48,A selected pair may include multiple detectors/propositions.
selected_pair_participation,v3_target,ACL,positive,tear,spanish,target_local_association,47,47,47,A selected pair may include multiple detectors/propositions.
selected_pair_participation,v2_exact,Baker's,negative,abnormality_absent,french,<no_explicit_rule>,46,46,46,A selected pair may include multiple detectors/propositions.
selected_pair_participation,v2_exact,Effusion,negative,abnormality_absent,german,<no_explicit_rule>,46,46,46,A selected pair may include multiple detectors/propositions.
selected_pair_participation,v3_target,MCL,negative,normal_structure,french,target_local_normality,45,45,45,A selected pair may include multiple detectors/propositions.
selected_pair_participation,v3_target,Medial Meniscus,positive,degeneration,greek_script,target_local_association,45,45,45,A selected pair may include multiple detectors/propositions.
selected_pair_participation,v2_exact,Lateral Meniscus,positive,degeneration,english,target_local_association,44,44,44,A selected pair may include multiple detectors/propositions.
selected_pair_participation,v2_exact,Medial OA,positive,chondral_abnormality,spanish,compartment_scope,44,44,44,A selected pair may include multiple detectors/propositions.
selected_pair_participation,v3_target,ACL,negative,normal_structure,dutch,target_local_normality,44,44,44,A selected pair may include multiple detectors/propositions.
selected_pair_participation,v3_target,ACL,negative,normal_structure,turkish,target_local_normality,44,44,44,A selected pair may include multiple detectors/propositions.
selected_pair_participation,v3_target,MCL,positive,abnormality,english,target_local_association,44,44,44,A selected pair may include multiple detectors/propositions.
selected_pair_participation,v2_exact,ACL,negative,abnormality_absent,turkish,<no_explicit_rule>,43,43,43,A selected pair may include multiple detectors/propositions.
selected_pair_participation,v2_exact,MCL,positive,abnormality,english,target_local_association,43,43,43,A selected pair may include multiple detectors/propositions.
selected_pair_participation,v3_target,Medial Meniscus,negative,normal_structure,german,target_local_normality,43,43,43,A selected pair may include multiple detectors/propositions.
selected_pair_participation,v3_target,Medial Meniscus,positive,degeneration,dutch,target_local_association,43,43,43,A selected pair may include multiple detectors/propositions.
selected_pair_participation,v2_exact,ACL,negative,abnormality_absent,dutch,<no_explicit_rule>,42,42,42,A selected pair may include multiple detectors/propositions.
selected_pair_participation,v2_exact,Fracture,positive,fracture,greek_script,fracture_el,42,42,42,A selected pair may include multiple detectors/propositions.
selected_pair_participation,v3_morphology,Effusion,negative,joint_effusion_absent,german,effusion_de_root,42,42,42,A selected pair may include multiple detectors/propositions.
selected_pair_participation,v3_morphology,Fracture,positive,fracture,greek_script,fracture_el,42,42,42,A selected pair may include multiple detectors/propositions.
selected_pair_participation,v3_target,Lateral Meniscus,negative,normal_structure,dutch,target_local_normality,42,42,42,A selected pair may include multiple detectors/propositions.
selected_pair_participation,v2_exact,ACL,positive,tear,spanish,target_local_association,41,41,41,A selected pair may include multiple detectors/propositions.
selected_pair_participation,v2_exact,Contusion,negative,abnormality_absent,german,<no_explicit_rule>,41,41,41,A selected pair may include multiple detectors/propositions.
selected_pair_participation,v2_exact,Lateral Meniscus,negative,abnormality_absent,dutch,<no_explicit_rule>,41,41,41,A selected pair may include multiple detectors/propositions.
selected_pair_participation,v3_morphology,Fracture,uncertain,fracture,english,fracture_en,41,41,41,A selected pair may include multiple detectors/propositions.
selected_pair_participation,v3_target,Lateral OA,positive,chondral_abnormality,spanish,compartment_scope,41,41,41,A selected pair may include multiple detectors/propositions.
selected_pair_participation,v3_target,ACL,positive,tear,greek_script,target_local_association,40,40,40,A selected pair may include multiple detectors/propositions.
selected_pair_participation,v3_target,Lateral Meniscus,negative,normal_structure,greek_script,target_local_normality,39,39,39,A selected pair may include multiple detectors/propositions.
selected_pair_participation,v2_exact,ACL,positive,tear,greek_script,target_local_association,38,38,38,A selected pair may include multiple detectors/propositions.
selected_pair_participation,v2_exact,Fracture,negative,abnormality_absent,german,<no_explicit_rule>,38,38,38,A selected pair may include multiple detectors/propositions.
selected_pair_participation,v2_exact,Medial Meniscus,negative,abnormality_absent,german,<no_explicit_rule>,38,38,38,A selected pair may include multiple detectors/propositions.
selected_pair_participation,v2_exact,Baker's,positive,abnormality,turkish,<no_explicit_rule>,37,37,37,A selected pair may include multiple detectors/propositions.
selected_pair_participation,v2_exact,Fracture,uncertain,fracture,english,fracture_en,37,37,37,A selected pair may include multiple detectors/propositions.
selected_pair_participation,v2_exact,PF OA,positive,chondral_abnormality,german,compartment_scope,37,37,37,A selected pair may include multiple detectors/propositions.
selected_pair_participation,v3_target,PF OA,negative,normal_cartilage,german,compartment_normality,37,37,37,A selected pair may include multiple detectors/propositions.
selected_pair_participation,v2_collective,Lateral Meniscus,negative,abnormality_absent,dutch,both_menisci|both_menisci_negative_only,36,36,36,A selected pair may include multiple detectors/propositions.
selected_pair_participation,v2_collective,Lateral Meniscus,negative,abnormality_absent,german,both_menisci_negative_only,36,36,36,A selected pair may include multiple detectors/propositions.
selected_pair_participation,v2_collective,MCL,negative,abnormality_absent,spanish,collateral_ligaments,36,36,36,A selected pair may include multiple detectors/propositions.
selected_pair_participation,v2_collective,Medial Meniscus,negative,abnormality_absent,dutch,both_menisci|both_menisci_negative_only,36,36,36,A selected pair may include multiple detectors/propositions.
selected_pair_participation,v2_exact,Medial Meniscus,positive,tear,english,<no_explicit_rule>,36,36,36,A selected pair may include multiple detectors/propositions.
selected_pair_participation,v3_target,Medial Meniscus,positive,degeneration,german,target_local_association,36,36,36,A selected pair may include multiple detectors/propositions.
selected_pair_participation,v2_exact,Lateral OA,positive,chondral_abnormality,spanish,compartment_scope,35,35,35,A selected pair may include multiple detectors/propositions.
selected_pair_participation,v2_collective,ACL,negative,abnormality_absent,spanish,cruciate_ligaments,34,34,34,A selected pair may include multiple detectors/propositions.
selected_pair_participation,v2_collective,Medial Meniscus,negative,abnormality_absent,german,both_menisci_negative_only,34,34,34,A selected pair may include multiple detectors/propositions.
selected_pair_participation,v2_exact,Lateral Meniscus,positive,tear,english,<no_explicit_rule>,34,34,34,A selected pair may include multiple detectors/propositions.
selected_pair_participation,v2_exact,Medial Meniscus,positive,degeneration,dutch,target_local_association,34,34,34,A selected pair may include multiple detectors/propositions.
selected_pair_participation,v3_morphology,Effusion,negative,joint_effusion_absent,greek_script,effusion_el_root,34,34,34,A selected pair may include multiple detectors/propositions.
selected_pair_participation,v3_target,Medial OA,positive,chondral_abnormality,dutch,compartment_scope,34,34,34,A selected pair may include multiple detectors/propositions.
selected_pair_participation,v2_collective,Lateral Meniscus,negative,abnormality_absent,greek_script,both_menisci,33,33,33,A selected pair may include multiple detectors/propositions.
selected_pair_participation,v2_collective,Medial Meniscus,negative,abnormality_absent,greek_script,both_menisci,33,33,33,A selected pair may include multiple detectors/propositions.
selected_pair_participation,v2_collective,ACL,negative,abnormality_absent,greek_script,cruciate_and_collateral_ligaments|cruciate_ligaments,32,32,32,A selected pair may include multiple detectors/propositions.
selected_pair_participation,v3_target,Lateral Meniscus,negative,normal_structure,french,target_local_normality,32,32,32,A selected pair may include multiple detectors/propositions.
selected_pair_participation,v2_exact,Baker's,positive,abnormality,dutch,<no_explicit_rule>,31,31,31,A selected pair may include multiple detectors/propositions.
selected_pair_participation,v2_exact,Lateral Meniscus,negative,abnormality_absent,greek_script,<no_explicit_rule>,31,31,31,A selected pair may include multiple detectors/propositions.
selected_pair_participation,v3_target,Lateral OA,positive,chondral_abnormality,south_slavic,compartment_scope,31,31,31,A selected pair may include multiple detectors/propositions.
selected_pair_participation,v3_target,Medial Meniscus,positive,degeneration,french,target_local_association,31,31,31,A selected pair may include multiple detectors/propositions.
selected_pair_participation,v2_exact,Lateral Meniscus,negative,abnormality_absent,french,<no_explicit_rule>,30,30,30,A selected pair may include multiple detectors/propositions.
selected_pair_participation,v2_exact,Lateral Meniscus,positive,tear,greek_script,target_local_association,30,30,30,A selected pair may include multiple detectors/propositions.
selected_pair_participation,v3_target,Lateral Meniscus,positive,tear,greek_script,target_local_association,30,30,30,A selected pair may include multiple detectors/propositions.
selected_pair_participation,v2_exact,Contusion,positive,abnormality,spanish,<no_explicit_rule>,29,29,29,A selected pair may include multiple detectors/propositions.
selected_pair_participation,v3_morphology,Fracture,negative,fracture_absent,english|french,fracture_en|fracture_fr,29,29,29,A selected pair may include multiple detectors/propositions.
selected_pair_participation,v3_target,MCL,negative,abnormality_absent,south_slavic,target_local_association,29,29,29,A selected pair may include multiple detectors/propositions.
selected_pair_participation,v2_exact,Lateral OA,positive,chondral_abnormality,english,<no_explicit_rule>,28,28,28,A selected pair may include multiple detectors/propositions.
selected_pair_participation,v2_exact,PF OA,positive,chondral_abnormality,turkish,compartment_scope,28,28,28,A selected pair may include multiple detectors/propositions.
selected_pair_participation,v3_target,Lateral OA,positive,chondral_abnormality,greek_script,compartment_scope,28,28,28,A selected pair may include multiple detectors/propositions.
selected_pair_participation,v3_target,Medial OA,positive,chondral_abnormality,turkish,compartment_scope,28,28,28,A selected pair may include multiple detectors/propositions.
selected_pair_participation,v2_collective,Lateral OA,positive,chondral_abnormality,spanish,tibiofemoral_compartments,27,27,27,A selected pair may include multiple detectors/propositions.
selected_pair_participation,v2_collective,Medial OA,positive,chondral_abnormality,spanish,tibiofemoral_compartments,27,27,27,A selected pair may include multiple detectors/propositions.
selected_pair_participation,v2_exact,MCL,negative,abnormality_absent,south_slavic,target_local_association,27,27,27,A selected pair may include multiple detectors/propositions.
selected_pair_participation,v3_morphology,Contusion,positive,bone_contusion,english|greek_script,contusion_el|contusion_en,27,27,27,A selected pair may include multiple detectors/propositions.
selected_pair_participation,v3_morphology,Contusion,positive,bone_contusion,turkish,contusion_tr,27,27,27,A selected pair may include multiple detectors/propositions.
selected_pair_participation,v3_target,MCL,positive,tear,spanish,target_local_association,27,27,27,A selected pair may include multiple detectors/propositions.
selected_pair_participation,v2_exact,Effusion,negative,abnormality_absent,greek_script,<no_explicit_rule>,26,26,26,A selected pair may include multiple detectors/propositions.
selected_pair_participation,v3_morphology,Synovitis,positive,synovitis,greek_script,synovitis_el,26,26,26,A selected pair may include multiple detectors/propositions.
selected_pair_participation,v3_target,ACL,positive,abnormality,cyrillic_script,target_local_association,26,26,26,A selected pair may include multiple detectors/propositions.
selected_pair_participation,v3_target,Lateral OA,negative,chondral_abnormality_absent,dutch,compartment_scope,26,26,26,A selected pair may include multiple detectors/propositions.
selected_pair_participation,v2_exact,ACL,positive,abnormality,cyrillic_script,target_local_association,25,25,25,A selected pair may include multiple detectors/propositions.
selected_pair_participation,v2_exact,Lateral OA,positive,degeneration,turkish,<no_explicit_rule>,25,25,25,A selected pair may include multiple detectors/propositions.
selected_pair_participation,v2_exact,MCL,positive,tear,spanish,target_local_association,25,25,25,A selected pair may include multiple detectors/propositions.
selected_pair_participation,v3_target,ACL,uncertain,tear,south_slavic,target_local_association,25,25,25,A selected pair may include multiple detectors/propositions.
selected_pair_participation,v3_target,Medial Meniscus,negative,normal_structure,cyrillic_script,target_local_normality,25,25,25,A selected pair may include multiple detectors/propositions.
selected_pair_participation,v3_target,Medial Meniscus,uncertain,tear,south_slavic,target_local_association,25,25,25,A selected pair may include multiple detectors/propositions.
selected_pair_participation,v3_target,PF OA,negative,chondral_abnormality_absent,german,compartment_scope,25,25,25,A selected pair may include multiple detectors/propositions.
selected_pair_participation,v2_collective,ACL,negative,abnormality_absent,greek_script,cruciate_and_collateral_ligaments,24,24,24,A selected pair may include multiple detectors/propositions.
selected_pair_participation,v2_exact,Lateral OA,positive,abnormality,english,<no_explicit_rule>,24,24,24,A selected pair may include multiple detectors/propositions.
selected_pair_participation,v3_target,Medial OA,positive,chondral_abnormality,german,compartment_scope,24,24,24,A selected pair may include multiple detectors/propositions.
selected_pair_participation,v2_collective,ACL,negative,abnormality_absent,greek_script,cruciate_ligaments,23,23,23,A selected pair may include multiple detectors/propositions.
selected_pair_participation,v2_exact,Baker's,positive,abnormality,french,<no_explicit_rule>,23,23,23,A selected pair may include multiple detectors/propositions.
selected_pair_participation,v2_exact,Contusion,positive,abnormality,german,<no_explicit_rule>,23,23,23,A selected pair may include multiple detectors/propositions.
selected_pair_participation,v2_exact,Effusion,negative,abnormality_absent,dutch,<no_explicit_rule>,23,23,23,A selected pair may include multiple detectors/propositions.
selected_pair_participation,v2_exact,MCL,negative,abnormality_absent,english,target_local_association,23,23,23,A selected pair may include multiple detectors/propositions.
selected_pair_participation,v2_exact,Medial Meniscus,positive,tear,cyrillic_script,target_local_association,23,23,23,A selected pair may include multiple detectors/propositions.
selected_pair_participation,v3_target,Lateral Meniscus,positive,abnormality,cyrillic_script,target_local_association,23,23,23,A selected pair may include multiple detectors/propositions.
selected_pair_participation,v3_target,MCL,negative,abnormality_absent,english,target_local_association,23,23,23,A selected pair may include multiple detectors/propositions.
selected_pair_participation,v3_target,Medial Meniscus,negative,normal_structure,dutch,target_local_normality,23,23,23,A selected pair may include multiple detectors/propositions.
selected_pair_participation,v3_target,Medial Meniscus,positive,tear,cyrillic_script,target_local_association,23,23,23,A selected pair may include multiple detectors/propositions.
selected_pair_participation,v3_target,Medial OA,negative,chondral_abnormality_absent,dutch,compartment_scope,23,23,23,A selected pair may include multiple detectors/propositions.
selected_pair_participation,v2_collective,PF OA,positive,chondral_abnormality,spanish,tibiofemoral_compartments,22,22,22,A selected pair may include multiple detectors/propositions.
selected_pair_participation,v2_exact,ACL,negative,abnormality_absent,french,<no_explicit_rule>,22,22,22,A selected pair may include multiple detectors/propositions.
selected_pair_participation,v2_exact,Contusion,positive,abnormality,greek_script,<no_explicit_rule>,22,22,22,A selected pair may include multiple detectors/propositions.
selected_pair_participation,v2_exact,Medial Meniscus,negative,abnormality_absent,dutch,<no_explicit_rule>,22,22,22,A selected pair may include multiple detectors/propositions.
selected_pair_participation,v2_exact,Medial OA,positive,chondral_abnormality,english,<no_explicit_rule>,22,22,22,A selected pair may include multiple detectors/propositions.
selected_pair_participation,v3_morphology,Synovitis,positive,synovitis,turkish,synovitis_tr,22,22,22,A selected pair may include multiple detectors/propositions.
selected_pair_participation,v3_target,ACL,negative,normal_structure,french,target_local_normality,22,22,22,A selected pair may include multiple detectors/propositions.
selected_pair_participation,v3_target,MCL,positive,tear,south_slavic,target_local_association,22,22,22,A selected pair may include multiple detectors/propositions.
selected_pair_participation,v3_target,Medial OA,positive,degeneration,turkish,compartment_scope,22,22,22,A selected pair may include multiple detectors/propositions.
selected_pair_participation,v2_exact,Medial OA,positive,abnormality,english,<no_explicit_rule>,21,21,21,A selected pair may include multiple detectors/propositions.
selected_pair_participation,v3_target,MCL,positive,abnormality,turkish,target_local_association,21,21,21,A selected pair may include multiple detectors/propositions.
selected_pair_participation,v2_collective,ACL,negative,abnormality_absent,french,cruciate_ligaments,20,20,20,A selected pair may include multiple detectors/propositions.
selected_pair_participation,v2_exact,MCL,negative,abnormality_absent,french,<no_explicit_rule>,20,20,20,A selected pair may include multiple detectors/propositions.
selected_pair_participation,v2_exact,Medial Meniscus,positive,degeneration,greek_script,target_local_association,20,20,20,A selected pair may include multiple detectors/propositions.
selected_pair_participation,v2_exact,Medial Meniscus,positive,tear,greek_script,<no_explicit_rule>,20,20,20,A selected pair may include multiple detectors/propositions.
selected_pair_participation,v2_exact,PF OA,negative,abnormality_absent,dutch,<no_explicit_rule>,20,20,20,A selected pair may include multiple detectors/propositions.
selected_pair_participation,v3_target,Lateral Meniscus,positive,degeneration,greek_script,target_local_association,20,20,20,A selected pair may include multiple detectors/propositions.
selected_pair_participation,v3_target,PF OA,negative,chondral_abnormality_absent,dutch,compartment_scope,20,20,20,A selected pair may include multiple detectors/propositions.
selected_pair_participation,v2_exact,ACL,positive,abnormality,english,<no_explicit_rule>,19,19,19,A selected pair may include multiple detectors/propositions.
selected_pair_participation,v2_exact,Lateral Meniscus,positive,abnormality,cyrillic_script,target_local_association,19,19,19,A selected pair may include multiple detectors/propositions.
selected_pair_participation,v2_exact,Medial Meniscus,positive,abnormality,french,target_local_association,19,19,19,A selected pair may include multiple detectors/propositions.
selected_pair_participation,v2_exact,Medial OA,positive,degeneration,turkish,compartment_scope,19,19,19,A selected pair may include multiple detectors/propositions.
selected_pair_participation,v2_exact,PF OA,positive,chondral_abnormality,dutch,compartment_scope,19,19,19,A selected pair may include multiple detectors/propositions.
selected_pair_participation,v3_morphology,Contusion,positive,bone_contusion,cyrillic_script,contusion_cyr,19,19,19,A selected pair may include multiple detectors/propositions.
selected_pair_participation,v3_morphology,Contusion,positive,bone_contusion,greek_script,contusion_el,19,19,19,A selected pair may include multiple detectors/propositions.
selected_pair_participation,v3_morphology,Contusion,uncertain,bone_contusion,english,contusion_en,19,19,19,A selected pair may include multiple detectors/propositions.
selected_pair_participation,v3_target,Medial Meniscus,positive,abnormality,french,target_local_association,19,19,19,A selected pair may include multiple detectors/propositions.
selected_pair_participation,v3_target,Medial Meniscus,positive,abnormality,spanish,target_local_association,19,19,19,A selected pair may include multiple detectors/propositions.
selected_pair_participation,v2_exact,ACL,negative,abnormality_absent,spanish,target_local_association,18,18,18,A selected pair may include multiple detectors/propositions.
selected_pair_participation,v2_exact,Medial Meniscus,positive,abnormality,spanish,target_local_association,18,18,18,A selected pair may include multiple detectors/propositions.
selected_pair_participation,v2_exact,Medial OA,positive,abnormality,spanish,<no_explicit_rule>,18,18,18,A selected pair may include multiple detectors/propositions.
selected_pair_participation,v2_exact,PF OA,positive,degeneration,turkish,<no_explicit_rule>,18,18,18,A selected pair may include multiple detectors/propositions.
selected_pair_participation,v3_target,ACL,negative,abnormality_absent,spanish,target_local_association,18,18,18,A selected pair may include multiple detectors/propositions.
selected_pair_participation,v3_target,ACL,positive,degeneration,greek_script,target_local_association,18,18,18,A selected pair may include multiple detectors/propositions.
selected_pair_participation,v3_target,ACL,uncertain,tear,english,target_local_association,18,18,18,A selected pair may include multiple detectors/propositions.
selected_pair_participation,v3_target,Lateral OA,negative,normal_cartilage,spanish,compartment_normality,18,18,18,A selected pair may include multiple detectors/propositions.
selected_pair_participation,v3_target,Medial Meniscus,negative,normal_structure,greek_script,target_local_normality,18,18,18,A selected pair may include multiple detectors/propositions.
selected_pair_participation,v3_target,PF OA,positive,chondral_abnormality,french,compartment_scope,18,18,18,A selected pair may include multiple detectors/propositions.
selected_pair_participation,v2_exact,Lateral OA,negative,abnormality_absent,spanish,<no_explicit_rule>,17,17,17,A selected pair may include multiple detectors/propositions.
selected_pair_participation,v2_exact,MCL,positive,abnormality,turkish,target_local_association,17,17,17,A selected pair may include multiple detectors/propositions.
selected_pair_participation,v2_exact,MCL,positive,tear,south_slavic,target_local_association,17,17,17,A selected pair may include multiple detectors/propositions.
selected_pair_participation,v2_exact,Medial OA,positive,chondral_abnormality,german,compartment_scope,17,17,17,A selected pair may include multiple detectors/propositions.
selected_pair_participation,v2_exact,Medial OA,positive,chondral_abnormality,south_slavic,compartment_scope,17,17,17,A selected pair may include multiple detectors/propositions.
selected_pair_participation,v2_exact,Synovitis,positive,abnormality,greek_script,<no_explicit_rule>,17,17,17,A selected pair may include multiple detectors/propositions.
selected_pair_participation,v2_exact,Synovitis,positive,abnormality,turkish,<no_explicit_rule>,17,17,17,A selected pair may include multiple detectors/propositions.
selected_pair_participation,v3_target,Medial Meniscus,positive,abnormality,german,target_local_association,17,17,17,A selected pair may include multiple detectors/propositions.
selected_pair_participation,v2_exact,ACL,positive,abnormality,dutch,target_local_association,16,16,16,A selected pair may include multiple detectors/propositions.
selected_pair_participation,v2_exact,ACL,positive,degeneration,greek_script,target_local_association,16,16,16,A selected pair may include multiple detectors/propositions.
selected_pair_participation,v2_exact,ACL,uncertain,tear,english,target_local_association,16,16,16,A selected pair may include multiple detectors/propositions.
selected_pair_participation,v2_exact,Baker's,positive,tear,spanish,<no_explicit_rule>,16,16,16,A selected pair may include multiple detectors/propositions.
selected_pair_participation,v2_exact,Contusion,positive,abnormality,turkish,<no_explicit_rule>,16,16,16,A selected pair may include multiple detectors/propositions.
selected_pair_participation,v2_exact,Effusion,positive,chondral_abnormality,dutch,<no_explicit_rule>,16,16,16,A selected pair may include multiple detectors/propositions.
selected_pair_participation,v3_morphology,Fracture,positive,fracture,turkish,fracture_tr,16,16,16,A selected pair may include multiple detectors/propositions.
selected_pair_participation,v3_target,ACL,positive,abnormality,dutch,target_local_association,16,16,16,A selected pair may include multiple detectors/propositions.
selected_pair_participation,v3_target,Lateral Meniscus,positive,degeneration,german,target_local_association,16,16,16,A selected pair may include multiple detectors/propositions.
selected_pair_participation,v3_target,Medial Meniscus,positive,abnormality,english,target_local_association,16,16,16,A selected pair may include multiple detectors/propositions.
selected_pair_participation,v3_target,Medial Meniscus,positive,extrusion,english,target_local_association,16,16,16,A selected pair may include multiple detectors/propositions.
selected_pair_participation,v2_exact,Effusion,positive,abnormality,latin_other,<no_explicit_rule>,15,15,15,A selected pair may include multiple detectors/propositions.
selected_pair_participation,v2_exact,Lateral Meniscus,positive,abnormality,spanish,target_local_association,15,15,15,A selected pair may include multiple detectors/propositions.
selected_pair_participation,v2_exact,Medial Meniscus,positive,degeneration,french,target_local_association,15,15,15,A selected pair may include multiple detectors/propositions.
selected_pair_participation,v3_target,Lateral Meniscus,positive,abnormality,spanish,target_local_association,15,15,15,A selected pair may include multiple detectors/propositions.
selected_pair_participation,v3_target,Lateral OA,positive,chondral_abnormality,german,compartment_scope,15,15,15,A selected pair may include multiple detectors/propositions.
selected_pair_participation,v3_target,MCL,positive,sprain,spanish,target_local_association,15,15,15,A selected pair may include multiple detectors/propositions.
selected_pair_participation,v3_target,Medial Meniscus,positive,abnormality,dutch,target_local_association,15,15,15,A selected pair may include multiple detectors/propositions.
selected_pair_participation,v2_exact,Fracture,positive,fracture,turkish,fracture_tr,14,14,14,A selected pair may include multiple detectors/propositions.
selected_pair_participation,v2_exact,Lateral Meniscus,negative,abnormality_absent,french,target_local_association,14,14,14,A selected pair may include multiple detectors/propositions.
selected_pair_participation,v2_exact,Lateral OA,positive,chondral_abnormality,south_slavic,compartment_scope,14,14,14,A selected pair may include multiple detectors/propositions.
selected_pair_participation,v2_exact,Medial Meniscus,positive,abnormality,dutch,target_local_association,14,14,14,A selected pair may include multiple detectors/propositions.
selected_pair_participation,v2_exact,Medial Meniscus,positive,degeneration,german,target_local_association,14,14,14,A selected pair may include multiple detectors/propositions.
selected_pair_participation,v2_exact,Medial Meniscus,positive,extrusion,english,target_local_association,14,14,14,A selected pair may include multiple detectors/propositions.
selected_pair_participation,v2_exact,Synovitis,negative,abnormality_absent,english,<no_explicit_rule>,14,14,14,A selected pair may include multiple detectors/propositions.
selected_pair_participation,v3_target,Lateral Meniscus,negative,abnormality_absent,french,target_local_association,14,14,14,A selected pair may include multiple detectors/propositions.
selected_pair_participation,v3_target,Lateral Meniscus,positive,abnormality,turkish,target_local_association,14,14,14,A selected pair may include multiple detectors/propositions.
selected_pair_participation,v2_collective,Lateral Meniscus,positive,tear,spanish,both_menisci,13,13,13,A selected pair may include multiple detectors/propositions.
selected_pair_participation,v2_collective,Medial Meniscus,positive,tear,english,both_menisci,13,13,13,A selected pair may include multiple detectors/propositions.
selected_pair_participation,v2_exact,MCL,negative,abnormality_absent,french,target_local_association,13,13,13,A selected pair may include multiple detectors/propositions.
selected_pair_participation,v2_exact,MCL,positive,abnormality,english,<no_explicit_rule>,13,13,13,A selected pair may include multiple detectors/propositions.
selected_pair_participation,v2_exact,Medial Meniscus,positive,abnormality,english,target_local_association,13,13,13,A selected pair may include multiple detectors/propositions.
selected_pair_participation,v3_morphology,Fracture,positive,fracture,south_slavic,fracture_sl,13,13,13,A selected pair may include multiple detectors/propositions.
selected_pair_participation,v3_morphology,Synovitis,positive,synovitis,german,synovitis_de,13,13,13,A selected pair may include multiple detectors/propositions.
selected_pair_participation,v3_target,ACL,negative,abnormality_absent,south_slavic,target_local_association,13,13,13,A selected pair may include multiple detectors/propositions.
selected_pair_participation,v3_target,MCL,negative,abnormality_absent,french,target_local_association,13,13,13,A selected pair may include multiple detectors/propositions.
selected_pair_participation,v3_target,MCL,uncertain,abnormality,english,target_local_association,13,13,13,A selected pair may include multiple detectors/propositions.
selected_pair_participation,v2_exact,ACL,positive,degeneration,south_slavic,target_local_association,12,12,12,A selected pair may include multiple detectors/propositions.
selected_pair_participation,v2_exact,Baker's,positive,tear,french,<no_explicit_rule>,12,12,12,A selected pair may include multiple detectors/propositions.
selected_pair_participation,v2_exact,Fracture,positive,fracture,cyrillic_script,fracture_cyr,12,12,12,A selected pair may include multiple detectors/propositions.
selected_pair_participation,v2_exact,Fracture,positive,fracture,south_slavic,fracture_sl,12,12,12,A selected pair may include multiple detectors/propositions.
selected_pair_participation,v2_exact,Medial Meniscus,negative,abnormality_absent,greek_script,<no_explicit_rule>,12,12,12,A selected pair may include multiple detectors/propositions.
selected_pair_participation,v2_exact,Medial Meniscus,uncertain,tear,south_slavic,target_local_association,12,12,12,A selected pair may include multiple detectors/propositions.
selected_pair_participation,v2_exact,Medial OA,positive,degeneration,turkish,<no_explicit_rule>,12,12,12,A selected pair may include multiple detectors/propositions.
selected_pair_participation,v2_exact,PF OA,positive,chondral_abnormality,english,<no_explicit_rule>,12,12,12,A selected pair may include multiple detectors/propositions.
selected_pair_participation,v3_morphology,Fracture,positive,fracture,cyrillic_script,fracture_cyr,12,12,12,A selected pair may include multiple detectors/propositions.
selected_pair_participation,v3_target,ACL,negative,normal_structure,cyrillic_script,target_local_normality,12,12,12,A selected pair may include multiple detectors/propositions.
selected_pair_participation,v3_target,Medial OA,positive,chondral_abnormality,french,compartment_scope,12,12,12,A selected pair may include multiple detectors/propositions.
selected_pair_participation,v3_target,PF OA,negative,normal_cartilage,south_slavic,compartment_normality,12,12,12,A selected pair may include multiple detectors/propositions.
selected_pair_participation,v3_target,PF OA,uncertain,chondral_abnormality,english,compartment_scope,12,12,12,A selected pair may include multiple detectors/propositions.
selected_pair_participation,v2_collective,Lateral Meniscus,negative,abnormality_absent,german,both_menisci|both_menisci_negative_only,11,11,11,A selected pair may include multiple detectors/propositions.
selected_pair_participation,v2_collective,Medial Meniscus,negative,abnormality_absent,german,both_menisci|both_menisci_negative_only,11,11,11,A selected pair may include multiple detectors/propositions.
selected_pair_participation,v2_exact,ACL,negative,abnormality_absent,cyrillic_script,<no_explicit_rule>,11,11,11,A selected pair may include multiple detectors/propositions.
selected_pair_participation,v2_exact,Fracture,positive,fracture,english,<no_explicit_rule>,11,11,11,A selected pair may include multiple detectors/propositions.
selected_pair_participation,v2_exact,Lateral Meniscus,positive,abnormality,turkish,target_local_association,11,11,11,A selected pair may include multiple detectors/propositions.
selected_pair_participation,v2_exact,Lateral Meniscus,positive,tear,greek_script,<no_explicit_rule>,11,11,11,A selected pair may include multiple detectors/propositions.
selected_pair_participation,v2_exact,Lateral OA,negative,abnormality_absent,german,<no_explicit_rule>,11,11,11,A selected pair may include multiple detectors/propositions.
selected_pair_participation,v2_exact,Lateral OA,negative,abnormality_absent,greek_script,<no_explicit_rule>,11,11,11,A selected pair may include multiple detectors/propositions.
selected_pair_participation,v2_exact,Lateral OA,positive,chondral_abnormality,german,compartment_scope,11,11,11,A selected pair may include multiple detectors/propositions.
selected_pair_participation,v2_exact,Medial Meniscus,negative,abnormality_absent,french,<no_explicit_rule>,11,11,11,A selected pair may include multiple detectors/propositions.
selected_pair_participation,v2_exact,Medial OA,positive,chondral_abnormality,turkish,compartment_scope,11,11,11,A selected pair may include multiple detectors/propositions.
selected_pair_participation,v3_morphology,Contusion,positive,bone_contusion,south_slavic,contusion_sl,11,11,11,A selected pair may include multiple detectors/propositions.
selected_pair_participation,v3_target,Lateral Meniscus,positive,abnormality,english,target_local_association,11,11,11,A selected pair may include multiple detectors/propositions.
selected_pair_participation,v3_target,MCL,positive,sprain,greek_script,target_local_association,11,11,11,A selected pair may include multiple detectors/propositions.
selected_pair_participation,v3_target,PF OA,positive,degeneration,turkish,compartment_scope,11,11,11,A selected pair may include multiple detectors/propositions.
selected_pair_participation,v2_collective,Lateral Meniscus,negative,abnormality_absent,cyrillic_script,both_menisci_negative_only,10,10,10,A selected pair may include multiple detectors/propositions.
selected_pair_participation,v2_collective,Medial Meniscus,negative,abnormality_absent,cyrillic_script,both_menisci_negative_only,10,10,10,A selected pair may include multiple detectors/propositions.
selected_pair_participation,v2_exact,ACL,positive,tear,cyrillic_script,target_local_association,10,10,10,A selected pair may include multiple detectors/propositions.
selected_pair_participation,v2_exact,ACL,uncertain,tear,south_slavic,target_local_association,10,10,10,A selected pair may include multiple detectors/propositions.
selected_pair_participation,v2_exact,Baker's,positive,tear,greek_script,<no_explicit_rule>,10,10,10,A selected pair may include multiple detectors/propositions.
selected_pair_participation,v2_exact,Medial Meniscus,negative,abnormality_absent,cyrillic_script,<no_explicit_rule>,10,10,10,A selected pair may include multiple detectors/propositions.
selected_pair_participation,v2_exact,PF OA,positive,chondral_abnormality,south_slavic,compartment_scope,10,10,10,A selected pair may include multiple detectors/propositions.
selected_pair_participation,v2_exact,PF OA,positive,degeneration,turkish,compartment_scope,10,10,10,A selected pair may include multiple detectors/propositions.
selected_pair_participation,v2_exact,Synovitis,uncertain,abnormality,english,<no_explicit_rule>,10,10,10,A selected pair may include multiple detectors/propositions.
selected_pair_participation,v3_morphology,Effusion,uncertain,joint_effusion,english,effusion_en_plural,10,10,10,A selected pair may include multiple detectors/propositions.
selected_pair_participation,v3_morphology,Fracture,negative,fracture_absent,cyrillic_script,fracture_cyr,10,10,10,A selected pair may include multiple detectors/propositions.
selected_pair_participation,v3_target,ACL,positive,tear,cyrillic_script,target_local_association,10,10,10,A selected pair may include multiple detectors/propositions.
selected_pair_participation,v3_target,Lateral Meniscus,positive,degeneration,french,target_local_association,10,10,10,A selected pair may include multiple detectors/propositions.
selected_pair_participation,v3_target,Lateral OA,positive,chondral_abnormality,dutch,compartment_scope,10,10,10,A selected pair may include multiple detectors/propositions.
selected_pair_participation,v3_target,MCL,uncertain,tear,english,target_local_association,10,10,10,A selected pair may include multiple detectors/propositions.
selected_pair_participation,v3_target,Medial Meniscus,negative,normal_structure,french,target_local_normality,10,10,10,A selected pair may include multiple detectors/propositions.
selected_pair_participation,v3_target,Medial Meniscus,positive,extrusion,german,target_local_association,10,10,10,A selected pair may include multiple detectors/propositions.
selected_pair_participation,v3_target,PF OA,positive,chondral_abnormality,cyrillic_script,compartment_scope,10,10,10,A selected pair may include multiple detectors/propositions.
selected_pair_participation,v2_collective,Lateral Meniscus,negative,abnormality_absent,south_slavic,both_menisci_negative_only,9,9,9,A selected pair may include multiple detectors/propositions.
selected_pair_participation,v2_collective,Medial Meniscus,negative,abnormality_absent,south_slavic,both_menisci_negative_only,9,9,9,A selected pair may include multiple detectors/propositions.
selected_pair_participation,v2_collective,Medial Meniscus,positive,degeneration,english,both_menisci,9,9,9,A selected pair may include multiple detectors/propositions.
selected_pair_participation,v2_exact,ACL,negative,abnormality_absent,cyrillic_script,target_local_association,9,9,9,A selected pair may include multiple detectors/propositions.
selected_pair_participation,v2_exact,ACL,positive,abnormality,french,target_local_association,9,9,9,A selected pair may include multiple detectors/propositions.
selected_pair_participation,v2_exact,ACL,positive,degeneration,english,<no_explicit_rule>,9,9,9,A selected pair may include multiple detectors/propositions.
selected_pair_participation,v2_exact,Effusion,positive,tear,french,<no_explicit_rule>,9,9,9,A selected pair may include multiple detectors/propositions.
selected_pair_participation,v2_exact,Effusion,positive,tear,south_slavic,<no_explicit_rule>,9,9,9,A selected pair may include multiple detectors/propositions.
selected_pair_participation,v2_exact,Fracture,negative,abnormality_absent,dutch,<no_explicit_rule>,9,9,9,A selected pair may include multiple detectors/propositions.
selected_pair_participation,v2_exact,Lateral Meniscus,positive,abnormality,english,target_local_association,9,9,9,A selected pair may include multiple detectors/propositions.
selected_pair_participation,v2_exact,Lateral Meniscus,positive,abnormality,french,target_local_association,9,9,9,A selected pair may include multiple detectors/propositions.
selected_pair_participation,v2_exact,Lateral Meniscus,positive,degeneration,greek_script,target_local_association,9,9,9,A selected pair may include multiple detectors/propositions.
selected_pair_participation,v2_exact,Lateral OA,positive,abnormality,spanish,<no_explicit_rule>,9,9,9,A selected pair may include multiple detectors/propositions.
selected_pair_participation,v2_exact,MCL,negative,abnormality_absent,dutch,<no_explicit_rule>,9,9,9,A selected pair may include multiple detectors/propositions.
selected_pair_participation,v2_exact,MCL,positive,sprain,greek_script,target_local_association,9,9,9,A selected pair may include multiple detectors/propositions.
selected_pair_participation,v2_exact,MCL,positive,tear,turkish,target_local_association,9,9,9,A selected pair may include multiple detectors/propositions.
selected_pair_participation,v2_exact,Medial Meniscus,negative,abnormality_absent,south_slavic,<no_explicit_rule>,9,9,9,A selected pair may include multiple detectors/propositions.
selected_pair_participation,v2_exact,PF OA,positive,abnormality,english,<no_explicit_rule>,9,9,9,A selected pair may include multiple detectors/propositions.
selected_pair_participation,v2_exact,PF OA,positive,degeneration,english,<no_explicit_rule>,9,9,9,A selected pair may include multiple detectors/propositions.
selected_pair_participation,v2_exact,Synovitis,positive,abnormality,french,<no_explicit_rule>,9,9,9,A selected pair may include multiple detectors/propositions.
selected_pair_participation,v3_morphology,Baker's,positive,baker_cyst,south_slavic,baker_sl,9,9,9,A selected pair may include multiple detectors/propositions.
selected_pair_participation,v3_target,ACL,negative,abnormality_absent,cyrillic_script,target_local_association,9,9,9,A selected pair may include multiple detectors/propositions.
selected_pair_participation,v3_target,ACL,positive,abnormality,french,target_local_association,9,9,9,A selected pair may include multiple detectors/propositions.
selected_pair_participation,v3_target,Lateral Meniscus,positive,abnormality,dutch,target_local_association,9,9,9,A selected pair may include multiple detectors/propositions.
selected_pair_participation,v3_target,Lateral Meniscus,positive,abnormality,french,target_local_association,9,9,9,A selected pair may include multiple detectors/propositions.
selected_pair_participation,v3_target,Lateral Meniscus,positive,degeneration,dutch,target_local_association,9,9,9,A selected pair may include multiple detectors/propositions.
selected_pair_participation,v3_target,Lateral OA,negative,chondral_abnormality_absent,german,compartment_scope,9,9,9,A selected pair may include multiple detectors/propositions.
selected_pair_participation,v3_target,MCL,negative,normal_structure,dutch,target_local_normality,9,9,9,A selected pair may include multiple detectors/propositions.
selected_pair_participation,v3_target,MCL,positive,tear,turkish,target_local_association,9,9,9,A selected pair may include multiple detectors/propositions.
selected_pair_participation,v2_collective,Lateral Meniscus,negative,abnormality_absent,spanish,both_menisci|both_menisci_negative_only,8,8,8,A selected pair may include multiple detectors/propositions.
selected_pair_participation,v2_collective,Medial Meniscus,negative,abnormality_absent,english,both_menisci,8,8,8,A selected pair may include multiple detectors/propositions.
selected_pair_participation,v2_collective,Medial Meniscus,negative,abnormality_absent,spanish,both_menisci|both_menisci_negative_only,8,8,8,A selected pair may include multiple detectors/propositions.
selected_pair_participation,v2_collective,Medial Meniscus,positive,degeneration,turkish,both_menisci,8,8,8,A selected pair may include multiple detectors/propositions.
selected_pair_participation,v2_collective,Medial OA,negative,abnormality_absent,greek_script,tibiofemoral_compartments,8,8,8,A selected pair may include multiple detectors/propositions.
selected_pair_participation,v2_collective,PF OA,negative,abnormality_absent,greek_script,tibiofemoral_compartments,8,8,8,A selected pair may include multiple detectors/propositions.
selected_pair_participation,v2_exact,ACL,negative,abnormality_absent,south_slavic,target_local_association,8,8,8,A selected pair may include multiple detectors/propositions.
selected_pair_participation,v2_exact,Baker's,negative,abnormality_absent,latin_other,<no_explicit_rule>,8,8,8,A selected pair may include multiple detectors/propositions.
selected_pair_participation,v2_exact,Baker's,uncertain,abnormality,spanish,<no_explicit_rule>,8,8,8,A selected pair may include multiple detectors/propositions.
selected_pair_participation,v2_exact,Fracture,negative,abnormality_absent,cyrillic_script,<no_explicit_rule>,8,8,8,A selected pair may include multiple detectors/propositions.
selected_pair_participation,v2_exact,Lateral Meniscus,positive,degeneration,dutch,target_local_association,8,8,8,A selected pair may include multiple detectors/propositions.
selected_pair_participation,v2_exact,MCL,uncertain,abnormality,english,target_local_association,8,8,8,A selected pair may include multiple detectors/propositions.
selected_pair_participation,v2_exact,Medial Meniscus,positive,degeneration,cyrillic_script,<no_explicit_rule>,8,8,8,A selected pair may include multiple detectors/propositions.
selected_pair_participation,v2_exact,Medial OA,negative,abnormality_absent,spanish,<no_explicit_rule>,8,8,8,A selected pair may include multiple detectors/propositions.
selected_pair_participation,v2_exact,PF OA,positive,abnormality,spanish,<no_explicit_rule>,8,8,8,A selected pair may include multiple detectors/propositions.
selected_pair_participation,v2_exact,Synovitis,positive,chondral_abnormality,english,<no_explicit_rule>,8,8,8,A selected pair may include multiple detectors/propositions.
selected_pair_participation,v3_morphology,Baker's,positive,baker_cyst,dutch|english,baker_nl|baker_variants,8,8,8,A selected pair may include multiple detectors/propositions.
selected_pair_participation,v3_target,Medial Meniscus,negative,normal_structure,south_slavic,target_local_normality,8,8,8,A selected pair may include multiple detectors/propositions.
selected_pair_participation,v3_target,Medial Meniscus,positive,degeneration,spanish,target_local_association,8,8,8,A selected pair may include multiple detectors/propositions.
selected_pair_participation,v3_target,Medial Meniscus,positive,extrusion,dutch,target_local_association,8,8,8,A selected pair may include multiple detectors/propositions.
selected_pair_participation,v3_target,Medial OA,negative,normal_cartilage,spanish,compartment_normality,8,8,8,A selected pair may include multiple detectors/propositions.
selected_pair_participation,v3_target,PF OA,negative,chondral_abnormality_absent,spanish,compartment_scope,8,8,8,A selected pair may include multiple detectors/propositions.
selected_pair_participation,v2_collective,ACL,negative,abnormality_absent,turkish,cruciate_ligaments,7,7,7,A selected pair may include multiple detectors/propositions.
selected_pair_participation,v2_collective,Lateral Meniscus,positive,tear,english,both_menisci|target_local_association,7,7,7,A selected pair may include multiple detectors/propositions.
selected_pair_participation,v2_exact,ACL,positive,degeneration,dutch,target_local_association,7,7,7,A selected pair may include multiple detectors/propositions.
selected_pair_participation,v2_exact,ACL,positive,sprain,turkish,target_local_association,7,7,7,A selected pair may include multiple detectors/propositions.
selected_pair_participation,v2_exact,Effusion,positive,chondral_abnormality,greek_script,<no_explicit_rule>,7,7,7,A selected pair may include multiple detectors/propositions.
selected_pair_participation,v2_exact,Fracture,positive,fracture,english|french,fracture_en|fracture_fr,7,7,7,A selected pair may include multiple detectors/propositions.
selected_pair_participation,v2_exact,Lateral Meniscus,positive,abnormality,dutch,target_local_association,7,7,7,A selected pair may include multiple detectors/propositions.
selected_pair_participation,v2_exact,Lateral OA,positive,chondral_abnormality,french,compartment_scope,7,7,7,A selected pair may include multiple detectors/propositions.
selected_pair_participation,v2_exact,MCL,positive,tear,english,<no_explicit_rule>,7,7,7,A selected pair may include multiple detectors/propositions.
selected_pair_participation,v2_exact,MCL,uncertain,tear,english,target_local_association,7,7,7,A selected pair may include multiple detectors/propositions.
selected_pair_participation,v2_exact,Medial Meniscus,positive,degeneration,cyrillic_script,target_local_association,7,7,7,A selected pair may include multiple detectors/propositions.
selected_pair_participation,v2_exact,Medial Meniscus,positive,tear,south_slavic,<no_explicit_rule>,7,7,7,A selected pair may include multiple detectors/propositions.
selected_pair_participation,v2_exact,Medial OA,positive,abnormality,turkish,<no_explicit_rule>,7,7,7,A selected pair may include multiple detectors/propositions.
selected_pair_participation,v2_exact,Medial OA,positive,chondral_abnormality,french,compartment_scope,7,7,7,A selected pair may include multiple detectors/propositions.
selected_pair_participation,v2_exact,Medial OA,positive,degeneration,greek_script,<no_explicit_rule>,7,7,7,A selected pair may include multiple detectors/propositions.
selected_pair_participation,v2_exact,Medial OA,positive,tear,greek_script,<no_explicit_rule>,7,7,7,A selected pair may include multiple detectors/propositions.
selected_pair_participation,v3_morphology,Fracture,positive,fracture,english|french,fracture_en|fracture_fr,7,7,7,A selected pair may include multiple detectors/propositions.
selected_pair_participation,v3_target,ACL,positive,degeneration,dutch,target_local_association,7,7,7,A selected pair may include multiple detectors/propositions.
selected_pair_participation,v3_target,ACL,positive,sprain,turkish,target_local_association,7,7,7,A selected pair may include multiple detectors/propositions.
selected_pair_participation,v3_target,ACL,uncertain,abnormality,english,target_local_association,7,7,7,A selected pair may include multiple detectors/propositions.
selected_pair_participation,v3_target,Lateral Meniscus,positive,abnormality,german,target_local_association,7,7,7,A selected pair may include multiple detectors/propositions.
selected_pair_participation,v3_target,Lateral Meniscus,positive,tear,english,both_menisci|target_local_association,7,7,7,A selected pair may include multiple detectors/propositions.
selected_pair_participation,v3_target,Lateral OA,positive,chondral_abnormality,french,compartment_scope,7,7,7,A selected pair may include multiple detectors/propositions.
selected_pair_participation,v3_target,Medial Meniscus,positive,degeneration,cyrillic_script,target_local_association,7,7,7,A selected pair may include multiple detectors/propositions.
selected_pair_participation,v3_target,Medial Meniscus,uncertain,tear,spanish,target_local_association,7,7,7,A selected pair may include multiple detectors/propositions.
selected_pair_participation,v2_collective,Lateral Meniscus,negative,abnormality_absent,latin_other,both_menisci|both_menisci_negative_only,6,6,6,A selected pair may include multiple detectors/propositions.
selected_pair_participation,v2_collective,Medial Meniscus,negative,abnormality_absent,latin_other,both_menisci|both_menisci_negative_only,6,6,6,A selected pair may include multiple detectors/propositions.
selected_pair_participation,v2_collective,Medial Meniscus,negative,abnormality_absent,south_slavic,both_menisci,6,6,6,A selected pair may include multiple detectors/propositions.
selected_pair_participation,v2_collective,Medial OA,positive,chondral_abnormality,english,compartment_scope|tibiofemoral_compartments,6,6,6,A selected pair may include multiple detectors/propositions.
selected_pair_participation,v2_exact,ACL,positive,degeneration,cyrillic_script,target_local_association,6,6,6,A selected pair may include multiple detectors/propositions.
selected_pair_participation,v2_exact,Contusion,positive,chondral_abnormality,english,<no_explicit_rule>,6,6,6,A selected pair may include multiple detectors/propositions.
selected_pair_participation,v2_exact,Contusion,positive,fracture,english,<no_explicit_rule>,6,6,6,A selected pair may include multiple detectors/propositions.
selected_pair_participation,v2_exact,Contusion,positive,fracture,spanish,<no_explicit_rule>,6,6,6,A selected pair may include multiple detectors/propositions.
selected_pair_participation,v2_exact,Effusion,positive,tear,greek_script,<no_explicit_rule>,6,6,6,A selected pair may include multiple detectors/propositions.
selected_pair_participation,v2_exact,Lateral Meniscus,negative,abnormality_absent,latin_other,target_local_association,6,6,6,A selected pair may include multiple detectors/propositions.
selected_pair_participation,v2_exact,Medial Meniscus,positive,abnormality,german,target_local_association,6,6,6,A selected pair may include multiple detectors/propositions.
selected_pair_participation,v2_exact,Medial Meniscus,uncertain,tear,spanish,target_local_association,6,6,6,A selected pair may include multiple detectors/propositions.
selected_pair_participation,v2_exact,Medial OA,positive,chondral_abnormality,greek_script,compartment_scope,6,6,6,A selected pair may include multiple detectors/propositions.
selected_pair_participation,v2_exact,PF OA,positive,chondral_abnormality,french,compartment_scope,6,6,6,A selected pair may include multiple detectors/propositions.
selected_pair_participation,v3_morphology,Baker's,uncertain,baker_cyst,english,baker_variants,6,6,6,A selected pair may include multiple detectors/propositions.
selected_pair_participation,v3_target,ACL,positive,degeneration,cyrillic_script,target_local_association,6,6,6,A selected pair may include multiple detectors/propositions.
selected_pair_participation,v3_target,ACL,uncertain,degeneration,south_slavic,target_local_association,6,6,6,A selected pair may include multiple detectors/propositions.
selected_pair_participation,v3_target,Lateral Meniscus,negative,abnormality_absent,latin_other,target_local_association,6,6,6,A selected pair may include multiple detectors/propositions.
selected_pair_participation,v3_target,MCL,positive,abnormality,south_slavic,target_local_association,6,6,6,A selected pair may include multiple detectors/propositions.
selected_pair_participation,v3_target,MCL,positive,degeneration,south_slavic,target_local_association,6,6,6,A selected pair may include multiple detectors/propositions.
selected_pair_participation,v3_target,Medial OA,positive,chondral_abnormality,english,compartment_scope|tibiofemoral_compartments,6,6,6,A selected pair may include multiple detectors/propositions.
selected_pair_participation,v3_target,PF OA,negative,normal_cartilage,turkish,compartment_normality,6,6,6,A selected pair may include multiple detectors/propositions.
selected_pair_participation,v2_collective,ACL,negative,abnormality_absent,latin_other,cruciate_and_collateral_ligaments,5,5,5,A selected pair may include multiple detectors/propositions.
selected_pair_participation,v2_collective,Lateral Meniscus,negative,abnormality_absent,latin_other,both_menisci_negative_only,5,5,5,A selected pair may include multiple detectors/propositions.
selected_pair_participation,v2_collective,Lateral Meniscus,negative,abnormality_absent,south_slavic,both_menisci,5,5,5,A selected pair may include multiple detectors/propositions.
selected_pair_participation,v2_collective,MCL,negative,abnormality_absent,latin_other,collateral_ligaments,5,5,5,A selected pair may include multiple detectors/propositions.
selected_pair_participation,v2_collective,MCL,negative,abnormality_absent,latin_other,collateral_ligaments|cruciate_and_collateral_ligaments,5,5,5,A selected pair may include multiple detectors/propositions.
selected_pair_participation,v2_collective,Medial Meniscus,negative,abnormality_absent,latin_other,both_menisci_negative_only,5,5,5,A selected pair may include multiple detectors/propositions.
selected_pair_participation,v2_exact,ACL,negative,abnormality_absent,greek_script,target_local_association,5,5,5,A selected pair may include multiple detectors/propositions.
selected_pair_participation,v2_exact,ACL,negative,abnormality_absent,latin_other,<no_explicit_rule>,5,5,5,A selected pair may include multiple detectors/propositions.
selected_pair_participation,v2_exact,ACL,positive,sprain,english,target_local_association,5,5,5,A selected pair may include multiple detectors/propositions.
selected_pair_participation,v2_exact,Contusion,positive,abnormality,french,<no_explicit_rule>,5,5,5,A selected pair may include multiple detectors/propositions.
selected_pair_participation,v2_exact,Contusion,uncertain,fracture,english,<no_explicit_rule>,5,5,5,A selected pair may include multiple detectors/propositions.
selected_pair_participation,v2_exact,Effusion,positive,tear,english,<no_explicit_rule>,5,5,5,A selected pair may include multiple detectors/propositions.
selected_pair_participation,v2_exact,Lateral Meniscus,positive,abnormality,german,target_local_association,5,5,5,A selected pair may include multiple detectors/propositions.
selected_pair_participation,v2_exact,Lateral Meniscus,positive,tear,south_slavic,<no_explicit_rule>,5,5,5,A selected pair may include multiple detectors/propositions.
selected_pair_participation,v2_exact,Lateral OA,positive,degeneration,english,<no_explicit_rule>,5,5,5,A selected pair may include multiple detectors/propositions.
selected_pair_participation,v2_exact,Lateral OA,positive,degeneration,greek_script,<no_explicit_rule>,5,5,5,A selected pair may include multiple detectors/propositions.
selected_pair_participation,v2_exact,MCL,positive,abnormality,south_slavic,target_local_association,5,5,5,A selected pair may include multiple detectors/propositions.
selected_pair_participation,v2_exact,Medial Meniscus,negative,abnormality_absent,greek_script,target_local_association,5,5,5,A selected pair may include multiple detectors/propositions.
selected_pair_participation,v2_exact,Medial Meniscus,positive,degeneration,english,<no_explicit_rule>,5,5,5,A selected pair may include multiple detectors/propositions.
selected_pair_participation,v2_exact,Medial Meniscus,positive,degeneration,german,<no_explicit_rule>,5,5,5,A selected pair may include multiple detectors/propositions.
selected_pair_participation,v2_exact,Medial Meniscus,positive,degeneration,spanish,target_local_association,5,5,5,A selected pair may include multiple detectors/propositions.
selected_pair_participation,v2_exact,Medial Meniscus,positive,extrusion,french,target_local_association,5,5,5,A selected pair may include multiple detectors/propositions.
selected_pair_participation,v2_exact,Medial Meniscus,positive,extrusion,greek_script,target_local_association,5,5,5,A selected pair may include multiple detectors/propositions.
selected_pair_participation,v2_exact,Medial OA,negative,abnormality_absent,german,<no_explicit_rule>,5,5,5,A selected pair may include multiple detectors/propositions.
selected_pair_participation,v2_exact,Medial OA,positive,degeneration,english,<no_explicit_rule>,5,5,5,A selected pair may include multiple detectors/propositions.
selected_pair_participation,v2_exact,Synovitis,negative,abnormality_absent,spanish,<no_explicit_rule>,5,5,5,A selected pair may include multiple detectors/propositions.
selected_pair_participation,v2_exact,Synovitis,positive,sprain,turkish,<no_explicit_rule>,5,5,5,A selected pair may include multiple detectors/propositions.
selected_pair_participation,v3_target,ACL,negative,abnormality_absent,greek_script,target_local_association,5,5,5,A selected pair may include multiple detectors/propositions.
selected_pair_participation,v3_target,ACL,positive,avulsion,english,target_local_association,5,5,5,A selected pair may include multiple detectors/propositions.
selected_pair_participation,v3_target,ACL,positive,sprain,english,target_local_association,5,5,5,A selected pair may include multiple detectors/propositions.
selected_pair_participation,v3_target,Lateral Meniscus,positive,degeneration,spanish,target_local_association,5,5,5,A selected pair may include multiple detectors/propositions.
selected_pair_participation,v3_target,Lateral Meniscus,uncertain,tear,spanish,target_local_association,5,5,5,A selected pair may include multiple detectors/propositions.
selected_pair_participation,v3_target,MCL,positive,avulsion,english,target_local_association,5,5,5,A selected pair may include multiple detectors/propositions.
selected_pair_participation,v3_target,MCL,positive,degeneration,english,target_local_association,5,5,5,A selected pair may include multiple detectors/propositions.
selected_pair_participation,v3_target,Medial Meniscus,negative,abnormality_absent,greek_script,target_local_association,5,5,5,A selected pair may include multiple detectors/propositions.
selected_pair_participation,v3_target,Medial Meniscus,negative,normal_structure,spanish,target_local_normality,5,5,5,A selected pair may include multiple detectors/propositions.
selected_pair_participation,v3_target,Medial Meniscus,positive,extrusion,french,target_local_association,5,5,5,A selected pair may include multiple detectors/propositions.
selected_pair_participation,v3_target,Medial Meniscus,positive,extrusion,greek_script,target_local_association,5,5,5,A selected pair may include multiple detectors/propositions.
selected_pair_participation,v3_target,PF OA,positive,chondral_abnormality,latin_other,compartment_scope,5,5,5,A selected pair may include multiple detectors/propositions.
selected_pair_participation,v2_collective,Lateral Meniscus,negative,abnormality_absent,dutch,both_menisci_negative_only,4,4,4,A selected pair may include multiple detectors/propositions.
selected_pair_participation,v2_collective,Lateral Meniscus,negative,abnormality_absent,french,both_menisci|both_menisci_negative_only,4,4,4,A selected pair may include multiple detectors/propositions.
selected_pair_participation,v2_collective,Lateral OA,negative,abnormality_absent,latin_other,tibiofemoral_compartments,4,4,4,A selected pair may include multiple detectors/propositions.
selected_pair_participation,v2_collective,Medial Meniscus,negative,abnormality_absent,dutch,both_menisci_negative_only,4,4,4,A selected pair may include multiple detectors/propositions.
selected_pair_participation,v2_collective,Medial Meniscus,negative,abnormality_absent,french,both_menisci|both_menisci_negative_only,4,4,4,A selected pair may include multiple detectors/propositions.
selected_pair_participation,v2_collective,Medial OA,negative,abnormality_absent,latin_other,tibiofemoral_compartments,4,4,4,A selected pair may include multiple detectors/propositions.
selected_pair_participation,v2_collective,PF OA,positive,chondral_abnormality,english,tibiofemoral_compartments,4,4,4,A selected pair may include multiple detectors/propositions.
selected_pair_participation,v2_exact,ACL,negative,abnormality_absent,french,target_local_association,4,4,4,A selected pair may include multiple detectors/propositions.
selected_pair_participation,v2_exact,ACL,negative,abnormality_absent,german,<no_explicit_rule>,4,4,4,A selected pair may include multiple detectors/propositions.
selected_pair_participation,v2_exact,ACL,positive,avulsion,english,target_local_association,4,4,4,A selected pair may include multiple detectors/propositions.
selected_pair_participation,v2_exact,ACL,positive,degeneration,spanish,target_local_association,4,4,4,A selected pair may include multiple detectors/propositions.
selected_pair_participation,v2_exact,Contusion,positive,abnormality,dutch,<no_explicit_rule>,4,4,4,A selected pair may include multiple detectors/propositions.
selected_pair_participation,v2_exact,Effusion,positive,degeneration,dutch,<no_explicit_rule>,4,4,4,A selected pair may include multiple detectors/propositions.
selected_pair_participation,v2_exact,Fracture,negative,abnormality_absent,french,<no_explicit_rule>,4,4,4,A selected pair may include multiple detectors/propositions.
selected_pair_participation,v2_exact,Fracture,negative,abnormality_absent,spanish,<no_explicit_rule>,4,4,4,A selected pair may include multiple detectors/propositions.
selected_pair_participation,v2_exact,Fracture,positive,fracture,south_slavic,<no_explicit_rule>,4,4,4,A selected pair may include multiple detectors/propositions.
selected_pair_participation,v2_exact,Lateral Meniscus,negative,abnormality_absent,spanish,<no_explicit_rule>,4,4,4,A selected pair may include multiple detectors/propositions.
selected_pair_participation,v2_exact,Lateral Meniscus,positive,degeneration,german,target_local_association,4,4,4,A selected pair may include multiple detectors/propositions.
selected_pair_participation,v2_exact,Lateral Meniscus,positive,degeneration,south_slavic,target_local_association,4,4,4,A selected pair may include multiple detectors/propositions.
selected_pair_participation,v2_exact,Lateral Meniscus,positive,degeneration,spanish,target_local_association,4,4,4,A selected pair may include multiple detectors/propositions.
selected_pair_participation,v2_exact,Lateral Meniscus,positive,extrusion,spanish,target_local_association,4,4,4,A selected pair may include multiple detectors/propositions.
selected_pair_participation,v2_exact,Lateral Meniscus,uncertain,tear,spanish,target_local_association,4,4,4,A selected pair may include multiple detectors/propositions.
selected_pair_participation,v2_exact,Lateral OA,negative,abnormality_absent,french,<no_explicit_rule>,4,4,4,A selected pair may include multiple detectors/propositions.
selected_pair_participation,v2_exact,Lateral OA,positive,chondral_abnormality,greek_script,compartment_scope,4,4,4,A selected pair may include multiple detectors/propositions.
selected_pair_participation,v2_exact,Lateral OA,positive,tear,greek_script,<no_explicit_rule>,4,4,4,A selected pair may include multiple detectors/propositions.
selected_pair_participation,v2_exact,MCL,positive,abnormality,french,target_local_association,4,4,4,A selected pair may include multiple detectors/propositions.
selected_pair_participation,v2_exact,MCL,positive,avulsion,english,target_local_association,4,4,4,A selected pair may include multiple detectors/propositions.
selected_pair_participation,v2_exact,MCL,positive,degeneration,english,target_local_association,4,4,4,A selected pair may include multiple detectors/propositions.
selected_pair_participation,v2_exact,MCL,positive,degeneration,south_slavic,target_local_association,4,4,4,A selected pair may include multiple detectors/propositions.
selected_pair_participation,v2_exact,Medial Meniscus,negative,abnormality_absent,french,target_local_association,4,4,4,A selected pair may include multiple detectors/propositions.
selected_pair_participation,v2_exact,Medial Meniscus,positive,extrusion,german,target_local_association,4,4,4,A selected pair may include multiple detectors/propositions.
selected_pair_participation,v2_exact,Medial Meniscus,uncertain,abnormality,spanish,target_local_association,4,4,4,A selected pair may include multiple detectors/propositions.
selected_pair_participation,v2_exact,Synovitis,positive,abnormality,dutch,<no_explicit_rule>,4,4,4,A selected pair may include multiple detectors/propositions.
selected_pair_participation,v2_exact,Synovitis,positive,abnormality,german,<no_explicit_rule>,4,4,4,A selected pair may include multiple detectors/propositions.
selected_pair_participation,v2_exact,Synovitis,positive,abnormality,south_slavic,<no_explicit_rule>,4,4,4,A selected pair may include multiple detectors/propositions.
selected_pair_participation,v2_exact,Synovitis,positive,tear,english,<no_explicit_rule>,4,4,4,A selected pair may include multiple detectors/propositions.
selected_pair_participation,v3_morphology,Fracture,uncertain,fracture,turkish,fracture_tr,4,4,4,A selected pair may include multiple detectors/propositions.
selected_pair_participation,v3_target,ACL,negative,abnormality_absent,french,target_local_association,4,4,4,A selected pair may include multiple detectors/propositions.
selected_pair_participation,v3_target,ACL,negative,normal_structure,german,target_local_normality,4,4,4,A selected pair may include multiple detectors/propositions.
selected_pair_participation,v3_target,ACL,negative,normal_structure,latin_other,target_local_normality,4,4,4,A selected pair may include multiple detectors/propositions.
selected_pair_participation,v3_target,ACL,negative,normal_structure,spanish,target_local_normality,4,4,4,A selected pair may include multiple detectors/propositions.
selected_pair_participation,v3_target,ACL,positive,abnormality,turkish,target_local_association,4,4,4,A selected pair may include multiple detectors/propositions.
selected_pair_participation,v3_target,ACL,positive,degeneration,spanish,target_local_association,4,4,4,A selected pair may include multiple detectors/propositions.
selected_pair_participation,v3_target,Lateral Meniscus,negative,normal_structure,spanish,target_local_normality,4,4,4,A selected pair may include multiple detectors/propositions.
selected_pair_participation,v3_target,Lateral Meniscus,positive,extrusion,german,target_local_association,4,4,4,A selected pair may include multiple detectors/propositions.
selected_pair_participation,v3_target,Lateral Meniscus,positive,extrusion,spanish,target_local_association,4,4,4,A selected pair may include multiple detectors/propositions.
selected_pair_participation,v3_target,Lateral Meniscus,uncertain,abnormality,english,target_local_association,4,4,4,A selected pair may include multiple detectors/propositions.
selected_pair_participation,v3_target,Lateral Meniscus,uncertain,tear,south_slavic,target_local_association,4,4,4,A selected pair may include multiple detectors/propositions.
selected_pair_participation,v3_target,Lateral OA,negative,chondral_abnormality_absent,greek_script,compartment_scope,4,4,4,A selected pair may include multiple detectors/propositions.
selected_pair_participation,v3_target,Lateral OA,negative,normal_cartilage,french,compartment_normality,4,4,4,A selected pair may include multiple detectors/propositions.
selected_pair_participation,v3_target,Lateral OA,negative,normal_cartilage,german,compartment_normality,4,4,4,A selected pair may include multiple detectors/propositions.
selected_pair_participation,v3_target,MCL,positive,abnormality,french,target_local_association,4,4,4,A selected pair may include multiple detectors/propositions.
selected_pair_participation,v3_target,Medial Meniscus,negative,abnormality_absent,french,target_local_association,4,4,4,A selected pair may include multiple detectors/propositions.
selected_pair_participation,v3_target,Medial Meniscus,uncertain,abnormality,spanish,target_local_association,4,4,4,A selected pair may include multiple detectors/propositions.
selected_pair_participation,v3_target,Medial OA,negative,chondral_abnormality_absent,german,compartment_scope,4,4,4,A selected pair may include multiple detectors/propositions.
selected_pair_participation,v3_target,Medial OA,positive,chondral_abnormality,cyrillic_script,compartment_scope,4,4,4,A selected pair may include multiple detectors/propositions.
selected_pair_participation,v3_target,PF OA,negative,normal_cartilage,dutch,compartment_normality,4,4,4,A selected pair may include multiple detectors/propositions.
selected_pair_participation,v2_collective,ACL,negative,abnormality_absent,latin_other,cruciate_ligaments,3,3,3,A selected pair may include multiple detectors/propositions.
selected_pair_participation,v2_collective,Lateral Meniscus,negative,abnormality_absent,english,both_menisci|both_menisci_negative_only|target_local_association,3,3,3,A selected pair may include multiple detectors/propositions.
selected_pair_participation,v2_collective,Lateral Meniscus,positive,degeneration,english,both_menisci,3,3,3,A selected pair may include multiple detectors/propositions.
selected_pair_participation,v2_collective,Lateral Meniscus,positive,tear,greek_script,both_menisci,3,3,3,A selected pair may include multiple detectors/propositions.
selected_pair_participation,v2_collective,Lateral Meniscus,positive,tear,south_slavic,both_menisci,3,3,3,A selected pair may include multiple detectors/propositions.
selected_pair_participation,v2_collective,Lateral OA,positive,chondral_abnormality,english,compartment_scope|lateral_and_patellofemoral_compartments,3,3,3,A selected pair may include multiple detectors/propositions.
selected_pair_participation,v2_collective,Medial Meniscus,positive,tear,greek_script,both_menisci,3,3,3,A selected pair may include multiple detectors/propositions.
selected_pair_participation,v2_collective,Medial OA,negative,abnormality_absent,english,tibiofemoral_compartments,3,3,3,A selected pair may include multiple detectors/propositions.
selected_pair_participation,v2_collective,Medial OA,positive,abnormality,english,tibiofemoral_compartments,3,3,3,A selected pair may include multiple detectors/propositions.
selected_pair_participation,v2_exact,ACL,negative,abnormality_absent,spanish,<no_explicit_rule>,3,3,3,A selected pair may include multiple detectors/propositions.
selected_pair_participation,v2_exact,ACL,positive,tear,english,<no_explicit_rule>,3,3,3,A selected pair may include multiple detectors/propositions.
selected_pair_participation,v2_exact,ACL,positive,tear,greek_script,<no_explicit_rule>,3,3,3,A selected pair may include multiple detectors/propositions.
selected_pair_participation,v2_exact,ACL,positive,tear,south_slavic,<no_explicit_rule>,3,3,3,A selected pair may include multiple detectors/propositions.
selected_pair_participation,v2_exact,ACL,uncertain,abnormality,english,target_local_association,3,3,3,A selected pair may include multiple detectors/propositions.
selected_pair_participation,v2_exact,ACL,uncertain,sprain,english,target_local_association,3,3,3,A selected pair may include multiple detectors/propositions.
selected_pair_participation,v2_exact,Baker's,negative,abnormality_absent,german,<no_explicit_rule>,3,3,3,A selected pair may include multiple detectors/propositions.
selected_pair_participation,v2_exact,Baker's,positive,tear,german,<no_explicit_rule>,3,3,3,A selected pair may include multiple detectors/propositions.
selected_pair_participation,v2_exact,Baker's,uncertain,abnormality,english,<no_explicit_rule>,3,3,3,A selected pair may include multiple detectors/propositions.
selected_pair_participation,v2_exact,Contusion,positive,chondral_abnormality,german,<no_explicit_rule>,3,3,3,A selected pair may include multiple detectors/propositions.
selected_pair_participation,v2_exact,Contusion,positive,fracture,german,<no_explicit_rule>,3,3,3,A selected pair may include multiple detectors/propositions.
selected_pair_participation,v2_exact,Contusion,positive,fracture,greek_script,<no_explicit_rule>,3,3,3,A selected pair may include multiple detectors/propositions.
selected_pair_participation,v2_exact,Contusion,positive,sprain,greek_script,<no_explicit_rule>,3,3,3,A selected pair may include multiple detectors/propositions.
selected_pair_participation,v2_exact,Contusion,uncertain,abnormality,english,<no_explicit_rule>,3,3,3,A selected pair may include multiple detectors/propositions.
selected_pair_participation,v2_exact,Effusion,negative,abnormality_absent,latin_other,<no_explicit_rule>,3,3,3,A selected pair may include multiple detectors/propositions.
selected_pair_participation,v2_exact,Effusion,uncertain,abnormality,dutch,<no_explicit_rule>,3,3,3,A selected pair may include multiple detectors/propositions.
selected_pair_participation,v2_exact,Effusion,uncertain,abnormality,south_slavic,<no_explicit_rule>,3,3,3,A selected pair may include multiple detectors/propositions.
selected_pair_participation,v2_exact,Fracture,negative,abnormality_absent,latin_other,<no_explicit_rule>,3,3,3,A selected pair may include multiple detectors/propositions.
selected_pair_participation,v2_exact,Fracture,negative,abnormality_absent,south_slavic,<no_explicit_rule>,3,3,3,A selected pair may include multiple detectors/propositions.
selected_pair_participation,v2_exact,Fracture,positive,avulsion,english,<no_explicit_rule>,3,3,3,A selected pair may include multiple detectors/propositions.
selected_pair_participation,v2_exact,Fracture,positive,chondral_abnormality,dutch,<no_explicit_rule>,3,3,3,A selected pair may include multiple detectors/propositions.
selected_pair_participation,v2_exact,Fracture,uncertain,fracture,south_slavic,fracture_sl,3,3,3,A selected pair may include multiple detectors/propositions.
selected_pair_participation,v2_exact,Fracture,uncertain,fracture,turkish,fracture_tr,3,3,3,A selected pair may include multiple detectors/propositions.
selected_pair_participation,v2_exact,Lateral Meniscus,negative,abnormality_absent,dutch,target_local_association,3,3,3,A selected pair may include multiple detectors/propositions.
selected_pair_participation,v2_exact,Lateral Meniscus,positive,degeneration,english,<no_explicit_rule>,3,3,3,A selected pair may include multiple detectors/propositions.
selected_pair_participation,v2_exact,Lateral Meniscus,positive,degeneration,french,target_local_association,3,3,3,A selected pair may include multiple detectors/propositions.
selected_pair_participation,v2_exact,Lateral Meniscus,positive,tear,cyrillic_script,target_local_association,3,3,3,A selected pair may include multiple detectors/propositions.
selected_pair_participation,v2_exact,Lateral Meniscus,uncertain,abnormality,english,target_local_association,3,3,3,A selected pair may include multiple detectors/propositions.
selected_pair_participation,v2_exact,Lateral OA,negative,abnormality_absent,cyrillic_script,<no_explicit_rule>,3,3,3,A selected pair may include multiple detectors/propositions.
selected_pair_participation,v2_exact,MCL,negative,abnormality_absent,latin_other,<no_explicit_rule>,3,3,3,A selected pair may include multiple detectors/propositions.
selected_pair_participation,v2_exact,MCL,negative,abnormality_absent,spanish,target_local_association,3,3,3,A selected pair may include multiple detectors/propositions.
selected_pair_participation,v2_exact,MCL,positive,sprain,dutch,target_local_association,3,3,3,A selected pair may include multiple detectors/propositions.
selected_pair_participation,v2_exact,MCL,positive,tear,greek_script,target_local_association,3,3,3,A selected pair may include multiple detectors/propositions.
selected_pair_participation,v2_exact,Medial Meniscus,negative,abnormality_absent,cyrillic_script,target_local_association,3,3,3,A selected pair may include multiple detectors/propositions.
selected_pair_participation,v2_exact,Medial Meniscus,negative,abnormality_absent,spanish,<no_explicit_rule>,3,3,3,A selected pair may include multiple detectors/propositions.
selected_pair_participation,v2_exact,Medial Meniscus,positive,avulsion,english,target_local_association,3,3,3,A selected pair may include multiple detectors/propositions.
selected_pair_participation,v2_exact,Medial Meniscus,positive,fracture,greek_script,<no_explicit_rule>,3,3,3,A selected pair may include multiple detectors/propositions.
selected_pair_participation,v2_exact,Medial Meniscus,positive,tear,spanish,<no_explicit_rule>,3,3,3,A selected pair may include multiple detectors/propositions.
selected_pair_participation,v2_exact,Medial OA,negative,abnormality_absent,french,<no_explicit_rule>,3,3,3,A selected pair may include multiple detectors/propositions.
selected_pair_participation,v2_exact,Medial OA,positive,degeneration,french,<no_explicit_rule>,3,3,3,A selected pair may include multiple detectors/propositions.
selected_pair_participation,v2_exact,PF OA,positive,chondral_abnormality,french,<no_explicit_rule>,3,3,3,A selected pair may include multiple detectors/propositions.
selected_pair_participation,v2_exact,PF OA,positive,chondral_abnormality,latin_other,compartment_scope,3,3,3,A selected pair may include multiple detectors/propositions.
selected_pair_participation,v2_exact,PF OA,uncertain,chondral_abnormality,english,compartment_scope,3,3,3,A selected pair may include multiple detectors/propositions.
selected_pair_participation,v2_exact,Synovitis,positive,tear,french,<no_explicit_rule>,3,3,3,A selected pair may include multiple detectors/propositions.
selected_pair_participation,v2_exact,Synovitis,positive,tear,turkish,<no_explicit_rule>,3,3,3,A selected pair may include multiple detectors/propositions.
selected_pair_participation,v3_morphology,Fracture,negative,fracture_absent,greek_script,fracture_el,3,3,3,A selected pair may include multiple detectors/propositions.
selected_pair_participation,v3_morphology,Fracture,negative,fracture_absent,south_slavic,fracture_sl,3,3,3,A selected pair may include multiple detectors/propositions.
selected_pair_participation,v3_morphology,Fracture,uncertain,fracture,south_slavic,fracture_sl,3,3,3,A selected pair may include multiple detectors/propositions.
selected_pair_participation,v3_morphology,Synovitis,positive,synovitis,south_slavic,synovitis_sl,3,3,3,A selected pair may include multiple detectors/propositions.
selected_pair_participation,v3_target,ACL,positive,abnormality,latin_other,target_local_association,3,3,3,A selected pair may include multiple detectors/propositions.
selected_pair_participation,v3_target,ACL,uncertain,sprain,english,target_local_association,3,3,3,A selected pair may include multiple detectors/propositions.
selected_pair_participation,v3_target,Lateral Meniscus,negative,abnormality_absent,dutch,target_local_association,3,3,3,A selected pair may include multiple detectors/propositions.
selected_pair_participation,v3_target,Lateral Meniscus,negative,abnormality_absent,english,both_menisci|both_menisci_negative_only|target_local_association,3,3,3,A selected pair may include multiple detectors/propositions.
selected_pair_participation,v3_target,Lateral Meniscus,positive,extrusion,english,target_local_association,3,3,3,A selected pair may include multiple detectors/propositions.
selected_pair_participation,v3_target,Lateral Meniscus,positive,tear,cyrillic_script,target_local_association,3,3,3,A selected pair may include multiple detectors/propositions.
selected_pair_participation,v3_target,Lateral Meniscus,uncertain,degeneration,german,target_local_association,3,3,3,A selected pair may include multiple detectors/propositions.
selected_pair_participation,v3_target,Lateral OA,negative,normal_cartilage,cyrillic_script,compartment_normality,3,3,3,A selected pair may include multiple detectors/propositions.
selected_pair_participation,v3_target,Lateral OA,negative,normal_cartilage,greek_script,compartment_normality,3,3,3,A selected pair may include multiple detectors/propositions.
selected_pair_participation,v3_target,Lateral OA,positive,chondral_abnormality,english,compartment_scope|lateral_and_patellofemoral_compartments,3,3,3,A selected pair may include multiple detectors/propositions.
selected_pair_participation,v3_target,MCL,negative,abnormality_absent,spanish,target_local_association,3,3,3,A selected pair may include multiple detectors/propositions.
selected_pair_participation,v3_target,MCL,negative,normal_structure,greek_script,target_local_normality,3,3,3,A selected pair may include multiple detectors/propositions.
selected_pair_participation,v3_target,MCL,negative,normal_structure,latin_other,target_local_normality,3,3,3,A selected pair may include multiple detectors/propositions.
selected_pair_participation,v3_target,MCL,positive,sprain,dutch,target_local_association,3,3,3,A selected pair may include multiple detectors/propositions.
selected_pair_participation,v3_target,MCL,positive,tear,greek_script,target_local_association,3,3,3,A selected pair may include multiple detectors/propositions.
selected_pair_participation,v3_target,Medial Meniscus,negative,abnormality_absent,cyrillic_script,target_local_association,3,3,3,A selected pair may include multiple detectors/propositions.
selected_pair_participation,v3_target,Medial Meniscus,positive,avulsion,english,target_local_association,3,3,3,A selected pair may include multiple detectors/propositions.
selected_pair_participation,v3_target,Medial Meniscus,uncertain,degeneration,german,target_local_association,3,3,3,A selected pair may include multiple detectors/propositions.
selected_pair_participation,v3_target,Medial OA,negative,normal_cartilage,dutch,compartment_normality,3,3,3,A selected pair may include multiple detectors/propositions.
selected_pair_participation,v3_target,Medial OA,negative,normal_cartilage,french,compartment_normality,3,3,3,A selected pair may include multiple detectors/propositions.
selected_pair_participation,v3_target,Medial OA,negative,normal_cartilage,german,compartment_normality,3,3,3,A selected pair may include multiple detectors/propositions.
selected_pair_participation,v3_target,Medial OA,negative,normal_cartilage,greek_script,compartment_normality,3,3,3,A selected pair may include multiple detectors/propositions.
selected_pair_participation,v2_collective,ACL,negative,abnormality_absent,latin_other,cruciate_and_collateral_ligaments|cruciate_ligaments,2,2,2,A selected pair may include multiple detectors/propositions.
selected_pair_participation,v2_collective,Lateral Meniscus,negative,abnormality_absent,turkish,both_menisci_negative_only,2,2,2,A selected pair may include multiple detectors/propositions.
selected_pair_participation,v2_collective,Lateral Meniscus,positive,degeneration,spanish,both_menisci,2,2,2,A selected pair may include multiple detectors/propositions.
selected_pair_participation,v2_collective,Lateral Meniscus,positive,tear,english,both_menisci,2,2,2,A selected pair may include multiple detectors/propositions.
selected_pair_participation,v2_collective,Lateral OA,positive,abnormality,english,tibiofemoral_compartments,2,2,2,A selected pair may include multiple detectors/propositions.
selected_pair_participation,v2_collective,MCL,negative,abnormality_absent,latin_other,cruciate_and_collateral_ligaments,2,2,2,A selected pair may include multiple detectors/propositions.
selected_pair_participation,v2_collective,Medial Meniscus,negative,abnormality_absent,turkish,both_menisci_negative_only,2,2,2,A selected pair may include multiple detectors/propositions.
selected_pair_participation,v2_collective,Medial Meniscus,positive,tear,south_slavic,both_menisci,2,2,2,A selected pair may include multiple detectors/propositions.
selected_pair_participation,v2_collective,Medial Meniscus,uncertain,tear,english,both_menisci,2,2,2,A selected pair may include multiple detectors/propositions.
selected_pair_participation,v2_collective,Medial OA,positive,chondral_abnormality,south_slavic,compartment_scope|tibiofemoral_compartments,2,2,2,A selected pair may include multiple detectors/propositions.
selected_pair_participation,v2_exact,ACL,negative,abnormality_absent,greek_script,<no_explicit_rule>,2,2,2,A selected pair may include multiple detectors/propositions.
selected_pair_participation,v2_exact,ACL,negative,abnormality_absent,turkish,target_local_association,2,2,2,A selected pair may include multiple detectors/propositions.
selected_pair_participation,v2_exact,ACL,positive,abnormality,latin_other,target_local_association,2,2,2,A selected pair may include multiple detectors/propositions.
selected_pair_participation,v2_exact,ACL,positive,degeneration,turkish,<no_explicit_rule>,2,2,2,A selected pair may include multiple detectors/propositions.
selected_pair_participation,v2_exact,ACL,uncertain,degeneration,english,target_local_association,2,2,2,A selected pair may include multiple detectors/propositions.
selected_pair_participation,v2_exact,Baker's,positive,chondral_abnormality,english,<no_explicit_rule>,2,2,2,A selected pair may include multiple detectors/propositions.
selected_pair_participation,v2_exact,Baker's,positive,degeneration,dutch,<no_explicit_rule>,2,2,2,A selected pair may include multiple detectors/propositions.
selected_pair_participation,v2_exact,Baker's,uncertain,tear,spanish,<no_explicit_rule>,2,2,2,A selected pair may include multiple detectors/propositions.
selected_pair_participation,v2_exact,Contusion,positive,abnormality,south_slavic,<no_explicit_rule>,2,2,2,A selected pair may include multiple detectors/propositions.
selected_pair_participation,v2_exact,Contusion,positive,tear,greek_script,<no_explicit_rule>,2,2,2,A selected pair may include multiple detectors/propositions.
selected_pair_participation,v2_exact,Effusion,negative,abnormality_absent,french,<no_explicit_rule>,2,2,2,A selected pair may include multiple detectors/propositions.
selected_pair_participation,v2_exact,Effusion,positive,chondral_abnormality,cyrillic_script,<no_explicit_rule>,2,2,2,A selected pair may include multiple detectors/propositions.
selected_pair_participation,v2_exact,Effusion,positive,chondral_abnormality,english,<no_explicit_rule>,2,2,2,A selected pair may include multiple detectors/propositions.
selected_pair_participation,v2_exact,Effusion,positive,chondral_abnormality,south_slavic,<no_explicit_rule>,2,2,2,A selected pair may include multiple detectors/propositions.
selected_pair_participation,v2_exact,Effusion,positive,degeneration,south_slavic,<no_explicit_rule>,2,2,2,A selected pair may include multiple detectors/propositions.
selected_pair_participation,v2_exact,Effusion,uncertain,abnormality,english,<no_explicit_rule>,2,2,2,A selected pair may include multiple detectors/propositions.
selected_pair_participation,v2_exact,Effusion,uncertain,tear,south_slavic,<no_explicit_rule>,2,2,2,A selected pair may include multiple detectors/propositions.
selected_pair_participation,v2_exact,Fracture,negative,abnormality_absent,greek_script,<no_explicit_rule>,2,2,2,A selected pair may include multiple detectors/propositions.
selected_pair_participation,v2_exact,Fracture,uncertain,fracture,english|spanish,fracture_en,2,2,2,A selected pair may include multiple detectors/propositions.
selected_pair_participation,v2_exact,Lateral Meniscus,negative,abnormality_absent,german,target_local_association,2,2,2,A selected pair may include multiple detectors/propositions.
selected_pair_participation,v2_exact,Lateral Meniscus,positive,extrusion,english,target_local_association,2,2,2,A selected pair may include multiple detectors/propositions.
selected_pair_participation,v2_exact,Lateral Meniscus,positive,tear,turkish,<no_explicit_rule>,2,2,2,A selected pair may include multiple detectors/propositions.
selected_pair_participation,v2_exact,Lateral Meniscus,uncertain,tear,south_slavic,target_local_association,2,2,2,A selected pair may include multiple detectors/propositions.
selected_pair_participation,v2_exact,Lateral OA,positive,abnormality,greek_script,<no_explicit_rule>,2,2,2,A selected pair may include multiple detectors/propositions.
selected_pair_participation,v2_exact,Lateral OA,positive,chondral_abnormality,french,<no_explicit_rule>,2,2,2,A selected pair may include multiple detectors/propositions.
selected_pair_participation,v2_exact,Lateral OA,positive,chondral_abnormality,turkish,<no_explicit_rule>,2,2,2,A selected pair may include multiple detectors/propositions.
selected_pair_participation,v2_exact,MCL,positive,abnormality,spanish,target_local_association,2,2,2,A selected pair may include multiple detectors/propositions.
selected_pair_participation,v2_exact,MCL,positive,tear,german,target_local_association,2,2,2,A selected pair may include multiple detectors/propositions.
selected_pair_participation,v2_exact,MCL,positive,tear,south_slavic,<no_explicit_rule>,2,2,2,A selected pair may include multiple detectors/propositions.
selected_pair_participation,v2_exact,Medial Meniscus,negative,abnormality_absent,dutch,target_local_association,2,2,2,A selected pair may include multiple detectors/propositions.
selected_pair_participation,v2_exact,Medial Meniscus,positive,abnormality,english,<no_explicit_rule>,2,2,2,A selected pair may include multiple detectors/propositions.
selected_pair_participation,v2_exact,Medial Meniscus,positive,chondral_abnormality,cyrillic_script,<no_explicit_rule>,2,2,2,A selected pair may include multiple detectors/propositions.
selected_pair_participation,v2_exact,Medial Meniscus,positive,degeneration,south_slavic,target_local_association,2,2,2,A selected pair may include multiple detectors/propositions.
selected_pair_participation,v2_exact,Medial Meniscus,positive,extrusion,spanish,target_local_association,2,2,2,A selected pair may include multiple detectors/propositions.
selected_pair_participation,v2_exact,Medial Meniscus,positive,extrusion,turkish,target_local_association,2,2,2,A selected pair may include multiple detectors/propositions.
selected_pair_participation,v2_exact,Medial Meniscus,uncertain,abnormality,english,target_local_association,2,2,2,A selected pair may include multiple detectors/propositions.
selected_pair_participation,v2_exact,Medial OA,positive,chondral_abnormality,dutch,compartment_scope,2,2,2,A selected pair may include multiple detectors/propositions.
selected_pair_participation,v2_exact,Medial OA,positive,chondral_abnormality,turkish,<no_explicit_rule>,2,2,2,A selected pair may include multiple detectors/propositions.
selected_pair_participation,v2_exact,Medial OA,positive,tear,english,<no_explicit_rule>,2,2,2,A selected pair may include multiple detectors/propositions.
selected_pair_participation,v2_exact,PF OA,negative,abnormality_absent,latin_other,<no_explicit_rule>,2,2,2,A selected pair may include multiple detectors/propositions.
selected_pair_participation,v2_exact,PF OA,negative,abnormality_absent,turkish,<no_explicit_rule>,2,2,2,A selected pair may include multiple detectors/propositions.
selected_pair_participation,v2_exact,PF OA,positive,abnormality,south_slavic,<no_explicit_rule>,2,2,2,A selected pair may include multiple detectors/propositions.
selected_pair_participation,v2_exact,PF OA,positive,chondral_abnormality,dutch,<no_explicit_rule>,2,2,2,A selected pair may include multiple detectors/propositions.
selected_pair_participation,v2_exact,PF OA,positive,tear,turkish,<no_explicit_rule>,2,2,2,A selected pair may include multiple detectors/propositions.
selected_pair_participation,v2_exact,Synovitis,negative,abnormality_absent,latin_other,<no_explicit_rule>,2,2,2,A selected pair may include multiple detectors/propositions.
selected_pair_participation,v2_exact,Synovitis,positive,abnormality,latin_other,<no_explicit_rule>,2,2,2,A selected pair may include multiple detectors/propositions.
selected_pair_participation,v2_exact,Synovitis,positive,chondral_abnormality,greek_script,<no_explicit_rule>,2,2,2,A selected pair may include multiple detectors/propositions.
selected_pair_participation,v3_morphology,Contusion,uncertain,bone_contusion,turkish,contusion_tr,2,2,2,A selected pair may include multiple detectors/propositions.
selected_pair_participation,v3_morphology,Fracture,positive,fracture,german,fracture_de,2,2,2,A selected pair may include multiple detectors/propositions.
selected_pair_participation,v3_morphology,Fracture,uncertain,fracture,english|spanish,fracture_en,2,2,2,A selected pair may include multiple detectors/propositions.
selected_pair_participation,v3_target,ACL,negative,abnormality_absent,turkish,target_local_association,2,2,2,A selected pair may include multiple detectors/propositions.
selected_pair_participation,v3_target,ACL,positive,abnormality,spanish,target_local_association,2,2,2,A selected pair may include multiple detectors/propositions.
selected_pair_participation,v3_target,ACL,positive,degeneration,french,target_local_association,2,2,2,A selected pair may include multiple detectors/propositions.
selected_pair_participation,v3_target,ACL,positive,degeneration,german,target_local_association,2,2,2,A selected pair may include multiple detectors/propositions.
selected_pair_participation,v3_target,ACL,positive,sprain,south_slavic,target_local_association,2,2,2,A selected pair may include multiple detectors/propositions.
selected_pair_participation,v3_target,ACL,uncertain,degeneration,english,target_local_association,2,2,2,A selected pair may include multiple detectors/propositions.
selected_pair_participation,v3_target,Lateral Meniscus,negative,abnormality_absent,german,target_local_association,2,2,2,A selected pair may include multiple detectors/propositions.
selected_pair_participation,v3_target,Lateral Meniscus,positive,extrusion,dutch,target_local_association,2,2,2,A selected pair may include multiple detectors/propositions.
selected_pair_participation,v3_target,Lateral Meniscus,positive,extrusion,greek_script,target_local_association,2,2,2,A selected pair may include multiple detectors/propositions.
selected_pair_participation,v3_target,Lateral Meniscus,uncertain,degeneration,english,target_local_association,2,2,2,A selected pair may include multiple detectors/propositions.
selected_pair_participation,v3_target,Lateral Meniscus,uncertain,tear,turkish,target_local_association,2,2,2,A selected pair may include multiple detectors/propositions.
selected_pair_participation,v3_target,Lateral OA,negative,normal_cartilage,dutch,compartment_normality,2,2,2,A selected pair may include multiple detectors/propositions.
selected_pair_participation,v3_target,Lateral OA,positive,chondral_abnormality,turkish,compartment_scope,2,2,2,A selected pair may include multiple detectors/propositions.
selected_pair_participation,v3_target,Lateral OA,positive,degeneration,turkish,compartment_scope,2,2,2,A selected pair may include multiple detectors/propositions.
selected_pair_participation,v3_target,MCL,negative,normal_structure,spanish,target_local_normality,2,2,2,A selected pair may include multiple detectors/propositions.
selected_pair_participation,v3_target,MCL,positive,abnormality,german,target_local_association,2,2,2,A selected pair may include multiple detectors/propositions.
selected_pair_participation,v3_target,MCL,positive,abnormality,spanish,target_local_association,2,2,2,A selected pair may include multiple detectors/propositions.
selected_pair_participation,v3_target,MCL,positive,sprain,latin_other,target_local_association,2,2,2,A selected pair may include multiple detectors/propositions.
selected_pair_participation,v3_target,MCL,positive,tear,german,target_local_association,2,2,2,A selected pair may include multiple detectors/propositions.
selected_pair_participation,v3_target,MCL,uncertain,degeneration,english,target_local_association,2,2,2,A selected pair may include multiple detectors/propositions.
selected_pair_participation,v3_target,MCL,uncertain,sprain,english,target_local_association,2,2,2,A selected pair may include multiple detectors/propositions.
selected_pair_participation,v3_target,Medial Meniscus,negative,abnormality_absent,dutch,target_local_association,2,2,2,A selected pair may include multiple detectors/propositions.
selected_pair_participation,v3_target,Medial Meniscus,positive,abnormality,south_slavic,target_local_association,2,2,2,A selected pair may include multiple detectors/propositions.
selected_pair_participation,v3_target,Medial Meniscus,positive,extrusion,spanish,target_local_association,2,2,2,A selected pair may include multiple detectors/propositions.
selected_pair_participation,v3_target,Medial Meniscus,positive,extrusion,turkish,target_local_association,2,2,2,A selected pair may include multiple detectors/propositions.
selected_pair_participation,v3_target,Medial Meniscus,uncertain,abnormality,dutch,target_local_association,2,2,2,A selected pair may include multiple detectors/propositions.
selected_pair_participation,v3_target,Medial Meniscus,uncertain,abnormality,english,target_local_association,2,2,2,A selected pair may include multiple detectors/propositions.
selected_pair_participation,v3_target,Medial Meniscus,uncertain,abnormality,german,target_local_association,2,2,2,A selected pair may include multiple detectors/propositions.
selected_pair_participation,v3_target,Medial Meniscus,uncertain,degeneration,english,target_local_association,2,2,2,A selected pair may include multiple detectors/propositions.
selected_pair_participation,v3_target,Medial Meniscus,uncertain,degeneration,south_slavic,target_local_association,2,2,2,A selected pair may include multiple detectors/propositions.
selected_pair_participation,v3_target,Medial Meniscus,uncertain,sprain,south_slavic,target_local_association,2,2,2,A selected pair may include multiple detectors/propositions.
selected_pair_participation,v3_target,Medial Meniscus,uncertain,tear,turkish,target_local_association,2,2,2,A selected pair may include multiple detectors/propositions.
selected_pair_participation,v3_target,Medial OA,positive,chondral_abnormality,south_slavic,compartment_scope|tibiofemoral_compartments,2,2,2,A selected pair may include multiple detectors/propositions.
selected_pair_participation,v3_target,Medial OA,uncertain,chondral_abnormality,english,compartment_scope,2,2,2,A selected pair may include multiple detectors/propositions.
selected_pair_participation,v3_target,PF OA,negative,chondral_abnormality_absent,greek_script,compartment_scope,2,2,2,A selected pair may include multiple detectors/propositions.
selected_pair_participation,v3_target,PF OA,negative,normal_cartilage,greek_script,compartment_normality,2,2,2,A selected pair may include multiple detectors/propositions.
selected_pair_participation,v3_target,PF OA,negative,normal_cartilage,latin_other,compartment_normality,2,2,2,A selected pair may include multiple detectors/propositions.
selected_pair_participation,v3_target,PF OA,positive,degeneration,english,compartment_scope,2,2,2,A selected pair may include multiple detectors/propositions.
selected_pair_participation,v3_target,PF OA,uncertain,chondral_abnormality,dutch,compartment_scope,2,2,2,A selected pair may include multiple detectors/propositions.
selected_pair_participation,v2_collective,Lateral Meniscus,negative,abnormality_absent,english,both_menisci_negative_only|target_local_association,1,1,1,A selected pair may include multiple detectors/propositions.
selected_pair_participation,v2_collective,Lateral Meniscus,negative,abnormality_absent,french,both_menisci_negative_only,1,1,1,A selected pair may include multiple detectors/propositions.
selected_pair_participation,v2_collective,Lateral Meniscus,negative,abnormality_absent,spanish,both_menisci,1,1,1,A selected pair may include multiple detectors/propositions.
selected_pair_participation,v2_collective,Lateral Meniscus,positive,degeneration,south_slavic,both_menisci,1,1,1,A selected pair may include multiple detectors/propositions.
selected_pair_participation,v2_collective,Lateral Meniscus,positive,tear,latin_other,both_menisci,1,1,1,A selected pair may include multiple detectors/propositions.
selected_pair_participation,v2_collective,Lateral OA,positive,chondral_abnormality,english,tibiofemoral_compartments,1,1,1,A selected pair may include multiple detectors/propositions.
selected_pair_participation,v2_collective,Lateral OA,positive,tear,english,lateral_and_patellofemoral_compartments,1,1,1,A selected pair may include multiple detectors/propositions.
selected_pair_participation,v2_collective,Medial Meniscus,negative,abnormality_absent,french,both_menisci_negative_only,1,1,1,A selected pair may include multiple detectors/propositions.
selected_pair_participation,v2_collective,Medial Meniscus,positive,degeneration,south_slavic,both_menisci,1,1,1,A selected pair may include multiple detectors/propositions.
selected_pair_participation,v2_collective,Medial Meniscus,positive,sprain,turkish,both_menisci,1,1,1,A selected pair may include multiple detectors/propositions.
selected_pair_participation,v2_collective,Medial Meniscus,positive,tear,latin_other,both_menisci,1,1,1,A selected pair may include multiple detectors/propositions.
selected_pair_participation,v2_collective,Medial Meniscus,positive,tear,spanish,both_menisci,1,1,1,A selected pair may include multiple detectors/propositions.
selected_pair_participation,v2_collective,Medial Meniscus,positive,tear,turkish,both_menisci,1,1,1,A selected pair may include multiple detectors/propositions.
selected_pair_participation,v2_collective,Medial OA,positive,abnormality,greek_script,tibiofemoral_compartments,1,1,1,A selected pair may include multiple detectors/propositions.
selected_pair_participation,v2_collective,Medial OA,positive,chondral_abnormality,greek_script,compartment_scope|tibiofemoral_compartments,1,1,1,A selected pair may include multiple detectors/propositions.
selected_pair_participation,v2_collective,Medial OA,positive,degeneration,english,tibiofemoral_compartments,1,1,1,A selected pair may include multiple detectors/propositions.
selected_pair_participation,v2_collective,PF OA,positive,abnormality,english,tibiofemoral_compartments,1,1,1,A selected pair may include multiple detectors/propositions.
selected_pair_participation,v2_collective,PF OA,positive,abnormality,greek_script,tibiofemoral_compartments,1,1,1,A selected pair may include multiple detectors/propositions.
selected_pair_participation,v2_collective,PF OA,positive,chondral_abnormality,greek_script,compartment_scope|tibiofemoral_compartments,1,1,1,A selected pair may include multiple detectors/propositions.
selected_pair_participation,v2_collective,PF OA,positive,chondral_abnormality,south_slavic,tibiofemoral_compartments,1,1,1,A selected pair may include multiple detectors/propositions.
selected_pair_participation,v2_collective,PF OA,positive,degeneration,english,tibiofemoral_compartments,1,1,1,A selected pair may include multiple detectors/propositions.
selected_pair_participation,v2_collective,PF OA,positive,tear,english,lateral_and_patellofemoral_compartments,1,1,1,A selected pair may include multiple detectors/propositions.
selected_pair_participation,v2_collective,PF OA,positive,tear,greek_script,tibiofemoral_compartments,1,1,1,A selected pair may include multiple detectors/propositions.
selected_pair_participation,v2_exact,ACL,negative,abnormality_absent,dutch,target_local_association,1,1,1,A selected pair may include multiple detectors/propositions.
selected_pair_participation,v2_exact,ACL,positive,abnormality,dutch,<no_explicit_rule>,1,1,1,A selected pair may include multiple detectors/propositions.
selected_pair_participation,v2_exact,ACL,positive,abnormality,spanish,target_local_association,1,1,1,A selected pair may include multiple detectors/propositions.
selected_pair_participation,v2_exact,ACL,positive,abnormality,turkish,target_local_association,1,1,1,A selected pair may include multiple detectors/propositions.
selected_pair_participation,v2_exact,ACL,positive,avulsion,latin_other,<no_explicit_rule>,1,1,1,A selected pair may include multiple detectors/propositions.
selected_pair_participation,v2_exact,ACL,positive,degeneration,german,target_local_association,1,1,1,A selected pair may include multiple detectors/propositions.
selected_pair_participation,v2_exact,ACL,positive,sprain,dutch,target_local_association,1,1,1,A selected pair may include multiple detectors/propositions.
selected_pair_participation,v2_exact,ACL,positive,sprain,english,<no_explicit_rule>,1,1,1,A selected pair may include multiple detectors/propositions.
selected_pair_participation,v2_exact,ACL,positive,tear,german,target_local_association,1,1,1,A selected pair may include multiple detectors/propositions.
selected_pair_participation,v2_exact,ACL,uncertain,abnormality,dutch,target_local_association,1,1,1,A selected pair may include multiple detectors/propositions.
selected_pair_participation,v2_exact,ACL,uncertain,abnormality,french,target_local_association,1,1,1,A selected pair may include multiple detectors/propositions.
selected_pair_participation,v2_exact,ACL,uncertain,degeneration,south_slavic,target_local_association,1,1,1,A selected pair may include multiple detectors/propositions.
selected_pair_participation,v2_exact,Baker's,positive,abnormality,latin_other,<no_explicit_rule>,1,1,1,A selected pair may include multiple detectors/propositions.
selected_pair_participation,v2_exact,Baker's,positive,chondral_abnormality,dutch,<no_explicit_rule>,1,1,1,A selected pair may include multiple detectors/propositions.
selected_pair_participation,v2_exact,Baker's,positive,chondral_abnormality,french,<no_explicit_rule>,1,1,1,A selected pair may include multiple detectors/propositions.
selected_pair_participation,v2_exact,Baker's,positive,chondral_abnormality,german,<no_explicit_rule>,1,1,1,A selected pair may include multiple detectors/propositions.
selected_pair_participation,v2_exact,Baker's,positive,chondral_abnormality,greek_script,<no_explicit_rule>,1,1,1,A selected pair may include multiple detectors/propositions.
selected_pair_participation,v2_exact,Baker's,positive,chondral_abnormality,south_slavic,<no_explicit_rule>,1,1,1,A selected pair may include multiple detectors/propositions.
selected_pair_participation,v2_exact,Baker's,positive,degeneration,greek_script,<no_explicit_rule>,1,1,1,A selected pair may include multiple detectors/propositions.
selected_pair_participation,v2_exact,Baker's,positive,tear,latin_other,<no_explicit_rule>,1,1,1,A selected pair may include multiple detectors/propositions.
selected_pair_participation,v2_exact,Baker's,positive,tear,south_slavic,<no_explicit_rule>,1,1,1,A selected pair may include multiple detectors/propositions.
selected_pair_participation,v2_exact,Baker's,uncertain,abnormality,french,<no_explicit_rule>,1,1,1,A selected pair may include multiple detectors/propositions.
selected_pair_participation,v2_exact,Baker's,uncertain,tear,english,<no_explicit_rule>,1,1,1,A selected pair may include multiple detectors/propositions.
selected_pair_participation,v2_exact,Contusion,negative,abnormality_absent,french,<no_explicit_rule>,1,1,1,A selected pair may include multiple detectors/propositions.
selected_pair_participation,v2_exact,Contusion,positive,chondral_abnormality,dutch,<no_explicit_rule>,1,1,1,A selected pair may include multiple detectors/propositions.
selected_pair_participation,v2_exact,Contusion,positive,chondral_abnormality,turkish,<no_explicit_rule>,1,1,1,A selected pair may include multiple detectors/propositions.
selected_pair_participation,v2_exact,Contusion,positive,degeneration,french,<no_explicit_rule>,1,1,1,A selected pair may include multiple detectors/propositions.
selected_pair_participation,v2_exact,Contusion,positive,fracture,french,<no_explicit_rule>,1,1,1,A selected pair may include multiple detectors/propositions.
selected_pair_participation,v2_exact,Contusion,positive,sprain,spanish,<no_explicit_rule>,1,1,1,A selected pair may include multiple detectors/propositions.
selected_pair_participation,v2_exact,Contusion,positive,tear,english,<no_explicit_rule>,1,1,1,A selected pair may include multiple detectors/propositions.
selected_pair_participation,v2_exact,Contusion,positive,tear,german,<no_explicit_rule>,1,1,1,A selected pair may include multiple detectors/propositions.
selected_pair_participation,v2_exact,Contusion,positive,tear,spanish,<no_explicit_rule>,1,1,1,A selected pair may include multiple detectors/propositions.
selected_pair_participation,v2_exact,Effusion,positive,chondral_abnormality,french,<no_explicit_rule>,1,1,1,A selected pair may include multiple detectors/propositions.
selected_pair_participation,v2_exact,Effusion,positive,degeneration,greek_script,<no_explicit_rule>,1,1,1,A selected pair may include multiple detectors/propositions.
selected_pair_participation,v2_exact,Effusion,positive,degeneration,turkish,<no_explicit_rule>,1,1,1,A selected pair may include multiple detectors/propositions.
selected_pair_participation,v2_exact,Effusion,positive,extrusion,south_slavic,<no_explicit_rule>,1,1,1,A selected pair may include multiple detectors/propositions.
selected_pair_participation,v2_exact,Effusion,positive,fracture,south_slavic,<no_explicit_rule>,1,1,1,A selected pair may include multiple detectors/propositions.
selected_pair_participation,v2_exact,Effusion,positive,tear,spanish,<no_explicit_rule>,1,1,1,A selected pair may include multiple detectors/propositions.
selected_pair_participation,v2_exact,Effusion,uncertain,chondral_abnormality,dutch,<no_explicit_rule>,1,1,1,A selected pair may include multiple detectors/propositions.
selected_pair_participation,v2_exact,Effusion,uncertain,fracture,english,<no_explicit_rule>,1,1,1,A selected pair may include multiple detectors/propositions.
selected_pair_participation,v2_exact,Fracture,positive,abnormality,dutch,<no_explicit_rule>,1,1,1,A selected pair may include multiple detectors/propositions.
selected_pair_participation,v2_exact,Fracture,positive,fracture,cyrillic_script|english,fracture_en,1,1,1,A selected pair may include multiple detectors/propositions.
selected_pair_participation,v2_exact,Fracture,positive,fracture,english|greek_script,fracture_el|fracture_en,1,1,1,A selected pair may include multiple detectors/propositions.
selected_pair_participation,v2_exact,Fracture,positive,fracture,english|latin_other,fracture_en,1,1,1,A selected pair may include multiple detectors/propositions.
selected_pair_participation,v2_exact,Fracture,positive,fracture,german,fracture_de,1,1,1,A selected pair may include multiple detectors/propositions.
selected_pair_participation,v2_exact,Fracture,uncertain,chondral_abnormality,dutch,<no_explicit_rule>,1,1,1,A selected pair may include multiple detectors/propositions.
selected_pair_participation,v2_exact,Fracture,uncertain,fracture,english|french,fracture_en|fracture_fr,1,1,1,A selected pair may include multiple detectors/propositions.
selected_pair_participation,v2_exact,Lateral Meniscus,negative,abnormality_absent,cyrillic_script,target_local_association,1,1,1,A selected pair may include multiple detectors/propositions.
selected_pair_participation,v2_exact,Lateral Meniscus,positive,avulsion,english,target_local_association,1,1,1,A selected pair may include multiple detectors/propositions.
selected_pair_participation,v2_exact,Lateral Meniscus,positive,chondral_abnormality,cyrillic_script,<no_explicit_rule>,1,1,1,A selected pair may include multiple detectors/propositions.
selected_pair_participation,v2_exact,Lateral Meniscus,positive,degeneration,cyrillic_script,<no_explicit_rule>,1,1,1,A selected pair may include multiple detectors/propositions.
selected_pair_participation,v2_exact,Lateral Meniscus,positive,degeneration,greek_script,<no_explicit_rule>,1,1,1,A selected pair may include multiple detectors/propositions.
selected_pair_participation,v2_exact,Lateral Meniscus,positive,extrusion,greek_script,target_local_association,1,1,1,A selected pair may include multiple detectors/propositions.
selected_pair_participation,v2_exact,Lateral Meniscus,positive,sprain,turkish,<no_explicit_rule>,1,1,1,A selected pair may include multiple detectors/propositions.
selected_pair_participation,v2_exact,Lateral Meniscus,positive,tear,dutch,target_local_association,1,1,1,A selected pair may include multiple detectors/propositions.
selected_pair_participation,v2_exact,Lateral Meniscus,positive,tear,german,<no_explicit_rule>,1,1,1,A selected pair may include multiple detectors/propositions.
selected_pair_participation,v2_exact,Lateral Meniscus,uncertain,abnormality,dutch,target_local_association,1,1,1,A selected pair may include multiple detectors/propositions.
selected_pair_participation,v2_exact,Lateral Meniscus,uncertain,abnormality,german,target_local_association,1,1,1,A selected pair may include multiple detectors/propositions.
selected_pair_participation,v2_exact,Lateral Meniscus,uncertain,degeneration,dutch,target_local_association,1,1,1,A selected pair may include multiple detectors/propositions.
selected_pair_participation,v2_exact,Lateral Meniscus,uncertain,tear,turkish,target_local_association,1,1,1,A selected pair may include multiple detectors/propositions.
selected_pair_participation,v2_exact,Lateral OA,positive,abnormality,english,tibiofemoral_compartments,1,1,1,A selected pair may include multiple detectors/propositions.
selected_pair_participation,v2_exact,Lateral OA,positive,abnormality,german,<no_explicit_rule>,1,1,1,A selected pair may include multiple detectors/propositions.
selected_pair_participation,v2_exact,Lateral OA,positive,chondral_abnormality,cyrillic_script,compartment_scope,1,1,1,A selected pair may include multiple detectors/propositions.
selected_pair_participation,v2_exact,Lateral OA,positive,chondral_abnormality,dutch,<no_explicit_rule>,1,1,1,A selected pair may include multiple detectors/propositions.
selected_pair_participation,v2_exact,Lateral OA,positive,chondral_abnormality,english,compartment_scope|lateral_and_patellofemoral_compartments,1,1,1,A selected pair may include multiple detectors/propositions.
selected_pair_participation,v2_exact,Lateral OA,positive,chondral_abnormality,latin_other,<no_explicit_rule>,1,1,1,A selected pair may include multiple detectors/propositions.
selected_pair_participation,v2_exact,Lateral OA,positive,chondral_abnormality,latin_other,compartment_scope,1,1,1,A selected pair may include multiple detectors/propositions.
selected_pair_participation,v2_exact,Lateral OA,positive,chondral_abnormality,south_slavic,<no_explicit_rule>,1,1,1,A selected pair may include multiple detectors/propositions.
selected_pair_participation,v2_exact,Lateral OA,positive,chondral_abnormality,spanish,<no_explicit_rule>,1,1,1,A selected pair may include multiple detectors/propositions.
selected_pair_participation,v2_exact,Lateral OA,positive,degeneration,dutch,<no_explicit_rule>,1,1,1,A selected pair may include multiple detectors/propositions.
selected_pair_participation,v2_exact,Lateral OA,positive,degeneration,south_slavic,<no_explicit_rule>,1,1,1,A selected pair may include multiple detectors/propositions.
selected_pair_participation,v2_exact,Lateral OA,positive,degeneration,turkish,compartment_scope,1,1,1,A selected pair may include multiple detectors/propositions.
selected_pair_participation,v2_exact,Lateral OA,positive,tear,english,<no_explicit_rule>,1,1,1,A selected pair may include multiple detectors/propositions.
selected_pair_participation,v2_exact,Lateral OA,positive,tear,turkish,<no_explicit_rule>,1,1,1,A selected pair may include multiple detectors/propositions.
selected_pair_participation,v2_exact,Lateral OA,uncertain,chondral_abnormality,english,compartment_scope,1,1,1,A selected pair may include multiple detectors/propositions.
selected_pair_participation,v2_exact,MCL,negative,abnormality_absent,dutch,target_local_association,1,1,1,A selected pair may include multiple detectors/propositions.
selected_pair_participation,v2_exact,MCL,negative,abnormality_absent,greek_script,<no_explicit_rule>,1,1,1,A selected pair may include multiple detectors/propositions.
selected_pair_participation,v2_exact,MCL,negative,abnormality_absent,spanish,<no_explicit_rule>,1,1,1,A selected pair may include multiple detectors/propositions.
selected_pair_participation,v2_exact,MCL,negative,abnormality_absent,turkish,target_local_association,1,1,1,A selected pair may include multiple detectors/propositions.
selected_pair_participation,v2_exact,MCL,positive,abnormality,dutch,<no_explicit_rule>,1,1,1,A selected pair may include multiple detectors/propositions.
selected_pair_participation,v2_exact,MCL,positive,abnormality,german,<no_explicit_rule>,1,1,1,A selected pair may include multiple detectors/propositions.
selected_pair_participation,v2_exact,MCL,positive,abnormality,german,target_local_association,1,1,1,A selected pair may include multiple detectors/propositions.
selected_pair_participation,v2_exact,MCL,positive,abnormality,latin_other,target_local_association,1,1,1,A selected pair may include multiple detectors/propositions.
selected_pair_participation,v2_exact,MCL,positive,avulsion,french,target_local_association,1,1,1,A selected pair may include multiple detectors/propositions.
selected_pair_participation,v2_exact,MCL,positive,degeneration,turkish,target_local_association,1,1,1,A selected pair may include multiple detectors/propositions.
selected_pair_participation,v2_exact,MCL,positive,fracture,turkish,<no_explicit_rule>,1,1,1,A selected pair may include multiple detectors/propositions.
selected_pair_participation,v2_exact,MCL,positive,sprain,latin_other,target_local_association,1,1,1,A selected pair may include multiple detectors/propositions.
selected_pair_participation,v2_exact,MCL,positive,sprain,south_slavic,<no_explicit_rule>,1,1,1,A selected pair may include multiple detectors/propositions.
selected_pair_participation,v2_exact,MCL,positive,sprain,spanish,target_local_association,1,1,1,A selected pair may include multiple detectors/propositions.
selected_pair_participation,v2_exact,MCL,positive,sprain,turkish,<no_explicit_rule>,1,1,1,A selected pair may include multiple detectors/propositions.
selected_pair_participation,v2_exact,MCL,positive,tear,german,<no_explicit_rule>,1,1,1,A selected pair may include multiple detectors/propositions.
selected_pair_participation,v2_exact,MCL,positive,tear,latin_other,target_local_association,1,1,1,A selected pair may include multiple detectors/propositions.
selected_pair_participation,v2_exact,MCL,positive,tear,turkish,<no_explicit_rule>,1,1,1,A selected pair may include multiple detectors/propositions.
selected_pair_participation,v2_exact,MCL,uncertain,avulsion,english,target_local_association,1,1,1,A selected pair may include multiple detectors/propositions.
selected_pair_participation,v2_exact,MCL,uncertain,degeneration,english,target_local_association,1,1,1,A selected pair may include multiple detectors/propositions.
selected_pair_participation,v2_exact,MCL,uncertain,sprain,english,target_local_association,1,1,1,A selected pair may include multiple detectors/propositions.
selected_pair_participation,v2_exact,MCL,uncertain,tear,south_slavic,target_local_association,1,1,1,A selected pair may include multiple detectors/propositions.
selected_pair_participation,v2_exact,Medial Meniscus,negative,abnormality_absent,german,target_local_association,1,1,1,A selected pair may include multiple detectors/propositions.
selected_pair_participation,v2_exact,Medial Meniscus,negative,abnormality_absent,latin_other,target_local_association,1,1,1,A selected pair may include multiple detectors/propositions.
selected_pair_participation,v2_exact,Medial Meniscus,positive,abnormality,dutch,<no_explicit_rule>,1,1,1,A selected pair may include multiple detectors/propositions.
selected_pair_participation,v2_exact,Medial Meniscus,positive,abnormality,turkish,<no_explicit_rule>,1,1,1,A selected pair may include multiple detectors/propositions.
selected_pair_participation,v2_exact,Medial Meniscus,positive,chondral_abnormality,dutch,<no_explicit_rule>,1,1,1,A selected pair may include multiple detectors/propositions.
selected_pair_participation,v2_exact,Medial Meniscus,positive,sprain,dutch,<no_explicit_rule>,1,1,1,A selected pair may include multiple detectors/propositions.
selected_pair_participation,v2_exact,Medial Meniscus,uncertain,abnormality,french,target_local_association,1,1,1,A selected pair may include multiple detectors/propositions.
selected_pair_participation,v2_exact,Medial Meniscus,uncertain,abnormality,german,target_local_association,1,1,1,A selected pair may include multiple detectors/propositions.
selected_pair_participation,v2_exact,Medial Meniscus,uncertain,abnormality,south_slavic,target_local_association,1,1,1,A selected pair may include multiple detectors/propositions.
selected_pair_participation,v2_exact,Medial Meniscus,uncertain,abnormality,turkish,target_local_association,1,1,1,A selected pair may include multiple detectors/propositions.
selected_pair_participation,v2_exact,Medial Meniscus,uncertain,chondral_abnormality,dutch,<no_explicit_rule>,1,1,1,A selected pair may include multiple detectors/propositions.
selected_pair_participation,v2_exact,Medial Meniscus,uncertain,tear,turkish,target_local_association,1,1,1,A selected pair may include multiple detectors/propositions.
selected_pair_participation,v2_exact,Medial OA,negative,abnormality_absent,cyrillic_script,<no_explicit_rule>,1,1,1,A selected pair may include multiple detectors/propositions.
selected_pair_participation,v2_exact,Medial OA,negative,abnormality_absent,greek_script,<no_explicit_rule>,1,1,1,A selected pair may include multiple detectors/propositions.
selected_pair_participation,v2_exact,Medial OA,positive,abnormality,south_slavic,<no_explicit_rule>,1,1,1,A selected pair may include multiple detectors/propositions.
selected_pair_participation,v2_exact,Medial OA,positive,chondral_abnormality,dutch,<no_explicit_rule>,1,1,1,A selected pair may include multiple detectors/propositions.
selected_pair_participation,v2_exact,Medial OA,positive,chondral_abnormality,french,<no_explicit_rule>,1,1,1,A selected pair may include multiple detectors/propositions.
selected_pair_participation,v2_exact,Medial OA,positive,chondral_abnormality,latin_other,<no_explicit_rule>,1,1,1,A selected pair may include multiple detectors/propositions.
selected_pair_participation,v2_exact,Medial OA,positive,chondral_abnormality,latin_other,compartment_scope,1,1,1,A selected pair may include multiple detectors/propositions.
selected_pair_participation,v2_exact,Medial OA,positive,degeneration,dutch,<no_explicit_rule>,1,1,1,A selected pair may include multiple detectors/propositions.
selected_pair_participation,v2_exact,Medial OA,positive,degeneration,german,<no_explicit_rule>,1,1,1,A selected pair may include multiple detectors/propositions.
selected_pair_participation,v2_exact,Medial OA,positive,fracture,english,<no_explicit_rule>,1,1,1,A selected pair may include multiple detectors/propositions.
selected_pair_participation,v2_exact,Medial OA,positive,tear,turkish,<no_explicit_rule>,1,1,1,A selected pair may include multiple detectors/propositions.
selected_pair_participation,v2_exact,PF OA,negative,abnormality_absent,french,<no_explicit_rule>,1,1,1,A selected pair may include multiple detectors/propositions.
selected_pair_participation,v2_exact,PF OA,negative,abnormality_absent,greek_script,<no_explicit_rule>,1,1,1,A selected pair may include multiple detectors/propositions.
selected_pair_participation,v2_exact,PF OA,positive,abnormality,turkish,<no_explicit_rule>,1,1,1,A selected pair may include multiple detectors/propositions.
selected_pair_participation,v2_exact,PF OA,positive,degeneration,dutch,<no_explicit_rule>,1,1,1,A selected pair may include multiple detectors/propositions.
selected_pair_participation,v2_exact,PF OA,positive,degeneration,french,<no_explicit_rule>,1,1,1,A selected pair may include multiple detectors/propositions.
selected_pair_participation,v2_exact,PF OA,positive,fracture,english,<no_explicit_rule>,1,1,1,A selected pair may include multiple detectors/propositions.
selected_pair_participation,v2_exact,PF OA,positive,tear,english,<no_explicit_rule>,1,1,1,A selected pair may include multiple detectors/propositions.
selected_pair_participation,v2_exact,Synovitis,positive,abnormality,cyrillic_script,<no_explicit_rule>,1,1,1,A selected pair may include multiple detectors/propositions.
selected_pair_participation,v2_exact,Synovitis,positive,chondral_abnormality,cyrillic_script,<no_explicit_rule>,1,1,1,A selected pair may include multiple detectors/propositions.
selected_pair_participation,v2_exact,Synovitis,positive,chondral_abnormality,dutch,<no_explicit_rule>,1,1,1,A selected pair may include multiple detectors/propositions.
selected_pair_participation,v2_exact,Synovitis,positive,degeneration,dutch,<no_explicit_rule>,1,1,1,A selected pair may include multiple detectors/propositions.
selected_pair_participation,v2_exact,Synovitis,positive,fracture,turkish,<no_explicit_rule>,1,1,1,A selected pair may include multiple detectors/propositions.
selected_pair_participation,v2_exact,Synovitis,positive,sprain,dutch,<no_explicit_rule>,1,1,1,A selected pair may include multiple detectors/propositions.
selected_pair_participation,v2_exact,Synovitis,uncertain,fracture,english,<no_explicit_rule>,1,1,1,A selected pair may include multiple detectors/propositions.
selected_pair_participation,v3_morphology,Baker's,negative,baker_cyst_absent,dutch|english,baker_nl|baker_variants,1,1,1,A selected pair may include multiple detectors/propositions.
selected_pair_participation,v3_morphology,Baker's,uncertain,baker_cyst,english|south_slavic,baker_sl|baker_variants,1,1,1,A selected pair may include multiple detectors/propositions.
selected_pair_participation,v3_morphology,Contusion,negative,bone_contusion_absent,greek_script,contusion_el,1,1,1,A selected pair may include multiple detectors/propositions.
selected_pair_participation,v3_morphology,Contusion,uncertain,bone_contusion,south_slavic,contusion_sl,1,1,1,A selected pair may include multiple detectors/propositions.
selected_pair_participation,v3_morphology,Effusion,positive,tear,turkish,effusion_tr_root,1,1,1,A selected pair may include multiple detectors/propositions.
selected_pair_participation,v3_morphology,Fracture,positive,fracture,cyrillic_script|english,fracture_en,1,1,1,A selected pair may include multiple detectors/propositions.
selected_pair_participation,v3_morphology,Fracture,positive,fracture,english|greek_script,fracture_el|fracture_en,1,1,1,A selected pair may include multiple detectors/propositions.
selected_pair_participation,v3_morphology,Fracture,positive,fracture,english|latin_other,fracture_en,1,1,1,A selected pair may include multiple detectors/propositions.
selected_pair_participation,v3_morphology,Fracture,uncertain,fracture,english|french,fracture_en|fracture_fr,1,1,1,A selected pair may include multiple detectors/propositions.
selected_pair_participation,v3_morphology,Synovitis,negative,synovitis_absent,german,synovitis_de,1,1,1,A selected pair may include multiple detectors/propositions.
selected_pair_participation,v3_morphology,Synovitis,uncertain,synovitis,german,synovitis_de,1,1,1,A selected pair may include multiple detectors/propositions.
selected_pair_participation,v3_target,ACL,negative,abnormality_absent,dutch,target_local_association,1,1,1,A selected pair may include multiple detectors/propositions.
selected_pair_participation,v3_target,ACL,positive,avulsion,french,target_local_association,1,1,1,A selected pair may include multiple detectors/propositions.
selected_pair_participation,v3_target,ACL,positive,degeneration,latin_other,target_local_association,1,1,1,A selected pair may include multiple detectors/propositions.
selected_pair_participation,v3_target,ACL,positive,sprain,dutch,target_local_association,1,1,1,A selected pair may include multiple detectors/propositions.
selected_pair_participation,v3_target,ACL,positive,sprain,greek_script,target_local_association,1,1,1,A selected pair may include multiple detectors/propositions.
selected_pair_participation,v3_target,ACL,positive,tear,german,target_local_association,1,1,1,A selected pair may include multiple detectors/propositions.
selected_pair_participation,v3_target,ACL,uncertain,abnormality,dutch,target_local_association,1,1,1,A selected pair may include multiple detectors/propositions.
selected_pair_participation,v3_target,ACL,uncertain,abnormality,french,target_local_association,1,1,1,A selected pair may include multiple detectors/propositions.
selected_pair_participation,v3_target,ACL,uncertain,degeneration,turkish,target_local_association,1,1,1,A selected pair may include multiple detectors/propositions.
selected_pair_participation,v3_target,ACL,uncertain,tear,spanish,target_local_association,1,1,1,A selected pair may include multiple detectors/propositions.
selected_pair_participation,v3_target,ACL,uncertain,tear,turkish,target_local_association,1,1,1,A selected pair may include multiple detectors/propositions.
selected_pair_participation,v3_target,Lateral Meniscus,negative,abnormality_absent,cyrillic_script,target_local_association,1,1,1,A selected pair may include multiple detectors/propositions.
selected_pair_participation,v3_target,Lateral Meniscus,negative,abnormality_absent,english,both_menisci_negative_only|target_local_association,1,1,1,A selected pair may include multiple detectors/propositions.
selected_pair_participation,v3_target,Lateral Meniscus,positive,avulsion,english,target_local_association,1,1,1,A selected pair may include multiple detectors/propositions.
selected_pair_participation,v3_target,Lateral Meniscus,positive,tear,dutch,target_local_association,1,1,1,A selected pair may include multiple detectors/propositions.
selected_pair_participation,v3_target,Lateral Meniscus,positive,tear,latin_other,target_local_association,1,1,1,A selected pair may include multiple detectors/propositions.
selected_pair_participation,v3_target,Lateral Meniscus,uncertain,abnormality,dutch,target_local_association,1,1,1,A selected pair may include multiple detectors/propositions.
selected_pair_participation,v3_target,Lateral Meniscus,uncertain,abnormality,german,target_local_association,1,1,1,A selected pair may include multiple detectors/propositions.
selected_pair_participation,v3_target,Lateral Meniscus,uncertain,degeneration,dutch,target_local_association,1,1,1,A selected pair may include multiple detectors/propositions.
selected_pair_participation,v3_target,Lateral Meniscus,uncertain,degeneration,south_slavic,target_local_association,1,1,1,A selected pair may include multiple detectors/propositions.
selected_pair_participation,v3_target,Lateral OA,negative,normal_cartilage,south_slavic,compartment_normality,1,1,1,A selected pair may include multiple detectors/propositions.
selected_pair_participation,v3_target,Lateral OA,positive,chondral_abnormality,cyrillic_script,compartment_scope,1,1,1,A selected pair may include multiple detectors/propositions.
selected_pair_participation,v3_target,Lateral OA,positive,chondral_abnormality,latin_other,compartment_scope,1,1,1,A selected pair may include multiple detectors/propositions.
selected_pair_participation,v3_target,Lateral OA,positive,tear,english,compartment_scope,1,1,1,A selected pair may include multiple detectors/propositions.
selected_pair_participation,v3_target,Lateral OA,uncertain,chondral_abnormality,english,compartment_scope,1,1,1,A selected pair may include multiple detectors/propositions.
selected_pair_participation,v3_target,MCL,negative,abnormality_absent,dutch,target_local_association,1,1,1,A selected pair may include multiple detectors/propositions.
selected_pair_participation,v3_target,MCL,negative,abnormality_absent,turkish,target_local_association,1,1,1,A selected pair may include multiple detectors/propositions.
selected_pair_participation,v3_target,MCL,positive,abnormality,latin_other,target_local_association,1,1,1,A selected pair may include multiple detectors/propositions.
selected_pair_participation,v3_target,MCL,positive,avulsion,french,target_local_association,1,1,1,A selected pair may include multiple detectors/propositions.
selected_pair_participation,v3_target,MCL,positive,degeneration,turkish,target_local_association,1,1,1,A selected pair may include multiple detectors/propositions.
selected_pair_participation,v3_target,MCL,positive,tear,latin_other,target_local_association,1,1,1,A selected pair may include multiple detectors/propositions.
selected_pair_participation,v3_target,MCL,uncertain,avulsion,english,target_local_association,1,1,1,A selected pair may include multiple detectors/propositions.
selected_pair_participation,v3_target,MCL,uncertain,sprain,south_slavic,target_local_association,1,1,1,A selected pair may include multiple detectors/propositions.
selected_pair_participation,v3_target,MCL,uncertain,sprain,spanish,target_local_association,1,1,1,A selected pair may include multiple detectors/propositions.
selected_pair_participation,v3_target,MCL,uncertain,tear,german,target_local_association,1,1,1,A selected pair may include multiple detectors/propositions.
selected_pair_participation,v3_target,MCL,uncertain,tear,south_slavic,target_local_association,1,1,1,A selected pair may include multiple detectors/propositions.
selected_pair_participation,v3_target,Medial Meniscus,negative,abnormality_absent,german,target_local_association,1,1,1,A selected pair may include multiple detectors/propositions.
selected_pair_participation,v3_target,Medial Meniscus,negative,abnormality_absent,latin_other,target_local_association,1,1,1,A selected pair may include multiple detectors/propositions.
selected_pair_participation,v3_target,Medial Meniscus,positive,abnormality,greek_script,target_local_association,1,1,1,A selected pair may include multiple detectors/propositions.
selected_pair_participation,v3_target,Medial Meniscus,positive,degeneration,latin_other,target_local_association,1,1,1,A selected pair may include multiple detectors/propositions.
selected_pair_participation,v3_target,Medial Meniscus,positive,sprain,latin_other,target_local_association,1,1,1,A selected pair may include multiple detectors/propositions.
selected_pair_participation,v3_target,Medial Meniscus,positive,sprain,south_slavic,target_local_association,1,1,1,A selected pair may include multiple detectors/propositions.
selected_pair_participation,v3_target,Medial Meniscus,positive,tear,latin_other,target_local_association,1,1,1,A selected pair may include multiple detectors/propositions.
selected_pair_participation,v3_target,Medial Meniscus,uncertain,abnormality,french,target_local_association,1,1,1,A selected pair may include multiple detectors/propositions.
selected_pair_participation,v3_target,Medial Meniscus,uncertain,abnormality,south_slavic,target_local_association,1,1,1,A selected pair may include multiple detectors/propositions.
selected_pair_participation,v3_target,Medial Meniscus,uncertain,abnormality,turkish,target_local_association,1,1,1,A selected pair may include multiple detectors/propositions.
selected_pair_participation,v3_target,Medial Meniscus,uncertain,extrusion,german,target_local_association,1,1,1,A selected pair may include multiple detectors/propositions.
selected_pair_participation,v3_target,Medial OA,negative,chondral_abnormality_absent,greek_script,compartment_scope,1,1,1,A selected pair may include multiple detectors/propositions.
selected_pair_participation,v3_target,Medial OA,negative,normal_cartilage,cyrillic_script,compartment_normality,1,1,1,A selected pair may include multiple detectors/propositions.
selected_pair_participation,v3_target,Medial OA,negative,normal_cartilage,south_slavic,compartment_normality,1,1,1,A selected pair may include multiple detectors/propositions.
selected_pair_participation,v3_target,Medial OA,positive,chondral_abnormality,greek_script,compartment_scope|tibiofemoral_compartments,1,1,1,A selected pair may include multiple detectors/propositions.
selected_pair_participation,v3_target,Medial OA,positive,chondral_abnormality,latin_other,compartment_scope,1,1,1,A selected pair may include multiple detectors/propositions.
selected_pair_participation,v3_target,Medial OA,uncertain,chondral_abnormality,dutch,compartment_scope,1,1,1,A selected pair may include multiple detectors/propositions.
selected_pair_participation,v3_target,PF OA,negative,chondral_abnormality_absent,cyrillic_script,compartment_scope,1,1,1,A selected pair may include multiple detectors/propositions.
selected_pair_participation,v3_target,PF OA,negative,chondral_abnormality_absent,french,compartment_scope,1,1,1,A selected pair may include multiple detectors/propositions.
selected_pair_participation,v3_target,PF OA,negative,chondral_abnormality_absent,south_slavic,compartment_scope,1,1,1,A selected pair may include multiple detectors/propositions.
selected_pair_participation,v3_target,PF OA,negative,normal_cartilage,french,compartment_normality,1,1,1,A selected pair may include multiple detectors/propositions.
selected_pair_participation,v3_target,PF OA,positive,chondral_abnormality,greek_script,compartment_scope|tibiofemoral_compartments,1,1,1,A selected pair may include multiple detectors/propositions.
selected_winning_pair_participation,v2_exact,__all__,__all__,__all__,__all__,__all__,17704,4175,17704,Overall detector participation; pairs may participate in multiple detectors.
selected_winning_pair_participation,v3_target,__all__,__all__,__all__,__all__,__all__,13285,3925,13285,Overall detector participation; pairs may participate in multiple detectors.
selected_winning_pair_participation,v3_morphology,__all__,__all__,__all__,__all__,__all__,4924,2833,4924,Overall detector participation; pairs may participate in multiple detectors.
selected_winning_pair_participation,v2_collective,__all__,__all__,__all__,__all__,__all__,3768,1783,3768,Overall detector participation; pairs may participate in multiple detectors.
selected_winning_pair_participation,v3_morphology,Effusion,positive,joint_effusion,english,effusion_en_plural,981,981,981,A selected pair may include multiple detectors/propositions.
selected_winning_pair_participation,v3_target,MCL,negative,normal_structure,english,target_local_normality,912,912,912,A selected pair may include multiple detectors/propositions.
selected_winning_pair_participation,v3_target,Lateral Meniscus,negative,normal_structure,english,target_local_normality,758,758,758,A selected pair may include multiple detectors/propositions.
selected_winning_pair_participation,v3_target,ACL,negative,normal_structure,english,target_local_normality,746,746,746,A selected pair may include multiple detectors/propositions.
selected_winning_pair_participation,v2_exact,ACL,negative,abnormality_absent,english,<no_explicit_rule>,729,729,729,A selected pair may include multiple detectors/propositions.
selected_winning_pair_participation,v2_exact,Effusion,positive,abnormality,english,<no_explicit_rule>,673,673,673,A selected pair may include multiple detectors/propositions.
selected_winning_pair_participation,v3_target,Medial Meniscus,positive,tear,english,target_local_association,612,612,612,A selected pair may include multiple detectors/propositions.
selected_winning_pair_participation,v2_exact,Medial Meniscus,positive,tear,english,target_local_association,608,608,608,A selected pair may include multiple detectors/propositions.
selected_winning_pair_participation,v2_exact,Lateral Meniscus,negative,abnormality_absent,english,<no_explicit_rule>,593,593,593,A selected pair may include multiple detectors/propositions.
selected_winning_pair_participation,v2_exact,MCL,negative,abnormality_absent,english,<no_explicit_rule>,590,590,590,A selected pair may include multiple detectors/propositions.
selected_winning_pair_participation,v3_morphology,Baker's,positive,baker_cyst,english,baker_variants,524,524,524,A selected pair may include multiple detectors/propositions.
selected_winning_pair_participation,v3_target,PF OA,positive,chondral_abnormality,english,compartment_scope,492,492,492,A selected pair may include multiple detectors/propositions.
selected_winning_pair_participation,v3_morphology,Fracture,negative,fracture_absent,english,fracture_en,487,487,487,A selected pair may include multiple detectors/propositions.
selected_winning_pair_participation,v2_exact,Fracture,negative,abnormality_absent,english,<no_explicit_rule>,457,457,457,A selected pair may include multiple detectors/propositions.
selected_winning_pair_participation,v3_morphology,Contusion,negative,bone_contusion_absent,english,contusion_en,447,447,447,A selected pair may include multiple detectors/propositions.
selected_winning_pair_participation,v2_exact,Lateral OA,negative,abnormality_absent,english,<no_explicit_rule>,427,427,427,A selected pair may include multiple detectors/propositions.
selected_winning_pair_participation,v3_morphology,Effusion,negative,joint_effusion_absent,english,effusion_en_plural,415,415,415,A selected pair may include multiple detectors/propositions.
selected_winning_pair_participation,v2_exact,Contusion,negative,abnormality_absent,english,<no_explicit_rule>,403,403,403,A selected pair may include multiple detectors/propositions.
selected_winning_pair_participation,v2_exact,Effusion,negative,abnormality_absent,english,<no_explicit_rule>,378,378,378,A selected pair may include multiple detectors/propositions.
selected_winning_pair_participation,v2_exact,PF OA,positive,chondral_abnormality,english,compartment_scope,366,366,366,A selected pair may include multiple detectors/propositions.
selected_winning_pair_participation,v2_exact,PF OA,negative,abnormality_absent,english,<no_explicit_rule>,365,365,365,A selected pair may include multiple detectors/propositions.
selected_winning_pair_participation,v2_exact,Medial OA,negative,abnormality_absent,english,<no_explicit_rule>,335,335,335,A selected pair may include multiple detectors/propositions.
selected_winning_pair_participation,v3_target,Medial Meniscus,negative,normal_structure,english,target_local_normality,335,335,335,A selected pair may include multiple detectors/propositions.
selected_winning_pair_participation,v3_morphology,Effusion,positive,joint_effusion,turkish,effusion_tr_root,328,328,328,A selected pair may include multiple detectors/propositions.
selected_winning_pair_participation,v2_exact,Medial Meniscus,negative,abnormality_absent,english,<no_explicit_rule>,320,320,320,A selected pair may include multiple detectors/propositions.
selected_winning_pair_participation,v2_exact,Baker's,negative,abnormality_absent,english,<no_explicit_rule>,314,314,314,A selected pair may include multiple detectors/propositions.
selected_winning_pair_participation,v2_exact,Synovitis,positive,abnormality,english,<no_explicit_rule>,289,289,289,A selected pair may include multiple detectors/propositions.
selected_winning_pair_participation,v3_target,Medial OA,positive,chondral_abnormality,english,compartment_scope,289,289,289,A selected pair may include multiple detectors/propositions.
selected_winning_pair_participation,v3_target,ACL,positive,tear,english,target_local_association,288,288,288,A selected pair may include multiple detectors/propositions.
selected_winning_pair_participation,v3_target,Lateral OA,negative,chondral_abnormality_absent,english,compartment_scope,284,284,284,A selected pair may include multiple detectors/propositions.
selected_winning_pair_participation,v3_target,Lateral Meniscus,negative,normal_structure,turkish,target_local_normality,283,283,283,A selected pair may include multiple detectors/propositions.
selected_winning_pair_participation,v2_exact,Effusion,positive,abnormality,spanish,<no_explicit_rule>,282,282,282,A selected pair may include multiple detectors/propositions.
selected_winning_pair_participation,v2_exact,Lateral Meniscus,negative,abnormality_absent,turkish,<no_explicit_rule>,282,282,282,A selected pair may include multiple detectors/propositions.
selected_winning_pair_participation,v3_target,PF OA,negative,normal_cartilage,english,compartment_normality,282,282,282,A selected pair may include multiple detectors/propositions.
selected_winning_pair_participation,v2_exact,ACL,positive,tear,english,target_local_association,281,281,281,A selected pair may include multiple detectors/propositions.
selected_winning_pair_participation,v3_target,Medial OA,negative,chondral_abnormality_absent,english,compartment_scope,267,267,267,A selected pair may include multiple detectors/propositions.
selected_winning_pair_participation,v2_exact,Effusion,positive,abnormality,south_slavic,<no_explicit_rule>,264,264,264,A selected pair may include multiple detectors/propositions.
selected_winning_pair_participation,v3_morphology,Baker's,negative,baker_cyst_absent,english,baker_variants,264,264,264,A selected pair may include multiple detectors/propositions.
selected_winning_pair_participation,v3_target,MCL,negative,normal_structure,turkish,target_local_normality,260,260,260,A selected pair may include multiple detectors/propositions.
selected_winning_pair_participation,v2_exact,MCL,negative,abnormality_absent,turkish,<no_explicit_rule>,258,258,258,A selected pair may include multiple detectors/propositions.
selected_winning_pair_participation,v3_target,Lateral Meniscus,positive,tear,english,target_local_association,252,252,252,A selected pair may include multiple detectors/propositions.
selected_winning_pair_participation,v2_exact,Baker's,negative,abnormality_absent,spanish,<no_explicit_rule>,251,251,251,A selected pair may include multiple detectors/propositions.
selected_winning_pair_participation,v2_exact,Lateral Meniscus,positive,tear,english,target_local_association,250,250,250,A selected pair may include multiple detectors/propositions.
selected_winning_pair_participation,v2_collective,ACL,negative,abnormality_absent,spanish,cruciate_and_collateral_ligaments|cruciate_ligaments,238,238,238,A selected pair may include multiple detectors/propositions.
selected_winning_pair_participation,v2_collective,MCL,negative,abnormality_absent,spanish,cruciate_and_collateral_ligaments,238,238,238,A selected pair may include multiple detectors/propositions.
selected_winning_pair_participation,v3_target,PF OA,negative,chondral_abnormality_absent,english,compartment_scope,227,227,227,A selected pair may include multiple detectors/propositions.
selected_winning_pair_participation,v2_exact,Medial OA,positive,chondral_abnormality,english,compartment_scope,216,216,216,A selected pair may include multiple detectors/propositions.
selected_winning_pair_participation,v2_exact,Baker's,positive,abnormality,english,<no_explicit_rule>,215,215,215,A selected pair may include multiple detectors/propositions.
selected_winning_pair_participation,v3_morphology,Contusion,positive,bone_contusion,english,contusion_en,210,210,210,A selected pair may include multiple detectors/propositions.
selected_winning_pair_participation,v3_target,Lateral OA,positive,chondral_abnormality,english,compartment_scope,202,202,202,A selected pair may include multiple detectors/propositions.
selected_winning_pair_participation,v2_exact,Medial Meniscus,positive,tear,spanish,target_local_association,201,201,201,A selected pair may include multiple detectors/propositions.
selected_winning_pair_participation,v3_target,Medial Meniscus,positive,tear,spanish,target_local_association,201,201,201,A selected pair may include multiple detectors/propositions.
selected_winning_pair_participation,v2_exact,Effusion,positive,abnormality,turkish,<no_explicit_rule>,198,198,198,A selected pair may include multiple detectors/propositions.
selected_winning_pair_participation,v3_target,Medial Meniscus,positive,tear,turkish,target_local_association,196,196,196,A selected pair may include multiple detectors/propositions.
selected_winning_pair_participation,v2_exact,Medial Meniscus,positive,tear,turkish,target_local_association,190,190,190,A selected pair may include multiple detectors/propositions.
selected_winning_pair_participation,v3_target,Medial Meniscus,positive,tear,south_slavic,target_local_association,173,173,173,A selected pair may include multiple detectors/propositions.
selected_winning_pair_participation,v3_target,Lateral Meniscus,negative,abnormality_absent,english,target_local_association,172,172,172,A selected pair may include multiple detectors/propositions.
selected_winning_pair_participation,v2_exact,Effusion,negative,abnormality_absent,spanish,<no_explicit_rule>,171,171,171,A selected pair may include multiple detectors/propositions.
selected_winning_pair_participation,v2_exact,Lateral Meniscus,negative,abnormality_absent,english,target_local_association,171,171,171,A selected pair may include multiple detectors/propositions.
selected_winning_pair_participation,v2_exact,Effusion,positive,abnormality,greek_script,<no_explicit_rule>,167,167,167,A selected pair may include multiple detectors/propositions.
selected_winning_pair_participation,v3_target,Medial Meniscus,positive,degeneration,turkish,target_local_association,166,166,166,A selected pair may include multiple detectors/propositions.
selected_winning_pair_participation,v2_collective,Lateral OA,negative,abnormality_absent,spanish,tibiofemoral_compartments,164,164,164,A selected pair may include multiple detectors/propositions.
selected_winning_pair_participation,v2_collective,MCL,negative,abnormality_absent,english,collateral_ligaments,164,164,164,A selected pair may include multiple detectors/propositions.
selected_winning_pair_participation,v2_collective,Medial Meniscus,negative,abnormality_absent,english,both_menisci|both_menisci_negative_only,164,164,164,A selected pair may include multiple detectors/propositions.
selected_winning_pair_participation,v2_collective,Medial OA,negative,abnormality_absent,spanish,tibiofemoral_compartments,163,163,163,A selected pair may include multiple detectors/propositions.
selected_winning_pair_participation,v2_collective,Lateral Meniscus,negative,abnormality_absent,english,both_menisci|both_menisci_negative_only,159,159,159,A selected pair may include multiple detectors/propositions.
selected_winning_pair_participation,v2_exact,Medial Meniscus,positive,degeneration,turkish,target_local_association,158,158,158,A selected pair may include multiple detectors/propositions.
selected_winning_pair_participation,v2_exact,Lateral OA,positive,chondral_abnormality,english,compartment_scope,152,152,152,A selected pair may include multiple detectors/propositions.
selected_winning_pair_participation,v2_collective,MCL,negative,abnormality_absent,turkish,collateral_ligaments,150,150,150,A selected pair may include multiple detectors/propositions.
selected_winning_pair_participation,v3_target,MCL,negative,normal_structure,south_slavic,target_local_normality,149,149,149,A selected pair may include multiple detectors/propositions.
selected_winning_pair_participation,v2_collective,ACL,negative,abnormality_absent,german,cruciate_ligaments,148,148,148,A selected pair may include multiple detectors/propositions.
selected_winning_pair_participation,v3_target,Lateral OA,negative,normal_cartilage,english,compartment_normality,147,147,147,A selected pair may include multiple detectors/propositions.
selected_winning_pair_participation,v2_exact,Baker's,negative,abnormality_absent,south_slavic,<no_explicit_rule>,146,146,146,A selected pair may include multiple detectors/propositions.
selected_winning_pair_participation,v3_target,ACL,negative,normal_structure,south_slavic,target_local_normality,146,146,146,A selected pair may include multiple detectors/propositions.
selected_winning_pair_participation,v2_exact,MCL,negative,abnormality_absent,south_slavic,<no_explicit_rule>,136,136,136,A selected pair may include multiple detectors/propositions.
selected_winning_pair_participation,v2_exact,Effusion,positive,abnormality,cyrillic_script,<no_explicit_rule>,134,134,134,A selected pair may include multiple detectors/propositions.
selected_winning_pair_participation,v3_morphology,Effusion,positive,joint_effusion,greek_script,effusion_el_root,131,131,131,A selected pair may include multiple detectors/propositions.
selected_winning_pair_participation,v3_target,Lateral Meniscus,negative,abnormality_absent,south_slavic,target_local_association,130,130,130,A selected pair may include multiple detectors/propositions.
selected_winning_pair_participation,v2_collective,ACL,negative,abnormality_absent,cyrillic_script,cruciate_ligaments,129,129,129,A selected pair may include multiple detectors/propositions.
selected_winning_pair_participation,v2_exact,Lateral Meniscus,negative,abnormality_absent,south_slavic,target_local_association,129,129,129,A selected pair may include multiple detectors/propositions.
selected_winning_pair_participation,v3_morphology,Effusion,negative,joint_effusion_absent,turkish,effusion_tr_root,129,129,129,A selected pair may include multiple detectors/propositions.
selected_winning_pair_participation,v3_target,Medial Meniscus,positive,abnormality,cyrillic_script,target_local_association,129,129,129,A selected pair may include multiple detectors/propositions.
selected_winning_pair_participation,v2_collective,MCL,negative,abnormality_absent,south_slavic,collateral_ligaments,128,128,128,A selected pair may include multiple detectors/propositions.
selected_winning_pair_participation,v2_exact,Effusion,negative,abnormality_absent,turkish,<no_explicit_rule>,128,128,128,A selected pair may include multiple detectors/propositions.
selected_winning_pair_participation,v2_exact,Medial Meniscus,positive,tear,south_slavic,target_local_association,127,127,127,A selected pair may include multiple detectors/propositions.
selected_winning_pair_participation,v3_target,Lateral Meniscus,positive,degeneration,turkish,target_local_association,127,127,127,A selected pair may include multiple detectors/propositions.
selected_winning_pair_participation,v2_collective,Lateral Meniscus,negative,abnormality_absent,spanish,both_menisci_negative_only,119,119,119,A selected pair may include multiple detectors/propositions.
selected_winning_pair_participation,v2_exact,Lateral Meniscus,negative,abnormality_absent,spanish,target_local_association,119,119,119,A selected pair may include multiple detectors/propositions.
selected_winning_pair_participation,v3_target,Lateral Meniscus,negative,abnormality_absent,spanish,target_local_association,119,119,119,A selected pair may include multiple detectors/propositions.
selected_winning_pair_participation,v2_collective,MCL,negative,abnormality_absent,cyrillic_script,collateral_ligaments,118,118,118,A selected pair may include multiple detectors/propositions.
selected_winning_pair_participation,v2_collective,Medial Meniscus,negative,abnormality_absent,spanish,both_menisci_negative_only,118,118,118,A selected pair may include multiple detectors/propositions.
selected_winning_pair_participation,v3_target,ACL,negative,abnormality_absent,english,target_local_association,117,117,117,A selected pair may include multiple detectors/propositions.
selected_winning_pair_participation,v2_collective,ACL,negative,abnormality_absent,english,cruciate_ligaments,116,116,116,A selected pair may include multiple detectors/propositions.
selected_winning_pair_participation,v3_target,Medial Meniscus,positive,degeneration,english,target_local_association,116,116,116,A selected pair may include multiple detectors/propositions.
selected_winning_pair_participation,v2_exact,Lateral Meniscus,positive,degeneration,turkish,target_local_association,115,115,115,A selected pair may include multiple detectors/propositions.
selected_winning_pair_participation,v2_exact,Medial Meniscus,positive,abnormality,cyrillic_script,target_local_association,115,115,115,A selected pair may include multiple detectors/propositions.
selected_winning_pair_participation,v2_exact,ACL,negative,abnormality_absent,english,target_local_association,113,113,113,A selected pair may include multiple detectors/propositions.
selected_winning_pair_participation,v2_exact,Effusion,positive,abnormality,german,<no_explicit_rule>,112,112,112,A selected pair may include multiple detectors/propositions.
selected_winning_pair_participation,v3_target,PF OA,negative,normal_cartilage,spanish,compartment_normality,111,111,111,A selected pair may include multiple detectors/propositions.
selected_winning_pair_participation,v3_target,MCL,positive,sprain,english,target_local_association,108,108,108,A selected pair may include multiple detectors/propositions.
selected_winning_pair_participation,v3_morphology,Effusion,positive,joint_effusion,german,effusion_de_root,107,107,107,A selected pair may include multiple detectors/propositions.
selected_winning_pair_participation,v2_exact,MCL,positive,sprain,english,target_local_association,106,106,106,A selected pair may include multiple detectors/propositions.
selected_winning_pair_participation,v2_collective,PF OA,negative,abnormality_absent,spanish,tibiofemoral_compartments,104,104,104,A selected pair may include multiple detectors/propositions.
selected_winning_pair_participation,v3_morphology,Baker's,positive,baker_cyst,greek_script,baker_el,104,104,104,A selected pair may include multiple detectors/propositions.
selected_winning_pair_participation,v2_exact,Synovitis,positive,abnormality,spanish,<no_explicit_rule>,102,102,102,A selected pair may include multiple detectors/propositions.
selected_winning_pair_participation,v3_target,Medial OA,negative,normal_cartilage,english,compartment_normality,97,97,97,A selected pair may include multiple detectors/propositions.
selected_winning_pair_participation,v3_target,ACL,positive,degeneration,turkish,target_local_association,94,94,94,A selected pair may include multiple detectors/propositions.
selected_winning_pair_participation,v3_target,ACL,positive,degeneration,south_slavic,target_local_association,93,93,93,A selected pair may include multiple detectors/propositions.
selected_winning_pair_participation,v2_exact,Medial Meniscus,negative,abnormality_absent,spanish,target_local_association,92,92,92,A selected pair may include multiple detectors/propositions.
selected_winning_pair_participation,v3_target,Medial Meniscus,negative,abnormality_absent,spanish,target_local_association,92,92,92,A selected pair may include multiple detectors/propositions.
selected_winning_pair_participation,v3_target,PF OA,positive,chondral_abnormality,south_slavic,compartment_scope,91,91,91,A selected pair may include multiple detectors/propositions.
selected_winning_pair_participation,v3_morphology,Fracture,positive,fracture,english,fracture_en,90,90,90,A selected pair may include multiple detectors/propositions.
selected_winning_pair_participation,v2_exact,Medial Meniscus,positive,degeneration,english,target_local_association,89,89,89,A selected pair may include multiple detectors/propositions.
selected_winning_pair_participation,v3_target,MCL,positive,sprain,turkish,target_local_association,88,88,88,A selected pair may include multiple detectors/propositions.
selected_winning_pair_participation,v2_exact,Lateral Meniscus,positive,tear,spanish,target_local_association,87,87,87,A selected pair may include multiple detectors/propositions.
selected_winning_pair_participation,v3_morphology,Baker's,positive,baker_cyst,english|south_slavic,baker_sl|baker_variants,87,87,87,A selected pair may include multiple detectors/propositions.
selected_winning_pair_participation,v3_target,Lateral Meniscus,positive,tear,spanish,target_local_association,87,87,87,A selected pair may include multiple detectors/propositions.
selected_winning_pair_participation,v2_exact,Effusion,negative,abnormality_absent,south_slavic,<no_explicit_rule>,86,86,86,A selected pair may include multiple detectors/propositions.
selected_winning_pair_participation,v3_target,Lateral Meniscus,negative,normal_structure,cyrillic_script,target_local_normality,86,86,86,A selected pair may include multiple detectors/propositions.
selected_winning_pair_participation,v2_exact,Lateral Meniscus,negative,abnormality_absent,german,<no_explicit_rule>,85,85,85,A selected pair may include multiple detectors/propositions.
selected_winning_pair_participation,v2_exact,Lateral Meniscus,negative,abnormality_absent,cyrillic_script,<no_explicit_rule>,84,84,84,A selected pair may include multiple detectors/propositions.
selected_winning_pair_participation,v2_exact,Fracture,positive,fracture,english,fracture_en,82,82,82,A selected pair may include multiple detectors/propositions.
selected_winning_pair_participation,v2_exact,Baker's,positive,abnormality,greek_script,<no_explicit_rule>,81,81,81,A selected pair may include multiple detectors/propositions.
selected_winning_pair_participation,v3_target,Lateral Meniscus,negative,normal_structure,german,target_local_normality,81,81,81,A selected pair may include multiple detectors/propositions.
selected_winning_pair_participation,v3_target,ACL,positive,tear,turkish,target_local_association,78,78,78,A selected pair may include multiple detectors/propositions.
selected_winning_pair_participation,v3_target,Lateral Meniscus,positive,degeneration,south_slavic,target_local_association,78,78,78,A selected pair may include multiple detectors/propositions.
selected_winning_pair_participation,v3_target,Medial Meniscus,positive,tear,greek_script,target_local_association,77,77,77,A selected pair may include multiple detectors/propositions.
selected_winning_pair_participation,v2_exact,Baker's,positive,abnormality,spanish,<no_explicit_rule>,76,76,76,A selected pair may include multiple detectors/propositions.
selected_winning_pair_participation,v2_exact,Effusion,positive,abnormality,french,<no_explicit_rule>,76,76,76,A selected pair may include multiple detectors/propositions.
selected_winning_pair_participation,v2_exact,PF OA,negative,abnormality_absent,spanish,<no_explicit_rule>,76,76,76,A selected pair may include multiple detectors/propositions.
selected_winning_pair_participation,v2_exact,Effusion,negative,abnormality_absent,cyrillic_script,<no_explicit_rule>,75,75,75,A selected pair may include multiple detectors/propositions.
selected_winning_pair_participation,v2_exact,Effusion,positive,abnormality,dutch,<no_explicit_rule>,75,75,75,A selected pair may include multiple detectors/propositions.
selected_winning_pair_participation,v3_target,PF OA,positive,chondral_abnormality,german,compartment_scope,75,75,75,A selected pair may include multiple detectors/propositions.
selected_winning_pair_participation,v2_exact,Medial Meniscus,positive,tear,greek_script,target_local_association,74,74,74,A selected pair may include multiple detectors/propositions.
selected_winning_pair_participation,v3_morphology,Baker's,negative,baker_cyst_absent,south_slavic,baker_sl,74,74,74,A selected pair may include multiple detectors/propositions.
selected_winning_pair_participation,v3_target,Lateral Meniscus,positive,tear,south_slavic,target_local_association,73,73,73,A selected pair may include multiple detectors/propositions.
selected_winning_pair_participation,v2_exact,ACL,negative,abnormality_absent,south_slavic,<no_explicit_rule>,72,72,72,A selected pair may include multiple detectors/propositions.
selected_winning_pair_participation,v3_target,MCL,positive,tear,english,target_local_association,72,72,72,A selected pair may include multiple detectors/propositions.
selected_winning_pair_participation,v2_exact,Baker's,positive,abnormality,south_slavic,<no_explicit_rule>,70,70,70,A selected pair may include multiple detectors/propositions.
selected_winning_pair_participation,v3_target,PF OA,positive,chondral_abnormality,turkish,compartment_scope,70,70,70,A selected pair may include multiple detectors/propositions.
selected_winning_pair_participation,v2_exact,MCL,positive,tear,english,target_local_association,69,69,69,A selected pair may include multiple detectors/propositions.
selected_winning_pair_participation,v2_exact,ACL,positive,degeneration,turkish,target_local_association,67,67,67,A selected pair may include multiple detectors/propositions.
selected_winning_pair_participation,v2_exact,Lateral Meniscus,negative,abnormality_absent,south_slavic,<no_explicit_rule>,67,67,67,A selected pair may include multiple detectors/propositions.
selected_winning_pair_participation,v3_target,Lateral Meniscus,negative,normal_structure,south_slavic,target_local_normality,67,67,67,A selected pair may include multiple detectors/propositions.
selected_winning_pair_participation,v3_target,MCL,negative,normal_structure,german,target_local_normality,67,67,67,A selected pair may include multiple detectors/propositions.
selected_winning_pair_participation,v2_exact,Contusion,positive,abnormality,english,<no_explicit_rule>,66,66,66,A selected pair may include multiple detectors/propositions.
selected_winning_pair_participation,v2_exact,MCL,negative,abnormality_absent,german,<no_explicit_rule>,66,66,66,A selected pair may include multiple detectors/propositions.
selected_winning_pair_participation,v3_target,ACL,positive,tear,south_slavic,target_local_association,66,66,66,A selected pair may include multiple detectors/propositions.
selected_winning_pair_participation,v3_target,ACL,positive,degeneration,english,target_local_association,64,64,64,A selected pair may include multiple detectors/propositions.
selected_winning_pair_participation,v3_target,PF OA,positive,chondral_abnormality,dutch,compartment_scope,64,64,64,A selected pair may include multiple detectors/propositions.
selected_winning_pair_participation,v2_exact,Baker's,positive,abnormality,german,<no_explicit_rule>,63,63,63,A selected pair may include multiple detectors/propositions.
selected_winning_pair_participation,v2_exact,Medial Meniscus,negative,abnormality_absent,south_slavic,target_local_association,63,63,63,A selected pair may include multiple detectors/propositions.
selected_winning_pair_participation,v3_target,Lateral Meniscus,positive,tear,turkish,target_local_association,63,63,63,A selected pair may include multiple detectors/propositions.
selected_winning_pair_participation,v3_target,Medial Meniscus,negative,abnormality_absent,south_slavic,target_local_association,63,63,63,A selected pair may include multiple detectors/propositions.
selected_winning_pair_participation,v3_target,ACL,positive,abnormality,english,target_local_association,62,62,62,A selected pair may include multiple detectors/propositions.
selected_winning_pair_participation,v2_collective,MCL,negative,abnormality_absent,german,collateral_ligaments,61,61,61,A selected pair may include multiple detectors/propositions.
selected_winning_pair_participation,v2_collective,MCL,negative,abnormality_absent,greek_script,collateral_ligaments,61,61,61,A selected pair may include multiple detectors/propositions.
selected_winning_pair_participation,v2_exact,ACL,positive,abnormality,english,target_local_association,61,61,61,A selected pair may include multiple detectors/propositions.
selected_winning_pair_participation,v2_exact,ACL,positive,degeneration,english,target_local_association,61,61,61,A selected pair may include multiple detectors/propositions.
selected_winning_pair_participation,v3_target,Lateral Meniscus,positive,degeneration,english,target_local_association,61,61,61,A selected pair may include multiple detectors/propositions.
selected_winning_pair_participation,v2_collective,Medial Meniscus,negative,abnormality_absent,turkish,both_menisci,59,59,59,A selected pair may include multiple detectors/propositions.
selected_winning_pair_participation,v3_target,Medial OA,positive,chondral_abnormality,spanish,compartment_scope,59,59,59,A selected pair may include multiple detectors/propositions.
selected_winning_pair_participation,v2_exact,ACL,positive,tear,turkish,target_local_association,58,58,58,A selected pair may include multiple detectors/propositions.
selected_winning_pair_participation,v3_target,PF OA,positive,chondral_abnormality,spanish,compartment_scope,58,58,58,A selected pair may include multiple detectors/propositions.
selected_winning_pair_participation,v2_exact,Lateral Meniscus,positive,tear,south_slavic,target_local_association,57,57,57,A selected pair may include multiple detectors/propositions.
selected_winning_pair_participation,v3_target,Medial Meniscus,negative,abnormality_absent,english,target_local_association,57,57,57,A selected pair may include multiple detectors/propositions.
selected_winning_pair_participation,v2_collective,MCL,negative,abnormality_absent,greek_script,collateral_ligaments|cruciate_and_collateral_ligaments,56,56,56,A selected pair may include multiple detectors/propositions.
selected_winning_pair_participation,v2_exact,Medial Meniscus,negative,abnormality_absent,english,target_local_association,56,56,56,A selected pair may include multiple detectors/propositions.
selected_winning_pair_participation,v3_target,Medial Meniscus,positive,abnormality,turkish,target_local_association,56,56,56,A selected pair may include multiple detectors/propositions.
selected_winning_pair_participation,v2_collective,ACL,negative,abnormality_absent,dutch,cruciate_ligaments,55,55,55,A selected pair may include multiple detectors/propositions.
selected_winning_pair_participation,v2_exact,ACL,positive,tear,south_slavic,target_local_association,55,55,55,A selected pair may include multiple detectors/propositions.
selected_winning_pair_participation,v2_exact,Lateral Meniscus,positive,tear,turkish,target_local_association,55,55,55,A selected pair may include multiple detectors/propositions.
selected_winning_pair_participation,v3_target,Medial OA,positive,chondral_abnormality,south_slavic,compartment_scope,55,55,55,A selected pair may include multiple detectors/propositions.
selected_winning_pair_participation,v2_collective,MCL,negative,abnormality_absent,dutch,collateral_ligaments,54,54,54,A selected pair may include multiple detectors/propositions.
selected_winning_pair_participation,v2_exact,Medial Meniscus,positive,abnormality,turkish,target_local_association,54,54,54,A selected pair may include multiple detectors/propositions.
selected_winning_pair_participation,v2_exact,Baker's,positive,abnormality,cyrillic_script,<no_explicit_rule>,53,53,53,A selected pair may include multiple detectors/propositions.
selected_winning_pair_participation,v2_exact,PF OA,positive,chondral_abnormality,spanish,compartment_scope,53,53,53,A selected pair may include multiple detectors/propositions.
selected_winning_pair_participation,v2_collective,Lateral Meniscus,negative,abnormality_absent,english,both_menisci_negative_only,52,52,52,A selected pair may include multiple detectors/propositions.
selected_winning_pair_participation,v2_collective,Medial Meniscus,negative,abnormality_absent,english,both_menisci_negative_only,52,52,52,A selected pair may include multiple detectors/propositions.
selected_winning_pair_participation,v3_target,PF OA,positive,chondral_abnormality,greek_script,compartment_scope,52,52,52,A selected pair may include multiple detectors/propositions.
selected_winning_pair_participation,v2_collective,ACL,negative,abnormality_absent,english,cruciate_and_collateral_ligaments,51,51,51,A selected pair may include multiple detectors/propositions.
selected_winning_pair_participation,v2_collective,ACL,negative,abnormality_absent,south_slavic,cruciate_ligaments,51,51,51,A selected pair may include multiple detectors/propositions.
selected_winning_pair_participation,v2_exact,Fracture,positive,fracture,english|spanish,fracture_en,51,51,51,A selected pair may include multiple detectors/propositions.
selected_winning_pair_participation,v2_exact,MCL,positive,sprain,turkish,target_local_association,51,51,51,A selected pair may include multiple detectors/propositions.
selected_winning_pair_participation,v2_exact,Medial Meniscus,negative,abnormality_absent,turkish,<no_explicit_rule>,51,51,51,A selected pair may include multiple detectors/propositions.
selected_winning_pair_participation,v3_morphology,Fracture,positive,fracture,english|spanish,fracture_en,51,51,51,A selected pair may include multiple detectors/propositions.
selected_winning_pair_participation,v3_target,Medial Meniscus,negative,normal_structure,turkish,target_local_normality,51,51,51,A selected pair may include multiple detectors/propositions.
selected_winning_pair_participation,v2_collective,MCL,negative,abnormality_absent,english,collateral_ligaments|cruciate_and_collateral_ligaments,50,50,50,A selected pair may include multiple detectors/propositions.
selected_winning_pair_participation,v3_target,Medial OA,positive,chondral_abnormality,greek_script,compartment_scope,49,49,49,A selected pair may include multiple detectors/propositions.
selected_winning_pair_participation,v3_target,PF OA,negative,normal_cartilage,cyrillic_script,compartment_normality,49,49,49,A selected pair may include multiple detectors/propositions.
selected_winning_pair_participation,v2_exact,Baker's,positive,tear,english,<no_explicit_rule>,48,48,48,A selected pair may include multiple detectors/propositions.
selected_winning_pair_participation,v2_exact,PF OA,negative,abnormality_absent,german,<no_explicit_rule>,48,48,48,A selected pair may include multiple detectors/propositions.
selected_winning_pair_participation,v3_morphology,Fracture,negative,fracture_absent,german,fracture_de,48,48,48,A selected pair may include multiple detectors/propositions.
selected_winning_pair_participation,v3_target,Medial Meniscus,positive,degeneration,south_slavic,target_local_association,48,48,48,A selected pair may include multiple detectors/propositions.
selected_winning_pair_participation,v3_target,ACL,positive,tear,spanish,target_local_association,47,47,47,A selected pair may include multiple detectors/propositions.
selected_winning_pair_participation,v2_exact,Baker's,negative,abnormality_absent,french,<no_explicit_rule>,46,46,46,A selected pair may include multiple detectors/propositions.
selected_winning_pair_participation,v2_exact,Effusion,negative,abnormality_absent,german,<no_explicit_rule>,46,46,46,A selected pair may include multiple detectors/propositions.
selected_winning_pair_participation,v3_target,Medial Meniscus,positive,degeneration,greek_script,target_local_association,45,45,45,A selected pair may include multiple detectors/propositions.
selected_winning_pair_participation,v2_exact,Lateral Meniscus,positive,degeneration,english,target_local_association,44,44,44,A selected pair may include multiple detectors/propositions.
selected_winning_pair_participation,v2_exact,Medial OA,positive,chondral_abnormality,spanish,compartment_scope,44,44,44,A selected pair may include multiple detectors/propositions.
selected_winning_pair_participation,v3_target,Lateral Meniscus,uncertain,tear,english,target_local_association,44,44,44,A selected pair may include multiple detectors/propositions.
selected_winning_pair_participation,v3_target,MCL,positive,abnormality,english,target_local_association,44,44,44,A selected pair may include multiple detectors/propositions.
selected_winning_pair_participation,v2_exact,ACL,negative,abnormality_absent,turkish,<no_explicit_rule>,43,43,43,A selected pair may include multiple detectors/propositions.
selected_winning_pair_participation,v2_exact,MCL,positive,abnormality,english,target_local_association,43,43,43,A selected pair may include multiple detectors/propositions.
selected_winning_pair_participation,v3_target,ACL,negative,normal_structure,turkish,target_local_normality,43,43,43,A selected pair may include multiple detectors/propositions.
selected_winning_pair_participation,v3_target,MCL,negative,normal_structure,french,target_local_normality,43,43,43,A selected pair may include multiple detectors/propositions.
selected_winning_pair_participation,v3_target,Medial Meniscus,positive,degeneration,dutch,target_local_association,43,43,43,A selected pair may include multiple detectors/propositions.
selected_winning_pair_participation,v2_exact,ACL,negative,abnormality_absent,dutch,<no_explicit_rule>,42,42,42,A selected pair may include multiple detectors/propositions.
selected_winning_pair_participation,v2_exact,Fracture,positive,fracture,greek_script,fracture_el,42,42,42,A selected pair may include multiple detectors/propositions.
selected_winning_pair_participation,v2_exact,Lateral Meniscus,uncertain,tear,english,target_local_association,42,42,42,A selected pair may include multiple detectors/propositions.
selected_winning_pair_participation,v3_morphology,Fracture,positive,fracture,greek_script,fracture_el,42,42,42,A selected pair may include multiple detectors/propositions.
selected_winning_pair_participation,v3_target,ACL,negative,normal_structure,dutch,target_local_normality,42,42,42,A selected pair may include multiple detectors/propositions.
selected_winning_pair_participation,v2_exact,ACL,positive,tear,spanish,target_local_association,41,41,41,A selected pair may include multiple detectors/propositions.
selected_winning_pair_participation,v2_exact,Contusion,negative,abnormality_absent,german,<no_explicit_rule>,41,41,41,A selected pair may include multiple detectors/propositions.
selected_winning_pair_participation,v2_exact,Lateral Meniscus,negative,abnormality_absent,dutch,<no_explicit_rule>,41,41,41,A selected pair may include multiple detectors/propositions.
selected_winning_pair_participation,v3_morphology,Effusion,negative,joint_effusion_absent,german,effusion_de_root,41,41,41,A selected pair may include multiple detectors/propositions.
selected_winning_pair_participation,v3_target,Lateral Meniscus,negative,normal_structure,dutch,target_local_normality,41,41,41,A selected pair may include multiple detectors/propositions.
selected_winning_pair_participation,v3_target,Lateral OA,positive,chondral_abnormality,spanish,compartment_scope,41,41,41,A selected pair may include multiple detectors/propositions.
selected_winning_pair_participation,v3_target,Medial Meniscus,negative,normal_structure,german,target_local_normality,41,41,41,A selected pair may include multiple detectors/propositions.
selected_winning_pair_participation,v3_target,ACL,positive,tear,greek_script,target_local_association,40,40,40,A selected pair may include multiple detectors/propositions.
selected_winning_pair_participation,v3_target,Lateral Meniscus,negative,normal_structure,greek_script,target_local_normality,39,39,39,A selected pair may include multiple detectors/propositions.
selected_winning_pair_participation,v2_exact,ACL,positive,tear,greek_script,target_local_association,38,38,38,A selected pair may include multiple detectors/propositions.
selected_winning_pair_participation,v2_exact,Fracture,negative,abnormality_absent,german,<no_explicit_rule>,38,38,38,A selected pair may include multiple detectors/propositions.
selected_winning_pair_participation,v2_exact,Medial Meniscus,negative,abnormality_absent,german,<no_explicit_rule>,38,38,38,A selected pair may include multiple detectors/propositions.
selected_winning_pair_participation,v2_exact,Baker's,positive,abnormality,turkish,<no_explicit_rule>,37,37,37,A selected pair may include multiple detectors/propositions.
selected_winning_pair_participation,v2_exact,PF OA,positive,chondral_abnormality,german,compartment_scope,37,37,37,A selected pair may include multiple detectors/propositions.
selected_winning_pair_participation,v2_collective,Lateral Meniscus,negative,abnormality_absent,dutch,both_menisci|both_menisci_negative_only,36,36,36,A selected pair may include multiple detectors/propositions.
selected_winning_pair_participation,v2_collective,MCL,negative,abnormality_absent,spanish,collateral_ligaments,36,36,36,A selected pair may include multiple detectors/propositions.
selected_winning_pair_participation,v2_exact,Medial Meniscus,positive,tear,english,<no_explicit_rule>,36,36,36,A selected pair may include multiple detectors/propositions.
selected_winning_pair_participation,v3_target,Medial Meniscus,positive,degeneration,german,target_local_association,36,36,36,A selected pair may include multiple detectors/propositions.
selected_winning_pair_participation,v2_collective,Lateral Meniscus,negative,abnormality_absent,german,both_menisci_negative_only,35,35,35,A selected pair may include multiple detectors/propositions.
selected_winning_pair_participation,v2_collective,Medial Meniscus,negative,abnormality_absent,dutch,both_menisci|both_menisci_negative_only,35,35,35,A selected pair may include multiple detectors/propositions.
selected_winning_pair_participation,v2_exact,Lateral OA,positive,chondral_abnormality,spanish,compartment_scope,35,35,35,A selected pair may include multiple detectors/propositions.
selected_winning_pair_participation,v3_target,PF OA,negative,normal_cartilage,german,compartment_normality,35,35,35,A selected pair may include multiple detectors/propositions.
selected_winning_pair_participation,v2_collective,ACL,negative,abnormality_absent,spanish,cruciate_ligaments,34,34,34,A selected pair may include multiple detectors/propositions.
selected_winning_pair_participation,v2_exact,Lateral Meniscus,positive,tear,english,<no_explicit_rule>,34,34,34,A selected pair may include multiple detectors/propositions.
selected_winning_pair_participation,v2_exact,Medial Meniscus,positive,degeneration,dutch,target_local_association,34,34,34,A selected pair may include multiple detectors/propositions.
selected_winning_pair_participation,v3_target,Medial OA,positive,chondral_abnormality,dutch,compartment_scope,34,34,34,A selected pair may include multiple detectors/propositions.
selected_winning_pair_participation,v2_collective,Lateral Meniscus,negative,abnormality_absent,greek_script,both_menisci,33,33,33,A selected pair may include multiple detectors/propositions.
selected_winning_pair_participation,v2_collective,Medial Meniscus,negative,abnormality_absent,german,both_menisci_negative_only,33,33,33,A selected pair may include multiple detectors/propositions.
selected_winning_pair_participation,v2_collective,Medial Meniscus,negative,abnormality_absent,greek_script,both_menisci,33,33,33,A selected pair may include multiple detectors/propositions.
selected_winning_pair_participation,v2_collective,ACL,negative,abnormality_absent,greek_script,cruciate_and_collateral_ligaments|cruciate_ligaments,32,32,32,A selected pair may include multiple detectors/propositions.
selected_winning_pair_participation,v3_morphology,Effusion,negative,joint_effusion_absent,greek_script,effusion_el_root,32,32,32,A selected pair may include multiple detectors/propositions.
selected_winning_pair_participation,v3_morphology,Fracture,uncertain,fracture,english,fracture_en,32,32,32,A selected pair may include multiple detectors/propositions.
selected_winning_pair_participation,v3_target,Lateral Meniscus,negative,normal_structure,french,target_local_normality,32,32,32,A selected pair may include multiple detectors/propositions.
selected_winning_pair_participation,v2_exact,Baker's,positive,abnormality,dutch,<no_explicit_rule>,31,31,31,A selected pair may include multiple detectors/propositions.
selected_winning_pair_participation,v2_exact,Lateral Meniscus,negative,abnormality_absent,greek_script,<no_explicit_rule>,31,31,31,A selected pair may include multiple detectors/propositions.
selected_winning_pair_participation,v3_target,Lateral OA,positive,chondral_abnormality,south_slavic,compartment_scope,31,31,31,A selected pair may include multiple detectors/propositions.
selected_winning_pair_participation,v3_target,Medial Meniscus,positive,degeneration,french,target_local_association,31,31,31,A selected pair may include multiple detectors/propositions.
selected_winning_pair_participation,v3_target,Medial Meniscus,uncertain,tear,english,target_local_association,31,31,31,A selected pair may include multiple detectors/propositions.
selected_winning_pair_participation,v2_exact,Fracture,uncertain,fracture,english,fracture_en,30,30,30,A selected pair may include multiple detectors/propositions.
selected_winning_pair_participation,v2_exact,Lateral Meniscus,negative,abnormality_absent,french,<no_explicit_rule>,30,30,30,A selected pair may include multiple detectors/propositions.
selected_winning_pair_participation,v2_exact,Lateral Meniscus,positive,tear,greek_script,target_local_association,30,30,30,A selected pair may include multiple detectors/propositions.
selected_winning_pair_participation,v2_exact,Medial Meniscus,uncertain,tear,english,target_local_association,30,30,30,A selected pair may include multiple detectors/propositions.
selected_winning_pair_participation,v3_target,Lateral Meniscus,positive,tear,greek_script,target_local_association,30,30,30,A selected pair may include multiple detectors/propositions.
selected_winning_pair_participation,v2_exact,Contusion,positive,abnormality,spanish,<no_explicit_rule>,29,29,29,A selected pair may include multiple detectors/propositions.
selected_winning_pair_participation,v3_target,MCL,negative,abnormality_absent,south_slavic,target_local_association,29,29,29,A selected pair may include multiple detectors/propositions.
selected_winning_pair_participation,v2_exact,Lateral OA,positive,chondral_abnormality,english,<no_explicit_rule>,28,28,28,A selected pair may include multiple detectors/propositions.
selected_winning_pair_participation,v2_exact,PF OA,positive,chondral_abnormality,turkish,compartment_scope,28,28,28,A selected pair may include multiple detectors/propositions.
selected_winning_pair_participation,v3_morphology,Fracture,negative,fracture_absent,english|french,fracture_en|fracture_fr,28,28,28,A selected pair may include multiple detectors/propositions.
selected_winning_pair_participation,v3_target,Lateral OA,positive,chondral_abnormality,greek_script,compartment_scope,28,28,28,A selected pair may include multiple detectors/propositions.
selected_winning_pair_participation,v3_target,Medial OA,positive,chondral_abnormality,turkish,compartment_scope,28,28,28,A selected pair may include multiple detectors/propositions.
selected_winning_pair_participation,v2_collective,Lateral OA,positive,chondral_abnormality,spanish,tibiofemoral_compartments,27,27,27,A selected pair may include multiple detectors/propositions.
selected_winning_pair_participation,v2_collective,Medial OA,positive,chondral_abnormality,spanish,tibiofemoral_compartments,27,27,27,A selected pair may include multiple detectors/propositions.
selected_winning_pair_participation,v2_exact,MCL,negative,abnormality_absent,south_slavic,target_local_association,27,27,27,A selected pair may include multiple detectors/propositions.
selected_winning_pair_participation,v3_morphology,Contusion,positive,bone_contusion,english|greek_script,contusion_el|contusion_en,27,27,27,A selected pair may include multiple detectors/propositions.
selected_winning_pair_participation,v3_morphology,Contusion,positive,bone_contusion,turkish,contusion_tr,27,27,27,A selected pair may include multiple detectors/propositions.
selected_winning_pair_participation,v3_target,MCL,positive,tear,spanish,target_local_association,27,27,27,A selected pair may include multiple detectors/propositions.
selected_winning_pair_participation,v2_exact,Effusion,negative,abnormality_absent,greek_script,<no_explicit_rule>,26,26,26,A selected pair may include multiple detectors/propositions.
selected_winning_pair_participation,v3_morphology,Synovitis,positive,synovitis,greek_script,synovitis_el,26,26,26,A selected pair may include multiple detectors/propositions.
selected_winning_pair_participation,v3_target,ACL,positive,abnormality,cyrillic_script,target_local_association,26,26,26,A selected pair may include multiple detectors/propositions.
selected_winning_pair_participation,v3_target,Lateral OA,negative,chondral_abnormality_absent,dutch,compartment_scope,26,26,26,A selected pair may include multiple detectors/propositions.
selected_winning_pair_participation,v2_exact,ACL,positive,abnormality,cyrillic_script,target_local_association,25,25,25,A selected pair may include multiple detectors/propositions.
selected_winning_pair_participation,v2_exact,Lateral OA,positive,degeneration,turkish,<no_explicit_rule>,25,25,25,A selected pair may include multiple detectors/propositions.
selected_winning_pair_participation,v2_exact,MCL,positive,tear,spanish,target_local_association,25,25,25,A selected pair may include multiple detectors/propositions.
selected_winning_pair_participation,v3_target,ACL,uncertain,tear,south_slavic,target_local_association,25,25,25,A selected pair may include multiple detectors/propositions.
selected_winning_pair_participation,v2_collective,ACL,negative,abnormality_absent,greek_script,cruciate_and_collateral_ligaments,24,24,24,A selected pair may include multiple detectors/propositions.
selected_winning_pair_participation,v2_exact,Lateral OA,positive,abnormality,english,<no_explicit_rule>,24,24,24,A selected pair may include multiple detectors/propositions.
selected_winning_pair_participation,v3_target,Medial OA,positive,chondral_abnormality,german,compartment_scope,24,24,24,A selected pair may include multiple detectors/propositions.
selected_winning_pair_participation,v2_collective,ACL,negative,abnormality_absent,greek_script,cruciate_ligaments,23,23,23,A selected pair may include multiple detectors/propositions.
selected_winning_pair_participation,v2_exact,Baker's,positive,abnormality,french,<no_explicit_rule>,23,23,23,A selected pair may include multiple detectors/propositions.
selected_winning_pair_participation,v2_exact,Contusion,positive,abnormality,german,<no_explicit_rule>,23,23,23,A selected pair may include multiple detectors/propositions.
selected_winning_pair_participation,v2_exact,Medial Meniscus,positive,tear,cyrillic_script,target_local_association,23,23,23,A selected pair may include multiple detectors/propositions.
selected_winning_pair_participation,v3_target,Lateral Meniscus,positive,abnormality,cyrillic_script,target_local_association,23,23,23,A selected pair may include multiple detectors/propositions.
selected_winning_pair_participation,v3_target,Medial Meniscus,positive,tear,cyrillic_script,target_local_association,23,23,23,A selected pair may include multiple detectors/propositions.
selected_winning_pair_participation,v3_target,Medial Meniscus,uncertain,tear,south_slavic,target_local_association,23,23,23,A selected pair may include multiple detectors/propositions.
selected_winning_pair_participation,v3_target,Medial OA,negative,chondral_abnormality_absent,dutch,compartment_scope,23,23,23,A selected pair may include multiple detectors/propositions.
selected_winning_pair_participation,v2_collective,PF OA,positive,chondral_abnormality,spanish,tibiofemoral_compartments,22,22,22,A selected pair may include multiple detectors/propositions.
selected_winning_pair_participation,v2_exact,ACL,negative,abnormality_absent,french,<no_explicit_rule>,22,22,22,A selected pair may include multiple detectors/propositions.
selected_winning_pair_participation,v2_exact,Contusion,positive,abnormality,greek_script,<no_explicit_rule>,22,22,22,A selected pair may include multiple detectors/propositions.
selected_winning_pair_participation,v2_exact,Medial Meniscus,negative,abnormality_absent,dutch,<no_explicit_rule>,22,22,22,A selected pair may include multiple detectors/propositions.
selected_winning_pair_participation,v2_exact,Medial OA,positive,chondral_abnormality,english,<no_explicit_rule>,22,22,22,A selected pair may include multiple detectors/propositions.
selected_winning_pair_participation,v3_morphology,Synovitis,positive,synovitis,turkish,synovitis_tr,22,22,22,A selected pair may include multiple detectors/propositions.
selected_winning_pair_participation,v3_target,ACL,negative,normal_structure,french,target_local_normality,22,22,22,A selected pair may include multiple detectors/propositions.
selected_winning_pair_participation,v3_target,MCL,positive,tear,south_slavic,target_local_association,22,22,22,A selected pair may include multiple detectors/propositions.
selected_winning_pair_participation,v3_target,Medial Meniscus,negative,normal_structure,dutch,target_local_normality,22,22,22,A selected pair may include multiple detectors/propositions.
selected_winning_pair_participation,v3_target,Medial OA,positive,degeneration,turkish,compartment_scope,22,22,22,A selected pair may include multiple detectors/propositions.
selected_winning_pair_participation,v3_target,PF OA,negative,chondral_abnormality_absent,german,compartment_scope,22,22,22,A selected pair may include multiple detectors/propositions.
selected_winning_pair_participation,v2_exact,Medial OA,positive,abnormality,english,<no_explicit_rule>,21,21,21,A selected pair may include multiple detectors/propositions.
selected_winning_pair_participation,v3_target,MCL,positive,abnormality,turkish,target_local_association,21,21,21,A selected pair may include multiple detectors/propositions.
selected_winning_pair_participation,v2_collective,ACL,negative,abnormality_absent,french,cruciate_ligaments,20,20,20,A selected pair may include multiple detectors/propositions.
selected_winning_pair_participation,v2_exact,Effusion,negative,abnormality_absent,dutch,<no_explicit_rule>,20,20,20,A selected pair may include multiple detectors/propositions.
selected_winning_pair_participation,v2_exact,MCL,negative,abnormality_absent,french,<no_explicit_rule>,20,20,20,A selected pair may include multiple detectors/propositions.
selected_winning_pair_participation,v2_exact,Medial Meniscus,positive,degeneration,greek_script,target_local_association,20,20,20,A selected pair may include multiple detectors/propositions.
selected_winning_pair_participation,v2_exact,Medial Meniscus,positive,tear,greek_script,<no_explicit_rule>,20,20,20,A selected pair may include multiple detectors/propositions.
selected_winning_pair_participation,v2_exact,PF OA,negative,abnormality_absent,dutch,<no_explicit_rule>,20,20,20,A selected pair may include multiple detectors/propositions.
selected_winning_pair_participation,v3_target,Lateral Meniscus,positive,degeneration,greek_script,target_local_association,20,20,20,A selected pair may include multiple detectors/propositions.
selected_winning_pair_participation,v2_exact,ACL,positive,abnormality,english,<no_explicit_rule>,19,19,19,A selected pair may include multiple detectors/propositions.
selected_winning_pair_participation,v2_exact,Lateral Meniscus,positive,abnormality,cyrillic_script,target_local_association,19,19,19,A selected pair may include multiple detectors/propositions.
selected_winning_pair_participation,v2_exact,Medial Meniscus,positive,abnormality,french,target_local_association,19,19,19,A selected pair may include multiple detectors/propositions.
selected_winning_pair_participation,v2_exact,Medial OA,positive,degeneration,turkish,compartment_scope,19,19,19,A selected pair may include multiple detectors/propositions.
selected_winning_pair_participation,v2_exact,PF OA,positive,chondral_abnormality,dutch,compartment_scope,19,19,19,A selected pair may include multiple detectors/propositions.
selected_winning_pair_participation,v3_morphology,Contusion,positive,bone_contusion,cyrillic_script,contusion_cyr,19,19,19,A selected pair may include multiple detectors/propositions.
selected_winning_pair_participation,v3_morphology,Contusion,positive,bone_contusion,greek_script,contusion_el,19,19,19,A selected pair may include multiple detectors/propositions.
selected_winning_pair_participation,v3_target,Medial Meniscus,positive,abnormality,french,target_local_association,19,19,19,A selected pair may include multiple detectors/propositions.
selected_winning_pair_participation,v3_target,Medial Meniscus,positive,abnormality,spanish,target_local_association,19,19,19,A selected pair may include multiple detectors/propositions.
selected_winning_pair_participation,v3_target,PF OA,negative,chondral_abnormality_absent,dutch,compartment_scope,19,19,19,A selected pair may include multiple detectors/propositions.
selected_winning_pair_participation,v2_exact,Medial Meniscus,positive,abnormality,spanish,target_local_association,18,18,18,A selected pair may include multiple detectors/propositions.
selected_winning_pair_participation,v2_exact,Medial OA,positive,abnormality,spanish,<no_explicit_rule>,18,18,18,A selected pair may include multiple detectors/propositions.
selected_winning_pair_participation,v2_exact,PF OA,positive,degeneration,turkish,<no_explicit_rule>,18,18,18,A selected pair may include multiple detectors/propositions.
selected_winning_pair_participation,v3_target,ACL,positive,degeneration,greek_script,target_local_association,18,18,18,A selected pair may include multiple detectors/propositions.
selected_winning_pair_participation,v3_target,Medial Meniscus,negative,normal_structure,greek_script,target_local_normality,18,18,18,A selected pair may include multiple detectors/propositions.
selected_winning_pair_participation,v3_target,PF OA,positive,chondral_abnormality,french,compartment_scope,18,18,18,A selected pair may include multiple detectors/propositions.
selected_winning_pair_participation,v2_exact,ACL,negative,abnormality_absent,spanish,target_local_association,17,17,17,A selected pair may include multiple detectors/propositions.
selected_winning_pair_participation,v2_exact,Lateral OA,negative,abnormality_absent,spanish,<no_explicit_rule>,17,17,17,A selected pair may include multiple detectors/propositions.
selected_winning_pair_participation,v2_exact,MCL,positive,abnormality,turkish,target_local_association,17,17,17,A selected pair may include multiple detectors/propositions.
selected_winning_pair_participation,v2_exact,MCL,positive,tear,south_slavic,target_local_association,17,17,17,A selected pair may include multiple detectors/propositions.
selected_winning_pair_participation,v2_exact,Medial OA,positive,chondral_abnormality,german,compartment_scope,17,17,17,A selected pair may include multiple detectors/propositions.
selected_winning_pair_participation,v2_exact,Medial OA,positive,chondral_abnormality,south_slavic,compartment_scope,17,17,17,A selected pair may include multiple detectors/propositions.
selected_winning_pair_participation,v2_exact,Synovitis,positive,abnormality,greek_script,<no_explicit_rule>,17,17,17,A selected pair may include multiple detectors/propositions.
selected_winning_pair_participation,v2_exact,Synovitis,positive,abnormality,turkish,<no_explicit_rule>,17,17,17,A selected pair may include multiple detectors/propositions.
selected_winning_pair_participation,v3_target,ACL,negative,abnormality_absent,spanish,target_local_association,17,17,17,A selected pair may include multiple detectors/propositions.
selected_winning_pair_participation,v3_target,Lateral OA,negative,normal_cartilage,spanish,compartment_normality,17,17,17,A selected pair may include multiple detectors/propositions.
selected_winning_pair_participation,v3_target,Medial Meniscus,positive,abnormality,german,target_local_association,17,17,17,A selected pair may include multiple detectors/propositions.
selected_winning_pair_participation,v2_exact,ACL,positive,abnormality,dutch,target_local_association,16,16,16,A selected pair may include multiple detectors/propositions.
selected_winning_pair_participation,v2_exact,ACL,positive,degeneration,greek_script,target_local_association,16,16,16,A selected pair may include multiple detectors/propositions.
selected_winning_pair_participation,v2_exact,Baker's,positive,tear,spanish,<no_explicit_rule>,16,16,16,A selected pair may include multiple detectors/propositions.
selected_winning_pair_participation,v2_exact,Contusion,positive,abnormality,turkish,<no_explicit_rule>,16,16,16,A selected pair may include multiple detectors/propositions.
selected_winning_pair_participation,v2_exact,Effusion,positive,chondral_abnormality,dutch,<no_explicit_rule>,16,16,16,A selected pair may include multiple detectors/propositions.
selected_winning_pair_participation,v2_exact,MCL,negative,abnormality_absent,english,target_local_association,16,16,16,A selected pair may include multiple detectors/propositions.
selected_winning_pair_participation,v3_morphology,Fracture,positive,fracture,turkish,fracture_tr,16,16,16,A selected pair may include multiple detectors/propositions.
selected_winning_pair_participation,v3_target,ACL,positive,abnormality,dutch,target_local_association,16,16,16,A selected pair may include multiple detectors/propositions.
selected_winning_pair_participation,v3_target,Lateral Meniscus,positive,degeneration,german,target_local_association,16,16,16,A selected pair may include multiple detectors/propositions.
selected_winning_pair_participation,v3_target,MCL,negative,abnormality_absent,english,target_local_association,16,16,16,A selected pair may include multiple detectors/propositions.
selected_winning_pair_participation,v3_target,Medial Meniscus,positive,abnormality,english,target_local_association,16,16,16,A selected pair may include multiple detectors/propositions.
selected_winning_pair_participation,v3_target,Medial Meniscus,positive,extrusion,english,target_local_association,16,16,16,A selected pair may include multiple detectors/propositions.
selected_winning_pair_participation,v2_exact,Effusion,positive,abnormality,latin_other,<no_explicit_rule>,15,15,15,A selected pair may include multiple detectors/propositions.
selected_winning_pair_participation,v2_exact,Lateral Meniscus,positive,abnormality,spanish,target_local_association,15,15,15,A selected pair may include multiple detectors/propositions.
selected_winning_pair_participation,v2_exact,Medial Meniscus,positive,degeneration,french,target_local_association,15,15,15,A selected pair may include multiple detectors/propositions.
selected_winning_pair_participation,v3_target,Lateral Meniscus,positive,abnormality,spanish,target_local_association,15,15,15,A selected pair may include multiple detectors/propositions.
selected_winning_pair_participation,v3_target,Lateral OA,positive,chondral_abnormality,german,compartment_scope,15,15,15,A selected pair may include multiple detectors/propositions.
selected_winning_pair_participation,v3_target,MCL,positive,sprain,spanish,target_local_association,15,15,15,A selected pair may include multiple detectors/propositions.
selected_winning_pair_participation,v3_target,Medial Meniscus,positive,abnormality,dutch,target_local_association,15,15,15,A selected pair may include multiple detectors/propositions.
selected_winning_pair_participation,v2_exact,Fracture,positive,fracture,turkish,fracture_tr,14,14,14,A selected pair may include multiple detectors/propositions.
selected_winning_pair_participation,v2_exact,Lateral OA,positive,chondral_abnormality,south_slavic,compartment_scope,14,14,14,A selected pair may include multiple detectors/propositions.
selected_winning_pair_participation,v2_exact,Medial Meniscus,positive,abnormality,dutch,target_local_association,14,14,14,A selected pair may include multiple detectors/propositions.
selected_winning_pair_participation,v2_exact,Medial Meniscus,positive,degeneration,german,target_local_association,14,14,14,A selected pair may include multiple detectors/propositions.
selected_winning_pair_participation,v2_exact,Medial Meniscus,positive,extrusion,english,target_local_association,14,14,14,A selected pair may include multiple detectors/propositions.
selected_winning_pair_participation,v2_exact,Synovitis,negative,abnormality_absent,english,<no_explicit_rule>,14,14,14,A selected pair may include multiple detectors/propositions.
selected_winning_pair_participation,v3_target,Lateral Meniscus,positive,abnormality,turkish,target_local_association,14,14,14,A selected pair may include multiple detectors/propositions.
selected_winning_pair_participation,v2_collective,Lateral Meniscus,positive,tear,spanish,both_menisci,13,13,13,A selected pair may include multiple detectors/propositions.
selected_winning_pair_participation,v2_collective,Medial Meniscus,positive,tear,english,both_menisci,13,13,13,A selected pair may include multiple detectors/propositions.
selected_winning_pair_participation,v2_exact,Lateral Meniscus,negative,abnormality_absent,french,target_local_association,13,13,13,A selected pair may include multiple detectors/propositions.
selected_winning_pair_participation,v2_exact,MCL,negative,abnormality_absent,french,target_local_association,13,13,13,A selected pair may include multiple detectors/propositions.
selected_winning_pair_participation,v2_exact,MCL,positive,abnormality,english,<no_explicit_rule>,13,13,13,A selected pair may include multiple detectors/propositions.
selected_winning_pair_participation,v2_exact,Medial Meniscus,positive,abnormality,english,target_local_association,13,13,13,A selected pair may include multiple detectors/propositions.
selected_winning_pair_participation,v3_morphology,Fracture,positive,fracture,south_slavic,fracture_sl,13,13,13,A selected pair may include multiple detectors/propositions.
selected_winning_pair_participation,v3_morphology,Synovitis,positive,synovitis,german,synovitis_de,13,13,13,A selected pair may include multiple detectors/propositions.
selected_winning_pair_participation,v3_target,ACL,negative,abnormality_absent,south_slavic,target_local_association,13,13,13,A selected pair may include multiple detectors/propositions.
selected_winning_pair_participation,v3_target,Lateral Meniscus,negative,abnormality_absent,french,target_local_association,13,13,13,A selected pair may include multiple detectors/propositions.
selected_winning_pair_participation,v3_target,MCL,negative,abnormality_absent,french,target_local_association,13,13,13,A selected pair may include multiple detectors/propositions.
selected_winning_pair_participation,v2_exact,ACL,positive,degeneration,south_slavic,target_local_association,12,12,12,A selected pair may include multiple detectors/propositions.
selected_winning_pair_participation,v2_exact,ACL,uncertain,tear,english,target_local_association,12,12,12,A selected pair may include multiple detectors/propositions.
selected_winning_pair_participation,v2_exact,Baker's,positive,tear,french,<no_explicit_rule>,12,12,12,A selected pair may include multiple detectors/propositions.
selected_winning_pair_participation,v2_exact,Fracture,positive,fracture,cyrillic_script,fracture_cyr,12,12,12,A selected pair may include multiple detectors/propositions.
selected_winning_pair_participation,v2_exact,Fracture,positive,fracture,south_slavic,fracture_sl,12,12,12,A selected pair may include multiple detectors/propositions.
selected_winning_pair_participation,v2_exact,Medial OA,positive,degeneration,turkish,<no_explicit_rule>,12,12,12,A selected pair may include multiple detectors/propositions.
selected_winning_pair_participation,v2_exact,PF OA,positive,chondral_abnormality,english,<no_explicit_rule>,12,12,12,A selected pair may include multiple detectors/propositions.
selected_winning_pair_participation,v3_morphology,Fracture,positive,fracture,cyrillic_script,fracture_cyr,12,12,12,A selected pair may include multiple detectors/propositions.
selected_winning_pair_participation,v3_target,ACL,negative,normal_structure,cyrillic_script,target_local_normality,12,12,12,A selected pair may include multiple detectors/propositions.
selected_winning_pair_participation,v3_target,ACL,uncertain,tear,english,target_local_association,12,12,12,A selected pair may include multiple detectors/propositions.
selected_winning_pair_participation,v3_target,Medial OA,positive,chondral_abnormality,french,compartment_scope,12,12,12,A selected pair may include multiple detectors/propositions.
selected_winning_pair_participation,v2_collective,Lateral Meniscus,negative,abnormality_absent,german,both_menisci|both_menisci_negative_only,11,11,11,A selected pair may include multiple detectors/propositions.
selected_winning_pair_participation,v2_collective,Medial Meniscus,negative,abnormality_absent,german,both_menisci|both_menisci_negative_only,11,11,11,A selected pair may include multiple detectors/propositions.
selected_winning_pair_participation,v2_exact,ACL,negative,abnormality_absent,cyrillic_script,<no_explicit_rule>,11,11,11,A selected pair may include multiple detectors/propositions.
selected_winning_pair_participation,v2_exact,Fracture,positive,fracture,english,<no_explicit_rule>,11,11,11,A selected pair may include multiple detectors/propositions.
selected_winning_pair_participation,v2_exact,Lateral Meniscus,positive,abnormality,turkish,target_local_association,11,11,11,A selected pair may include multiple detectors/propositions.
selected_winning_pair_participation,v2_exact,Lateral Meniscus,positive,tear,greek_script,<no_explicit_rule>,11,11,11,A selected pair may include multiple detectors/propositions.
selected_winning_pair_participation,v2_exact,Lateral OA,negative,abnormality_absent,german,<no_explicit_rule>,11,11,11,A selected pair may include multiple detectors/propositions.
selected_winning_pair_participation,v2_exact,Lateral OA,negative,abnormality_absent,greek_script,<no_explicit_rule>,11,11,11,A selected pair may include multiple detectors/propositions.
selected_winning_pair_participation,v2_exact,Lateral OA,positive,chondral_abnormality,german,compartment_scope,11,11,11,A selected pair may include multiple detectors/propositions.
selected_winning_pair_participation,v2_exact,Medial Meniscus,negative,abnormality_absent,greek_script,<no_explicit_rule>,11,11,11,A selected pair may include multiple detectors/propositions.
selected_winning_pair_participation,v2_exact,Medial Meniscus,uncertain,tear,south_slavic,target_local_association,11,11,11,A selected pair may include multiple detectors/propositions.
selected_winning_pair_participation,v2_exact,Medial OA,positive,chondral_abnormality,turkish,compartment_scope,11,11,11,A selected pair may include multiple detectors/propositions.
selected_winning_pair_participation,v3_morphology,Contusion,positive,bone_contusion,south_slavic,contusion_sl,11,11,11,A selected pair may include multiple detectors/propositions.
selected_winning_pair_participation,v3_morphology,Contusion,uncertain,bone_contusion,english,contusion_en,11,11,11,A selected pair may include multiple detectors/propositions.
selected_winning_pair_participation,v3_target,Lateral Meniscus,positive,abnormality,english,target_local_association,11,11,11,A selected pair may include multiple detectors/propositions.
selected_winning_pair_participation,v3_target,MCL,positive,sprain,greek_script,target_local_association,11,11,11,A selected pair may include multiple detectors/propositions.
selected_winning_pair_participation,v3_target,PF OA,positive,degeneration,turkish,compartment_scope,11,11,11,A selected pair may include multiple detectors/propositions.
selected_winning_pair_participation,v2_exact,ACL,positive,tear,cyrillic_script,target_local_association,10,10,10,A selected pair may include multiple detectors/propositions.
selected_winning_pair_participation,v2_exact,ACL,uncertain,tear,south_slavic,target_local_association,10,10,10,A selected pair may include multiple detectors/propositions.
selected_winning_pair_participation,v2_exact,Baker's,positive,tear,greek_script,<no_explicit_rule>,10,10,10,A selected pair may include multiple detectors/propositions.
selected_winning_pair_participation,v2_exact,Medial Meniscus,negative,abnormality_absent,french,<no_explicit_rule>,10,10,10,A selected pair may include multiple detectors/propositions.
selected_winning_pair_participation,v2_exact,PF OA,positive,chondral_abnormality,south_slavic,compartment_scope,10,10,10,A selected pair may include multiple detectors/propositions.
selected_winning_pair_participation,v2_exact,PF OA,positive,degeneration,turkish,compartment_scope,10,10,10,A selected pair may include multiple detectors/propositions.
selected_winning_pair_participation,v3_target,ACL,positive,tear,cyrillic_script,target_local_association,10,10,10,A selected pair may include multiple detectors/propositions.
selected_winning_pair_participation,v3_target,Lateral Meniscus,positive,degeneration,french,target_local_association,10,10,10,A selected pair may include multiple detectors/propositions.
selected_winning_pair_participation,v3_target,Lateral OA,positive,chondral_abnormality,dutch,compartment_scope,10,10,10,A selected pair may include multiple detectors/propositions.
selected_winning_pair_participation,v3_target,Medial Meniscus,negative,normal_structure,french,target_local_normality,10,10,10,A selected pair may include multiple detectors/propositions.
selected_winning_pair_participation,v3_target,Medial Meniscus,positive,extrusion,german,target_local_association,10,10,10,A selected pair may include multiple detectors/propositions.
selected_winning_pair_participation,v3_target,PF OA,negative,normal_cartilage,south_slavic,compartment_normality,10,10,10,A selected pair may include multiple detectors/propositions.
selected_winning_pair_participation,v3_target,PF OA,positive,chondral_abnormality,cyrillic_script,compartment_scope,10,10,10,A selected pair may include multiple detectors/propositions.
selected_winning_pair_participation,v2_collective,Lateral Meniscus,negative,abnormality_absent,cyrillic_script,both_menisci_negative_only,9,9,9,A selected pair may include multiple detectors/propositions.
selected_winning_pair_participation,v2_collective,Lateral Meniscus,negative,abnormality_absent,south_slavic,both_menisci_negative_only,9,9,9,A selected pair may include multiple detectors/propositions.
selected_winning_pair_participation,v2_collective,Medial Meniscus,negative,abnormality_absent,cyrillic_script,both_menisci_negative_only,9,9,9,A selected pair may include multiple detectors/propositions.
selected_winning_pair_participation,v2_collective,Medial Meniscus,positive,degeneration,english,both_menisci,9,9,9,A selected pair may include multiple detectors/propositions.
selected_winning_pair_participation,v2_exact,ACL,negative,abnormality_absent,cyrillic_script,target_local_association,9,9,9,A selected pair may include multiple detectors/propositions.
selected_winning_pair_participation,v2_exact,ACL,positive,abnormality,french,target_local_association,9,9,9,A selected pair may include multiple detectors/propositions.
selected_winning_pair_participation,v2_exact,ACL,positive,degeneration,english,<no_explicit_rule>,9,9,9,A selected pair may include multiple detectors/propositions.
selected_winning_pair_participation,v2_exact,Effusion,positive,tear,french,<no_explicit_rule>,9,9,9,A selected pair may include multiple detectors/propositions.
selected_winning_pair_participation,v2_exact,Effusion,positive,tear,south_slavic,<no_explicit_rule>,9,9,9,A selected pair may include multiple detectors/propositions.
selected_winning_pair_participation,v2_exact,Lateral Meniscus,positive,abnormality,english,target_local_association,9,9,9,A selected pair may include multiple detectors/propositions.
selected_winning_pair_participation,v2_exact,Lateral Meniscus,positive,abnormality,french,target_local_association,9,9,9,A selected pair may include multiple detectors/propositions.
selected_winning_pair_participation,v2_exact,Lateral Meniscus,positive,degeneration,greek_script,target_local_association,9,9,9,A selected pair may include multiple detectors/propositions.
selected_winning_pair_participation,v2_exact,Lateral OA,positive,abnormality,spanish,<no_explicit_rule>,9,9,9,A selected pair may include multiple detectors/propositions.
selected_winning_pair_participation,v2_exact,MCL,negative,abnormality_absent,dutch,<no_explicit_rule>,9,9,9,A selected pair may include multiple detectors/propositions.
selected_winning_pair_participation,v2_exact,MCL,positive,sprain,greek_script,target_local_association,9,9,9,A selected pair may include multiple detectors/propositions.
selected_winning_pair_participation,v2_exact,MCL,positive,tear,turkish,target_local_association,9,9,9,A selected pair may include multiple detectors/propositions.
selected_winning_pair_participation,v2_exact,Medial Meniscus,negative,abnormality_absent,cyrillic_script,<no_explicit_rule>,9,9,9,A selected pair may include multiple detectors/propositions.
selected_winning_pair_participation,v2_exact,Medial Meniscus,negative,abnormality_absent,south_slavic,<no_explicit_rule>,9,9,9,A selected pair may include multiple detectors/propositions.
selected_winning_pair_participation,v2_exact,PF OA,positive,abnormality,english,<no_explicit_rule>,9,9,9,A selected pair may include multiple detectors/propositions.
selected_winning_pair_participation,v2_exact,PF OA,positive,degeneration,english,<no_explicit_rule>,9,9,9,A selected pair may include multiple detectors/propositions.
selected_winning_pair_participation,v2_exact,Synovitis,positive,abnormality,french,<no_explicit_rule>,9,9,9,A selected pair may include multiple detectors/propositions.
selected_winning_pair_participation,v3_morphology,Baker's,positive,baker_cyst,south_slavic,baker_sl,9,9,9,A selected pair may include multiple detectors/propositions.
selected_winning_pair_participation,v3_morphology,Fracture,negative,fracture_absent,cyrillic_script,fracture_cyr,9,9,9,A selected pair may include multiple detectors/propositions.
selected_winning_pair_participation,v3_target,ACL,negative,abnormality_absent,cyrillic_script,target_local_association,9,9,9,A selected pair may include multiple detectors/propositions.
selected_winning_pair_participation,v3_target,ACL,positive,abnormality,french,target_local_association,9,9,9,A selected pair may include multiple detectors/propositions.
selected_winning_pair_participation,v3_target,Lateral Meniscus,positive,abnormality,dutch,target_local_association,9,9,9,A selected pair may include multiple detectors/propositions.
selected_winning_pair_participation,v3_target,Lateral Meniscus,positive,abnormality,french,target_local_association,9,9,9,A selected pair may include multiple detectors/propositions.
selected_winning_pair_participation,v3_target,Lateral Meniscus,positive,degeneration,dutch,target_local_association,9,9,9,A selected pair may include multiple detectors/propositions.
selected_winning_pair_participation,v3_target,Lateral OA,negative,chondral_abnormality_absent,german,compartment_scope,9,9,9,A selected pair may include multiple detectors/propositions.
selected_winning_pair_participation,v3_target,MCL,negative,normal_structure,dutch,target_local_normality,9,9,9,A selected pair may include multiple detectors/propositions.
selected_winning_pair_participation,v3_target,MCL,positive,tear,turkish,target_local_association,9,9,9,A selected pair may include multiple detectors/propositions.
selected_winning_pair_participation,v3_target,MCL,uncertain,abnormality,english,target_local_association,9,9,9,A selected pair may include multiple detectors/propositions.
selected_winning_pair_participation,v2_collective,Lateral Meniscus,negative,abnormality_absent,spanish,both_menisci|both_menisci_negative_only,8,8,8,A selected pair may include multiple detectors/propositions.
selected_winning_pair_participation,v2_collective,Medial Meniscus,negative,abnormality_absent,spanish,both_menisci|both_menisci_negative_only,8,8,8,A selected pair may include multiple detectors/propositions.
selected_winning_pair_participation,v2_collective,Medial Meniscus,positive,degeneration,turkish,both_menisci,8,8,8,A selected pair may include multiple detectors/propositions.
selected_winning_pair_participation,v2_collective,Medial OA,negative,abnormality_absent,greek_script,tibiofemoral_compartments,8,8,8,A selected pair may include multiple detectors/propositions.
selected_winning_pair_participation,v2_exact,ACL,negative,abnormality_absent,south_slavic,target_local_association,8,8,8,A selected pair may include multiple detectors/propositions.
selected_winning_pair_participation,v2_exact,Baker's,negative,abnormality_absent,latin_other,<no_explicit_rule>,8,8,8,A selected pair may include multiple detectors/propositions.
selected_winning_pair_participation,v2_exact,Fracture,negative,abnormality_absent,cyrillic_script,<no_explicit_rule>,8,8,8,A selected pair may include multiple detectors/propositions.
selected_winning_pair_participation,v2_exact,Fracture,negative,abnormality_absent,dutch,<no_explicit_rule>,8,8,8,A selected pair may include multiple detectors/propositions.
selected_winning_pair_participation,v2_exact,Lateral Meniscus,positive,degeneration,dutch,target_local_association,8,8,8,A selected pair may include multiple detectors/propositions.
selected_winning_pair_participation,v2_exact,Medial Meniscus,positive,degeneration,cyrillic_script,<no_explicit_rule>,8,8,8,A selected pair may include multiple detectors/propositions.
selected_winning_pair_participation,v2_exact,Medial OA,negative,abnormality_absent,spanish,<no_explicit_rule>,8,8,8,A selected pair may include multiple detectors/propositions.
selected_winning_pair_participation,v2_exact,PF OA,positive,abnormality,spanish,<no_explicit_rule>,8,8,8,A selected pair may include multiple detectors/propositions.
selected_winning_pair_participation,v2_exact,Synovitis,positive,chondral_abnormality,english,<no_explicit_rule>,8,8,8,A selected pair may include multiple detectors/propositions.
selected_winning_pair_participation,v3_morphology,Baker's,positive,baker_cyst,dutch|english,baker_nl|baker_variants,8,8,8,A selected pair may include multiple detectors/propositions.
selected_winning_pair_participation,v3_target,Medial Meniscus,negative,normal_structure,cyrillic_script,target_local_normality,8,8,8,A selected pair may include multiple detectors/propositions.
selected_winning_pair_participation,v3_target,Medial Meniscus,negative,normal_structure,south_slavic,target_local_normality,8,8,8,A selected pair may include multiple detectors/propositions.
selected_winning_pair_participation,v3_target,Medial Meniscus,positive,degeneration,spanish,target_local_association,8,8,8,A selected pair may include multiple detectors/propositions.
selected_winning_pair_participation,v3_target,Medial Meniscus,positive,extrusion,dutch,target_local_association,8,8,8,A selected pair may include multiple detectors/propositions.
selected_winning_pair_participation,v3_target,Medial OA,negative,normal_cartilage,spanish,compartment_normality,8,8,8,A selected pair may include multiple detectors/propositions.
selected_winning_pair_participation,v3_target,PF OA,uncertain,chondral_abnormality,english,compartment_scope,8,8,8,A selected pair may include multiple detectors/propositions.
selected_winning_pair_participation,v2_collective,ACL,negative,abnormality_absent,turkish,cruciate_ligaments,7,7,7,A selected pair may include multiple detectors/propositions.
selected_winning_pair_participation,v2_collective,Lateral Meniscus,positive,tear,english,both_menisci|target_local_association,7,7,7,A selected pair may include multiple detectors/propositions.
selected_winning_pair_participation,v2_collective,Medial Meniscus,negative,abnormality_absent,south_slavic,both_menisci_negative_only,7,7,7,A selected pair may include multiple detectors/propositions.
selected_winning_pair_participation,v2_exact,ACL,positive,degeneration,dutch,target_local_association,7,7,7,A selected pair may include multiple detectors/propositions.
selected_winning_pair_participation,v2_exact,ACL,positive,sprain,turkish,target_local_association,7,7,7,A selected pair may include multiple detectors/propositions.
selected_winning_pair_participation,v2_exact,Effusion,positive,chondral_abnormality,greek_script,<no_explicit_rule>,7,7,7,A selected pair may include multiple detectors/propositions.
selected_winning_pair_participation,v2_exact,Fracture,positive,fracture,english|french,fracture_en|fracture_fr,7,7,7,A selected pair may include multiple detectors/propositions.
selected_winning_pair_participation,v2_exact,Lateral Meniscus,positive,abnormality,dutch,target_local_association,7,7,7,A selected pair may include multiple detectors/propositions.
selected_winning_pair_participation,v2_exact,Lateral OA,positive,chondral_abnormality,french,compartment_scope,7,7,7,A selected pair may include multiple detectors/propositions.
selected_winning_pair_participation,v2_exact,MCL,positive,tear,english,<no_explicit_rule>,7,7,7,A selected pair may include multiple detectors/propositions.
selected_winning_pair_participation,v2_exact,MCL,uncertain,abnormality,english,target_local_association,7,7,7,A selected pair may include multiple detectors/propositions.
selected_winning_pair_participation,v2_exact,Medial Meniscus,positive,degeneration,cyrillic_script,target_local_association,7,7,7,A selected pair may include multiple detectors/propositions.
selected_winning_pair_participation,v2_exact,Medial Meniscus,positive,tear,south_slavic,<no_explicit_rule>,7,7,7,A selected pair may include multiple detectors/propositions.
selected_winning_pair_participation,v2_exact,Medial OA,positive,abnormality,turkish,<no_explicit_rule>,7,7,7,A selected pair may include multiple detectors/propositions.
selected_winning_pair_participation,v2_exact,Medial OA,positive,chondral_abnormality,french,compartment_scope,7,7,7,A selected pair may include multiple detectors/propositions.
selected_winning_pair_participation,v2_exact,Medial OA,positive,degeneration,greek_script,<no_explicit_rule>,7,7,7,A selected pair may include multiple detectors/propositions.
selected_winning_pair_participation,v2_exact,Medial OA,positive,tear,greek_script,<no_explicit_rule>,7,7,7,A selected pair may include multiple detectors/propositions.
selected_winning_pair_participation,v2_exact,Synovitis,uncertain,abnormality,english,<no_explicit_rule>,7,7,7,A selected pair may include multiple detectors/propositions.
selected_winning_pair_participation,v3_morphology,Fracture,positive,fracture,english|french,fracture_en|fracture_fr,7,7,7,A selected pair may include multiple detectors/propositions.
selected_winning_pair_participation,v3_target,ACL,positive,degeneration,dutch,target_local_association,7,7,7,A selected pair may include multiple detectors/propositions.
selected_winning_pair_participation,v3_target,ACL,positive,sprain,turkish,target_local_association,7,7,7,A selected pair may include multiple detectors/propositions.
selected_winning_pair_participation,v3_target,Lateral Meniscus,positive,abnormality,german,target_local_association,7,7,7,A selected pair may include multiple detectors/propositions.
selected_winning_pair_participation,v3_target,Lateral Meniscus,positive,tear,english,both_menisci|target_local_association,7,7,7,A selected pair may include multiple detectors/propositions.
selected_winning_pair_participation,v3_target,Lateral OA,positive,chondral_abnormality,french,compartment_scope,7,7,7,A selected pair may include multiple detectors/propositions.
selected_winning_pair_participation,v3_target,Medial Meniscus,positive,degeneration,cyrillic_script,target_local_association,7,7,7,A selected pair may include multiple detectors/propositions.
selected_winning_pair_participation,v3_target,PF OA,negative,chondral_abnormality_absent,spanish,compartment_scope,7,7,7,A selected pair may include multiple detectors/propositions.
selected_winning_pair_participation,v2_collective,Lateral Meniscus,negative,abnormality_absent,latin_other,both_menisci|both_menisci_negative_only,6,6,6,A selected pair may include multiple detectors/propositions.
selected_winning_pair_participation,v2_collective,Medial Meniscus,negative,abnormality_absent,english,both_menisci,6,6,6,A selected pair may include multiple detectors/propositions.
selected_winning_pair_participation,v2_collective,Medial Meniscus,negative,abnormality_absent,latin_other,both_menisci|both_menisci_negative_only,6,6,6,A selected pair may include multiple detectors/propositions.
selected_winning_pair_participation,v2_collective,Medial OA,positive,chondral_abnormality,english,compartment_scope|tibiofemoral_compartments,6,6,6,A selected pair may include multiple detectors/propositions.
selected_winning_pair_participation,v2_exact,ACL,positive,degeneration,cyrillic_script,target_local_association,6,6,6,A selected pair may include multiple detectors/propositions.
selected_winning_pair_participation,v2_exact,Contusion,positive,chondral_abnormality,english,<no_explicit_rule>,6,6,6,A selected pair may include multiple detectors/propositions.
selected_winning_pair_participation,v2_exact,Contusion,positive,fracture,english,<no_explicit_rule>,6,6,6,A selected pair may include multiple detectors/propositions.
selected_winning_pair_participation,v2_exact,Contusion,positive,fracture,spanish,<no_explicit_rule>,6,6,6,A selected pair may include multiple detectors/propositions.
selected_winning_pair_participation,v2_exact,Effusion,positive,tear,greek_script,<no_explicit_rule>,6,6,6,A selected pair may include multiple detectors/propositions.
selected_winning_pair_participation,v2_exact,Lateral Meniscus,negative,abnormality_absent,latin_other,target_local_association,6,6,6,A selected pair may include multiple detectors/propositions.
selected_winning_pair_participation,v2_exact,Medial Meniscus,positive,abnormality,german,target_local_association,6,6,6,A selected pair may include multiple detectors/propositions.
selected_winning_pair_participation,v2_exact,Medial OA,positive,chondral_abnormality,greek_script,compartment_scope,6,6,6,A selected pair may include multiple detectors/propositions.
selected_winning_pair_participation,v2_exact,PF OA,positive,chondral_abnormality,french,compartment_scope,6,6,6,A selected pair may include multiple detectors/propositions.
selected_winning_pair_participation,v3_target,ACL,positive,degeneration,cyrillic_script,target_local_association,6,6,6,A selected pair may include multiple detectors/propositions.
selected_winning_pair_participation,v3_target,ACL,uncertain,degeneration,south_slavic,target_local_association,6,6,6,A selected pair may include multiple detectors/propositions.
selected_winning_pair_participation,v3_target,Lateral Meniscus,negative,abnormality_absent,latin_other,target_local_association,6,6,6,A selected pair may include multiple detectors/propositions.
selected_winning_pair_participation,v3_target,MCL,positive,abnormality,south_slavic,target_local_association,6,6,6,A selected pair may include multiple detectors/propositions.
selected_winning_pair_participation,v3_target,MCL,positive,degeneration,south_slavic,target_local_association,6,6,6,A selected pair may include multiple detectors/propositions.
selected_winning_pair_participation,v3_target,Medial OA,positive,chondral_abnormality,english,compartment_scope|tibiofemoral_compartments,6,6,6,A selected pair may include multiple detectors/propositions.
selected_winning_pair_participation,v3_target,PF OA,negative,normal_cartilage,turkish,compartment_normality,6,6,6,A selected pair may include multiple detectors/propositions.
selected_winning_pair_participation,v2_collective,ACL,negative,abnormality_absent,latin_other,cruciate_and_collateral_ligaments,5,5,5,A selected pair may include multiple detectors/propositions.
selected_winning_pair_participation,v2_collective,Lateral Meniscus,negative,abnormality_absent,latin_other,both_menisci_negative_only,5,5,5,A selected pair may include multiple detectors/propositions.
selected_winning_pair_participation,v2_collective,Lateral Meniscus,negative,abnormality_absent,south_slavic,both_menisci,5,5,5,A selected pair may include multiple detectors/propositions.
selected_winning_pair_participation,v2_collective,MCL,negative,abnormality_absent,latin_other,collateral_ligaments|cruciate_and_collateral_ligaments,5,5,5,A selected pair may include multiple detectors/propositions.
selected_winning_pair_participation,v2_collective,Medial Meniscus,negative,abnormality_absent,latin_other,both_menisci_negative_only,5,5,5,A selected pair may include multiple detectors/propositions.
selected_winning_pair_participation,v2_collective,Medial Meniscus,negative,abnormality_absent,south_slavic,both_menisci,5,5,5,A selected pair may include multiple detectors/propositions.
selected_winning_pair_participation,v2_exact,ACL,negative,abnormality_absent,latin_other,<no_explicit_rule>,5,5,5,A selected pair may include multiple detectors/propositions.
selected_winning_pair_participation,v2_exact,ACL,positive,sprain,english,target_local_association,5,5,5,A selected pair may include multiple detectors/propositions.
selected_winning_pair_participation,v2_exact,Baker's,uncertain,abnormality,spanish,<no_explicit_rule>,5,5,5,A selected pair may include multiple detectors/propositions.
selected_winning_pair_participation,v2_exact,Contusion,positive,abnormality,french,<no_explicit_rule>,5,5,5,A selected pair may include multiple detectors/propositions.
selected_winning_pair_participation,v2_exact,Contusion,uncertain,fracture,english,<no_explicit_rule>,5,5,5,A selected pair may include multiple detectors/propositions.
selected_winning_pair_participation,v2_exact,Effusion,positive,tear,english,<no_explicit_rule>,5,5,5,A selected pair may include multiple detectors/propositions.
selected_winning_pair_participation,v2_exact,Lateral Meniscus,positive,abnormality,german,target_local_association,5,5,5,A selected pair may include multiple detectors/propositions.
selected_winning_pair_participation,v2_exact,Lateral Meniscus,positive,tear,south_slavic,<no_explicit_rule>,5,5,5,A selected pair may include multiple detectors/propositions.
selected_winning_pair_participation,v2_exact,Lateral OA,positive,degeneration,english,<no_explicit_rule>,5,5,5,A selected pair may include multiple detectors/propositions.
selected_winning_pair_participation,v2_exact,Lateral OA,positive,degeneration,greek_script,<no_explicit_rule>,5,5,5,A selected pair may include multiple detectors/propositions.
selected_winning_pair_participation,v2_exact,MCL,positive,abnormality,south_slavic,target_local_association,5,5,5,A selected pair may include multiple detectors/propositions.
selected_winning_pair_participation,v2_exact,Medial Meniscus,positive,degeneration,english,<no_explicit_rule>,5,5,5,A selected pair may include multiple detectors/propositions.
selected_winning_pair_participation,v2_exact,Medial Meniscus,positive,degeneration,german,<no_explicit_rule>,5,5,5,A selected pair may include multiple detectors/propositions.
selected_winning_pair_participation,v2_exact,Medial Meniscus,positive,degeneration,spanish,target_local_association,5,5,5,A selected pair may include multiple detectors/propositions.
selected_winning_pair_participation,v2_exact,Medial Meniscus,positive,extrusion,french,target_local_association,5,5,5,A selected pair may include multiple detectors/propositions.
selected_winning_pair_participation,v2_exact,Medial Meniscus,positive,extrusion,greek_script,target_local_association,5,5,5,A selected pair may include multiple detectors/propositions.
selected_winning_pair_participation,v2_exact,Medial OA,negative,abnormality_absent,german,<no_explicit_rule>,5,5,5,A selected pair may include multiple detectors/propositions.
selected_winning_pair_participation,v2_exact,Medial OA,positive,degeneration,english,<no_explicit_rule>,5,5,5,A selected pair may include multiple detectors/propositions.
selected_winning_pair_participation,v2_exact,Synovitis,positive,sprain,turkish,<no_explicit_rule>,5,5,5,A selected pair may include multiple detectors/propositions.
selected_winning_pair_participation,v3_target,ACL,positive,avulsion,english,target_local_association,5,5,5,A selected pair may include multiple detectors/propositions.
selected_winning_pair_participation,v3_target,ACL,positive,sprain,english,target_local_association,5,5,5,A selected pair may include multiple detectors/propositions.
selected_winning_pair_participation,v3_target,Lateral Meniscus,positive,degeneration,spanish,target_local_association,5,5,5,A selected pair may include multiple detectors/propositions.
selected_winning_pair_participation,v3_target,MCL,positive,avulsion,english,target_local_association,5,5,5,A selected pair may include multiple detectors/propositions.
selected_winning_pair_participation,v3_target,MCL,positive,degeneration,english,target_local_association,5,5,5,A selected pair may include multiple detectors/propositions.
selected_winning_pair_participation,v3_target,Medial Meniscus,positive,extrusion,french,target_local_association,5,5,5,A selected pair may include multiple detectors/propositions.
selected_winning_pair_participation,v3_target,Medial Meniscus,positive,extrusion,greek_script,target_local_association,5,5,5,A selected pair may include multiple detectors/propositions.
selected_winning_pair_participation,v3_target,PF OA,positive,chondral_abnormality,latin_other,compartment_scope,5,5,5,A selected pair may include multiple detectors/propositions.
selected_winning_pair_participation,v2_collective,Lateral Meniscus,negative,abnormality_absent,dutch,both_menisci_negative_only,4,4,4,A selected pair may include multiple detectors/propositions.
selected_winning_pair_participation,v2_collective,Lateral Meniscus,negative,abnormality_absent,french,both_menisci|both_menisci_negative_only,4,4,4,A selected pair may include multiple detectors/propositions.
selected_winning_pair_participation,v2_collective,Lateral OA,negative,abnormality_absent,latin_other,tibiofemoral_compartments,4,4,4,A selected pair may include multiple detectors/propositions.
selected_winning_pair_participation,v2_collective,MCL,negative,abnormality_absent,latin_other,collateral_ligaments,4,4,4,A selected pair may include multiple detectors/propositions.
selected_winning_pair_participation,v2_collective,Medial Meniscus,negative,abnormality_absent,dutch,both_menisci_negative_only,4,4,4,A selected pair may include multiple detectors/propositions.
selected_winning_pair_participation,v2_collective,Medial Meniscus,negative,abnormality_absent,french,both_menisci|both_menisci_negative_only,4,4,4,A selected pair may include multiple detectors/propositions.
selected_winning_pair_participation,v2_collective,Medial OA,negative,abnormality_absent,latin_other,tibiofemoral_compartments,4,4,4,A selected pair may include multiple detectors/propositions.
selected_winning_pair_participation,v2_collective,PF OA,negative,abnormality_absent,greek_script,tibiofemoral_compartments,4,4,4,A selected pair may include multiple detectors/propositions.
selected_winning_pair_participation,v2_collective,PF OA,positive,chondral_abnormality,english,tibiofemoral_compartments,4,4,4,A selected pair may include multiple detectors/propositions.
selected_winning_pair_participation,v2_exact,ACL,negative,abnormality_absent,german,<no_explicit_rule>,4,4,4,A selected pair may include multiple detectors/propositions.
selected_winning_pair_participation,v2_exact,ACL,negative,abnormality_absent,greek_script,target_local_association,4,4,4,A selected pair may include multiple detectors/propositions.
selected_winning_pair_participation,v2_exact,ACL,positive,avulsion,english,target_local_association,4,4,4,A selected pair may include multiple detectors/propositions.
selected_winning_pair_participation,v2_exact,ACL,positive,degeneration,spanish,target_local_association,4,4,4,A selected pair may include multiple detectors/propositions.
selected_winning_pair_participation,v2_exact,Contusion,positive,abnormality,dutch,<no_explicit_rule>,4,4,4,A selected pair may include multiple detectors/propositions.
selected_winning_pair_participation,v2_exact,Effusion,positive,degeneration,dutch,<no_explicit_rule>,4,4,4,A selected pair may include multiple detectors/propositions.
selected_winning_pair_participation,v2_exact,Fracture,negative,abnormality_absent,french,<no_explicit_rule>,4,4,4,A selected pair may include multiple detectors/propositions.
selected_winning_pair_participation,v2_exact,Fracture,negative,abnormality_absent,spanish,<no_explicit_rule>,4,4,4,A selected pair may include multiple detectors/propositions.
selected_winning_pair_participation,v2_exact,Fracture,positive,fracture,south_slavic,<no_explicit_rule>,4,4,4,A selected pair may include multiple detectors/propositions.
selected_winning_pair_participation,v2_exact,Lateral Meniscus,negative,abnormality_absent,spanish,<no_explicit_rule>,4,4,4,A selected pair may include multiple detectors/propositions.
selected_winning_pair_participation,v2_exact,Lateral Meniscus,positive,degeneration,german,target_local_association,4,4,4,A selected pair may include multiple detectors/propositions.
selected_winning_pair_participation,v2_exact,Lateral Meniscus,positive,degeneration,south_slavic,target_local_association,4,4,4,A selected pair may include multiple detectors/propositions.
selected_winning_pair_participation,v2_exact,Lateral Meniscus,positive,degeneration,spanish,target_local_association,4,4,4,A selected pair may include multiple detectors/propositions.
selected_winning_pair_participation,v2_exact,Lateral Meniscus,positive,extrusion,spanish,target_local_association,4,4,4,A selected pair may include multiple detectors/propositions.
selected_winning_pair_participation,v2_exact,Lateral OA,negative,abnormality_absent,french,<no_explicit_rule>,4,4,4,A selected pair may include multiple detectors/propositions.
selected_winning_pair_participation,v2_exact,Lateral OA,positive,chondral_abnormality,greek_script,compartment_scope,4,4,4,A selected pair may include multiple detectors/propositions.
selected_winning_pair_participation,v2_exact,Lateral OA,positive,tear,greek_script,<no_explicit_rule>,4,4,4,A selected pair may include multiple detectors/propositions.
selected_winning_pair_participation,v2_exact,MCL,positive,abnormality,french,target_local_association,4,4,4,A selected pair may include multiple detectors/propositions.
selected_winning_pair_participation,v2_exact,MCL,positive,avulsion,english,target_local_association,4,4,4,A selected pair may include multiple detectors/propositions.
selected_winning_pair_participation,v2_exact,MCL,positive,degeneration,english,target_local_association,4,4,4,A selected pair may include multiple detectors/propositions.
selected_winning_pair_participation,v2_exact,MCL,positive,degeneration,south_slavic,target_local_association,4,4,4,A selected pair may include multiple detectors/propositions.
selected_winning_pair_participation,v2_exact,MCL,uncertain,tear,english,target_local_association,4,4,4,A selected pair may include multiple detectors/propositions.
selected_winning_pair_participation,v2_exact,Medial Meniscus,negative,abnormality_absent,french,target_local_association,4,4,4,A selected pair may include multiple detectors/propositions.
selected_winning_pair_participation,v2_exact,Medial Meniscus,negative,abnormality_absent,greek_script,target_local_association,4,4,4,A selected pair may include multiple detectors/propositions.
selected_winning_pair_participation,v2_exact,Medial Meniscus,positive,extrusion,german,target_local_association,4,4,4,A selected pair may include multiple detectors/propositions.
selected_winning_pair_participation,v2_exact,Medial Meniscus,uncertain,tear,spanish,target_local_association,4,4,4,A selected pair may include multiple detectors/propositions.
selected_winning_pair_participation,v2_exact,Synovitis,negative,abnormality_absent,spanish,<no_explicit_rule>,4,4,4,A selected pair may include multiple detectors/propositions.
selected_winning_pair_participation,v2_exact,Synovitis,positive,abnormality,dutch,<no_explicit_rule>,4,4,4,A selected pair may include multiple detectors/propositions.
selected_winning_pair_participation,v2_exact,Synovitis,positive,abnormality,german,<no_explicit_rule>,4,4,4,A selected pair may include multiple detectors/propositions.
selected_winning_pair_participation,v2_exact,Synovitis,positive,abnormality,south_slavic,<no_explicit_rule>,4,4,4,A selected pair may include multiple detectors/propositions.
selected_winning_pair_participation,v2_exact,Synovitis,positive,tear,english,<no_explicit_rule>,4,4,4,A selected pair may include multiple detectors/propositions.
selected_winning_pair_participation,v3_morphology,Fracture,uncertain,fracture,turkish,fracture_tr,4,4,4,A selected pair may include multiple detectors/propositions.
selected_winning_pair_participation,v3_target,ACL,negative,abnormality_absent,greek_script,target_local_association,4,4,4,A selected pair may include multiple detectors/propositions.
selected_winning_pair_participation,v3_target,ACL,negative,normal_structure,german,target_local_normality,4,4,4,A selected pair may include multiple detectors/propositions.
selected_winning_pair_participation,v3_target,ACL,negative,normal_structure,latin_other,target_local_normality,4,4,4,A selected pair may include multiple detectors/propositions.
selected_winning_pair_participation,v3_target,ACL,negative,normal_structure,spanish,target_local_normality,4,4,4,A selected pair may include multiple detectors/propositions.
selected_winning_pair_participation,v3_target,ACL,positive,abnormality,turkish,target_local_association,4,4,4,A selected pair may include multiple detectors/propositions.
selected_winning_pair_participation,v3_target,ACL,positive,degeneration,spanish,target_local_association,4,4,4,A selected pair may include multiple detectors/propositions.
selected_winning_pair_participation,v3_target,Lateral Meniscus,negative,normal_structure,spanish,target_local_normality,4,4,4,A selected pair may include multiple detectors/propositions.
selected_winning_pair_participation,v3_target,Lateral Meniscus,positive,extrusion,german,target_local_association,4,4,4,A selected pair may include multiple detectors/propositions.
selected_winning_pair_participation,v3_target,Lateral Meniscus,positive,extrusion,spanish,target_local_association,4,4,4,A selected pair may include multiple detectors/propositions.
selected_winning_pair_participation,v3_target,Lateral Meniscus,uncertain,abnormality,english,target_local_association,4,4,4,A selected pair may include multiple detectors/propositions.
selected_winning_pair_participation,v3_target,Lateral Meniscus,uncertain,tear,south_slavic,target_local_association,4,4,4,A selected pair may include multiple detectors/propositions.
selected_winning_pair_participation,v3_target,Lateral OA,negative,normal_cartilage,french,compartment_normality,4,4,4,A selected pair may include multiple detectors/propositions.
selected_winning_pair_participation,v3_target,Lateral OA,negative,normal_cartilage,german,compartment_normality,4,4,4,A selected pair may include multiple detectors/propositions.
selected_winning_pair_participation,v3_target,MCL,positive,abnormality,french,target_local_association,4,4,4,A selected pair may include multiple detectors/propositions.
selected_winning_pair_participation,v3_target,MCL,uncertain,tear,english,target_local_association,4,4,4,A selected pair may include multiple detectors/propositions.
selected_winning_pair_participation,v3_target,Medial Meniscus,negative,abnormality_absent,french,target_local_association,4,4,4,A selected pair may include multiple detectors/propositions.
selected_winning_pair_participation,v3_target,Medial Meniscus,negative,abnormality_absent,greek_script,target_local_association,4,4,4,A selected pair may include multiple detectors/propositions.
selected_winning_pair_participation,v3_target,Medial Meniscus,uncertain,tear,spanish,target_local_association,4,4,4,A selected pair may include multiple detectors/propositions.
selected_winning_pair_participation,v3_target,Medial OA,negative,chondral_abnormality_absent,german,compartment_scope,4,4,4,A selected pair may include multiple detectors/propositions.
selected_winning_pair_participation,v3_target,Medial OA,positive,chondral_abnormality,cyrillic_script,compartment_scope,4,4,4,A selected pair may include multiple detectors/propositions.
selected_winning_pair_participation,v3_target,PF OA,negative,normal_cartilage,dutch,compartment_normality,4,4,4,A selected pair may include multiple detectors/propositions.
selected_winning_pair_participation,v2_collective,ACL,negative,abnormality_absent,latin_other,cruciate_ligaments,3,3,3,A selected pair may include multiple detectors/propositions.
selected_winning_pair_participation,v2_collective,Lateral Meniscus,negative,abnormality_absent,english,both_menisci|both_menisci_negative_only|target_local_association,3,3,3,A selected pair may include multiple detectors/propositions.
selected_winning_pair_participation,v2_collective,Lateral Meniscus,positive,degeneration,english,both_menisci,3,3,3,A selected pair may include multiple detectors/propositions.
selected_winning_pair_participation,v2_collective,Lateral Meniscus,positive,tear,greek_script,both_menisci,3,3,3,A selected pair may include multiple detectors/propositions.
selected_winning_pair_participation,v2_collective,Lateral Meniscus,positive,tear,south_slavic,both_menisci,3,3,3,A selected pair may include multiple detectors/propositions.
selected_winning_pair_participation,v2_collective,Lateral OA,positive,chondral_abnormality,english,compartment_scope|lateral_and_patellofemoral_compartments,3,3,3,A selected pair may include multiple detectors/propositions.
selected_winning_pair_participation,v2_collective,Medial Meniscus,positive,tear,greek_script,both_menisci,3,3,3,A selected pair may include multiple detectors/propositions.
selected_winning_pair_participation,v2_collective,Medial OA,negative,abnormality_absent,english,tibiofemoral_compartments,3,3,3,A selected pair may include multiple detectors/propositions.
selected_winning_pair_participation,v2_collective,Medial OA,positive,abnormality,english,tibiofemoral_compartments,3,3,3,A selected pair may include multiple detectors/propositions.
selected_winning_pair_participation,v2_exact,ACL,negative,abnormality_absent,french,target_local_association,3,3,3,A selected pair may include multiple detectors/propositions.
selected_winning_pair_participation,v2_exact,ACL,negative,abnormality_absent,spanish,<no_explicit_rule>,3,3,3,A selected pair may include multiple detectors/propositions.
selected_winning_pair_participation,v2_exact,ACL,positive,tear,english,<no_explicit_rule>,3,3,3,A selected pair may include multiple detectors/propositions.
selected_winning_pair_participation,v2_exact,ACL,positive,tear,greek_script,<no_explicit_rule>,3,3,3,A selected pair may include multiple detectors/propositions.
selected_winning_pair_participation,v2_exact,ACL,positive,tear,south_slavic,<no_explicit_rule>,3,3,3,A selected pair may include multiple detectors/propositions.
selected_winning_pair_participation,v2_exact,Baker's,negative,abnormality_absent,german,<no_explicit_rule>,3,3,3,A selected pair may include multiple detectors/propositions.
selected_winning_pair_participation,v2_exact,Baker's,positive,tear,german,<no_explicit_rule>,3,3,3,A selected pair may include multiple detectors/propositions.
selected_winning_pair_participation,v2_exact,Contusion,positive,chondral_abnormality,german,<no_explicit_rule>,3,3,3,A selected pair may include multiple detectors/propositions.
selected_winning_pair_participation,v2_exact,Contusion,positive,fracture,german,<no_explicit_rule>,3,3,3,A selected pair may include multiple detectors/propositions.
selected_winning_pair_participation,v2_exact,Contusion,positive,fracture,greek_script,<no_explicit_rule>,3,3,3,A selected pair may include multiple detectors/propositions.
selected_winning_pair_participation,v2_exact,Contusion,positive,sprain,greek_script,<no_explicit_rule>,3,3,3,A selected pair may include multiple detectors/propositions.
selected_winning_pair_participation,v2_exact,Contusion,uncertain,abnormality,english,<no_explicit_rule>,3,3,3,A selected pair may include multiple detectors/propositions.
selected_winning_pair_participation,v2_exact,Fracture,negative,abnormality_absent,latin_other,<no_explicit_rule>,3,3,3,A selected pair may include multiple detectors/propositions.
selected_winning_pair_participation,v2_exact,Fracture,negative,abnormality_absent,south_slavic,<no_explicit_rule>,3,3,3,A selected pair may include multiple detectors/propositions.
selected_winning_pair_participation,v2_exact,Fracture,positive,avulsion,english,<no_explicit_rule>,3,3,3,A selected pair may include multiple detectors/propositions.
selected_winning_pair_participation,v2_exact,Fracture,positive,chondral_abnormality,dutch,<no_explicit_rule>,3,3,3,A selected pair may include multiple detectors/propositions.
selected_winning_pair_participation,v2_exact,Fracture,uncertain,fracture,turkish,fracture_tr,3,3,3,A selected pair may include multiple detectors/propositions.
selected_winning_pair_participation,v2_exact,Lateral Meniscus,positive,degeneration,english,<no_explicit_rule>,3,3,3,A selected pair may include multiple detectors/propositions.
selected_winning_pair_participation,v2_exact,Lateral Meniscus,positive,degeneration,french,target_local_association,3,3,3,A selected pair may include multiple detectors/propositions.
selected_winning_pair_participation,v2_exact,Lateral Meniscus,positive,tear,cyrillic_script,target_local_association,3,3,3,A selected pair may include multiple detectors/propositions.
selected_winning_pair_participation,v2_exact,Lateral Meniscus,uncertain,abnormality,english,target_local_association,3,3,3,A selected pair may include multiple detectors/propositions.
selected_winning_pair_participation,v2_exact,Lateral OA,negative,abnormality_absent,cyrillic_script,<no_explicit_rule>,3,3,3,A selected pair may include multiple detectors/propositions.
selected_winning_pair_participation,v2_exact,MCL,negative,abnormality_absent,latin_other,<no_explicit_rule>,3,3,3,A selected pair may include multiple detectors/propositions.
selected_winning_pair_participation,v2_exact,MCL,positive,sprain,dutch,target_local_association,3,3,3,A selected pair may include multiple detectors/propositions.
selected_winning_pair_participation,v2_exact,MCL,positive,tear,greek_script,target_local_association,3,3,3,A selected pair may include multiple detectors/propositions.
selected_winning_pair_participation,v2_exact,Medial Meniscus,negative,abnormality_absent,cyrillic_script,target_local_association,3,3,3,A selected pair may include multiple detectors/propositions.
selected_winning_pair_participation,v2_exact,Medial Meniscus,positive,avulsion,english,target_local_association,3,3,3,A selected pair may include multiple detectors/propositions.
selected_winning_pair_participation,v2_exact,Medial Meniscus,positive,fracture,greek_script,<no_explicit_rule>,3,3,3,A selected pair may include multiple detectors/propositions.
selected_winning_pair_participation,v2_exact,Medial Meniscus,positive,tear,spanish,<no_explicit_rule>,3,3,3,A selected pair may include multiple detectors/propositions.
selected_winning_pair_participation,v2_exact,Medial OA,negative,abnormality_absent,french,<no_explicit_rule>,3,3,3,A selected pair may include multiple detectors/propositions.
selected_winning_pair_participation,v2_exact,Medial OA,positive,degeneration,french,<no_explicit_rule>,3,3,3,A selected pair may include multiple detectors/propositions.
selected_winning_pair_participation,v2_exact,PF OA,positive,chondral_abnormality,french,<no_explicit_rule>,3,3,3,A selected pair may include multiple detectors/propositions.
selected_winning_pair_participation,v2_exact,PF OA,positive,chondral_abnormality,latin_other,compartment_scope,3,3,3,A selected pair may include multiple detectors/propositions.
selected_winning_pair_participation,v2_exact,Synovitis,positive,tear,french,<no_explicit_rule>,3,3,3,A selected pair may include multiple detectors/propositions.
selected_winning_pair_participation,v2_exact,Synovitis,positive,tear,turkish,<no_explicit_rule>,3,3,3,A selected pair may include multiple detectors/propositions.
selected_winning_pair_participation,v3_morphology,Baker's,uncertain,baker_cyst,english,baker_variants,3,3,3,A selected pair may include multiple detectors/propositions.
selected_winning_pair_participation,v3_morphology,Fracture,negative,fracture_absent,south_slavic,fracture_sl,3,3,3,A selected pair may include multiple detectors/propositions.
selected_winning_pair_participation,v3_morphology,Synovitis,positive,synovitis,south_slavic,synovitis_sl,3,3,3,A selected pair may include multiple detectors/propositions.
selected_winning_pair_participation,v3_target,ACL,negative,abnormality_absent,french,target_local_association,3,3,3,A selected pair may include multiple detectors/propositions.
selected_winning_pair_participation,v3_target,ACL,positive,abnormality,latin_other,target_local_association,3,3,3,A selected pair may include multiple detectors/propositions.
selected_winning_pair_participation,v3_target,Lateral Meniscus,negative,abnormality_absent,english,both_menisci|both_menisci_negative_only|target_local_association,3,3,3,A selected pair may include multiple detectors/propositions.
selected_winning_pair_participation,v3_target,Lateral Meniscus,positive,extrusion,english,target_local_association,3,3,3,A selected pair may include multiple detectors/propositions.
selected_winning_pair_participation,v3_target,Lateral Meniscus,positive,tear,cyrillic_script,target_local_association,3,3,3,A selected pair may include multiple detectors/propositions.
selected_winning_pair_participation,v3_target,Lateral Meniscus,uncertain,degeneration,german,target_local_association,3,3,3,A selected pair may include multiple detectors/propositions.
selected_winning_pair_participation,v3_target,Lateral OA,negative,chondral_abnormality_absent,greek_script,compartment_scope,3,3,3,A selected pair may include multiple detectors/propositions.
selected_winning_pair_participation,v3_target,Lateral OA,negative,normal_cartilage,cyrillic_script,compartment_normality,3,3,3,A selected pair may include multiple detectors/propositions.
selected_winning_pair_participation,v3_target,Lateral OA,negative,normal_cartilage,greek_script,compartment_normality,3,3,3,A selected pair may include multiple detectors/propositions.
selected_winning_pair_participation,v3_target,Lateral OA,positive,chondral_abnormality,english,compartment_scope|lateral_and_patellofemoral_compartments,3,3,3,A selected pair may include multiple detectors/propositions.
selected_winning_pair_participation,v3_target,MCL,negative,normal_structure,greek_script,target_local_normality,3,3,3,A selected pair may include multiple detectors/propositions.
selected_winning_pair_participation,v3_target,MCL,negative,normal_structure,latin_other,target_local_normality,3,3,3,A selected pair may include multiple detectors/propositions.
selected_winning_pair_participation,v3_target,MCL,positive,sprain,dutch,target_local_association,3,3,3,A selected pair may include multiple detectors/propositions.
selected_winning_pair_participation,v3_target,MCL,positive,tear,greek_script,target_local_association,3,3,3,A selected pair may include multiple detectors/propositions.
selected_winning_pair_participation,v3_target,Medial Meniscus,negative,abnormality_absent,cyrillic_script,target_local_association,3,3,3,A selected pair may include multiple detectors/propositions.
selected_winning_pair_participation,v3_target,Medial Meniscus,negative,normal_structure,spanish,target_local_normality,3,3,3,A selected pair may include multiple detectors/propositions.
selected_winning_pair_participation,v3_target,Medial Meniscus,positive,avulsion,english,target_local_association,3,3,3,A selected pair may include multiple detectors/propositions.
selected_winning_pair_participation,v3_target,Medial Meniscus,uncertain,degeneration,german,target_local_association,3,3,3,A selected pair may include multiple detectors/propositions.
selected_winning_pair_participation,v3_target,Medial OA,negative,normal_cartilage,dutch,compartment_normality,3,3,3,A selected pair may include multiple detectors/propositions.
selected_winning_pair_participation,v3_target,Medial OA,negative,normal_cartilage,french,compartment_normality,3,3,3,A selected pair may include multiple detectors/propositions.
selected_winning_pair_participation,v3_target,Medial OA,negative,normal_cartilage,german,compartment_normality,3,3,3,A selected pair may include multiple detectors/propositions.
selected_winning_pair_participation,v3_target,Medial OA,negative,normal_cartilage,greek_script,compartment_normality,3,3,3,A selected pair may include multiple detectors/propositions.
selected_winning_pair_participation,v2_collective,ACL,negative,abnormality_absent,latin_other,cruciate_and_collateral_ligaments|cruciate_ligaments,2,2,2,A selected pair may include multiple detectors/propositions.
selected_winning_pair_participation,v2_collective,Lateral Meniscus,negative,abnormality_absent,turkish,both_menisci_negative_only,2,2,2,A selected pair may include multiple detectors/propositions.
selected_winning_pair_participation,v2_collective,Lateral Meniscus,positive,degeneration,spanish,both_menisci,2,2,2,A selected pair may include multiple detectors/propositions.
selected_winning_pair_participation,v2_collective,Lateral Meniscus,positive,tear,english,both_menisci,2,2,2,A selected pair may include multiple detectors/propositions.
selected_winning_pair_participation,v2_collective,Lateral OA,positive,abnormality,english,tibiofemoral_compartments,2,2,2,A selected pair may include multiple detectors/propositions.
selected_winning_pair_participation,v2_collective,MCL,negative,abnormality_absent,latin_other,cruciate_and_collateral_ligaments,2,2,2,A selected pair may include multiple detectors/propositions.
selected_winning_pair_participation,v2_collective,Medial Meniscus,negative,abnormality_absent,turkish,both_menisci_negative_only,2,2,2,A selected pair may include multiple detectors/propositions.
selected_winning_pair_participation,v2_collective,Medial Meniscus,positive,tear,south_slavic,both_menisci,2,2,2,A selected pair may include multiple detectors/propositions.
selected_winning_pair_participation,v2_collective,Medial OA,positive,chondral_abnormality,south_slavic,compartment_scope|tibiofemoral_compartments,2,2,2,A selected pair may include multiple detectors/propositions.
selected_winning_pair_participation,v2_exact,ACL,negative,abnormality_absent,greek_script,<no_explicit_rule>,2,2,2,A selected pair may include multiple detectors/propositions.
selected_winning_pair_participation,v2_exact,ACL,negative,abnormality_absent,turkish,target_local_association,2,2,2,A selected pair may include multiple detectors/propositions.
selected_winning_pair_participation,v2_exact,ACL,positive,abnormality,latin_other,target_local_association,2,2,2,A selected pair may include multiple detectors/propositions.
selected_winning_pair_participation,v2_exact,ACL,positive,degeneration,turkish,<no_explicit_rule>,2,2,2,A selected pair may include multiple detectors/propositions.
selected_winning_pair_participation,v2_exact,ACL,uncertain,degeneration,english,target_local_association,2,2,2,A selected pair may include multiple detectors/propositions.
selected_winning_pair_participation,v2_exact,Baker's,positive,chondral_abnormality,english,<no_explicit_rule>,2,2,2,A selected pair may include multiple detectors/propositions.
selected_winning_pair_participation,v2_exact,Baker's,positive,degeneration,dutch,<no_explicit_rule>,2,2,2,A selected pair may include multiple detectors/propositions.
selected_winning_pair_participation,v2_exact,Baker's,uncertain,abnormality,english,<no_explicit_rule>,2,2,2,A selected pair may include multiple detectors/propositions.
selected_winning_pair_participation,v2_exact,Contusion,positive,abnormality,south_slavic,<no_explicit_rule>,2,2,2,A selected pair may include multiple detectors/propositions.
selected_winning_pair_participation,v2_exact,Contusion,positive,tear,greek_script,<no_explicit_rule>,2,2,2,A selected pair may include multiple detectors/propositions.
selected_winning_pair_participation,v2_exact,Effusion,negative,abnormality_absent,latin_other,<no_explicit_rule>,2,2,2,A selected pair may include multiple detectors/propositions.
selected_winning_pair_participation,v2_exact,Effusion,positive,chondral_abnormality,cyrillic_script,<no_explicit_rule>,2,2,2,A selected pair may include multiple detectors/propositions.
selected_winning_pair_participation,v2_exact,Effusion,positive,chondral_abnormality,english,<no_explicit_rule>,2,2,2,A selected pair may include multiple detectors/propositions.
selected_winning_pair_participation,v2_exact,Effusion,positive,chondral_abnormality,south_slavic,<no_explicit_rule>,2,2,2,A selected pair may include multiple detectors/propositions.
selected_winning_pair_participation,v2_exact,Effusion,positive,degeneration,south_slavic,<no_explicit_rule>,2,2,2,A selected pair may include multiple detectors/propositions.
selected_winning_pair_participation,v2_exact,Effusion,uncertain,abnormality,english,<no_explicit_rule>,2,2,2,A selected pair may include multiple detectors/propositions.
selected_winning_pair_participation,v2_exact,Effusion,uncertain,abnormality,south_slavic,<no_explicit_rule>,2,2,2,A selected pair may include multiple detectors/propositions.
selected_winning_pair_participation,v2_exact,Fracture,negative,abnormality_absent,greek_script,<no_explicit_rule>,2,2,2,A selected pair may include multiple detectors/propositions.
selected_winning_pair_participation,v2_exact,Fracture,uncertain,fracture,english|spanish,fracture_en,2,2,2,A selected pair may include multiple detectors/propositions.
selected_winning_pair_participation,v2_exact,Fracture,uncertain,fracture,south_slavic,fracture_sl,2,2,2,A selected pair may include multiple detectors/propositions.
selected_winning_pair_participation,v2_exact,Lateral Meniscus,negative,abnormality_absent,dutch,target_local_association,2,2,2,A selected pair may include multiple detectors/propositions.
selected_winning_pair_participation,v2_exact,Lateral Meniscus,negative,abnormality_absent,german,target_local_association,2,2,2,A selected pair may include multiple detectors/propositions.
selected_winning_pair_participation,v2_exact,Lateral Meniscus,positive,extrusion,english,target_local_association,2,2,2,A selected pair may include multiple detectors/propositions.
selected_winning_pair_participation,v2_exact,Lateral Meniscus,positive,tear,turkish,<no_explicit_rule>,2,2,2,A selected pair may include multiple detectors/propositions.
selected_winning_pair_participation,v2_exact,Lateral Meniscus,uncertain,tear,south_slavic,target_local_association,2,2,2,A selected pair may include multiple detectors/propositions.
selected_winning_pair_participation,v2_exact,Lateral Meniscus,uncertain,tear,spanish,target_local_association,2,2,2,A selected pair may include multiple detectors/propositions.
selected_winning_pair_participation,v2_exact,Lateral OA,positive,abnormality,greek_script,<no_explicit_rule>,2,2,2,A selected pair may include multiple detectors/propositions.
selected_winning_pair_participation,v2_exact,Lateral OA,positive,chondral_abnormality,french,<no_explicit_rule>,2,2,2,A selected pair may include multiple detectors/propositions.
selected_winning_pair_participation,v2_exact,Lateral OA,positive,chondral_abnormality,turkish,<no_explicit_rule>,2,2,2,A selected pair may include multiple detectors/propositions.
selected_winning_pair_participation,v2_exact,MCL,positive,abnormality,spanish,target_local_association,2,2,2,A selected pair may include multiple detectors/propositions.
selected_winning_pair_participation,v2_exact,MCL,positive,tear,german,target_local_association,2,2,2,A selected pair may include multiple detectors/propositions.
selected_winning_pair_participation,v2_exact,MCL,positive,tear,south_slavic,<no_explicit_rule>,2,2,2,A selected pair may include multiple detectors/propositions.
selected_winning_pair_participation,v2_exact,Medial Meniscus,negative,abnormality_absent,spanish,<no_explicit_rule>,2,2,2,A selected pair may include multiple detectors/propositions.
selected_winning_pair_participation,v2_exact,Medial Meniscus,positive,abnormality,english,<no_explicit_rule>,2,2,2,A selected pair may include multiple detectors/propositions.
selected_winning_pair_participation,v2_exact,Medial Meniscus,positive,chondral_abnormality,cyrillic_script,<no_explicit_rule>,2,2,2,A selected pair may include multiple detectors/propositions.
selected_winning_pair_participation,v2_exact,Medial Meniscus,positive,degeneration,south_slavic,target_local_association,2,2,2,A selected pair may include multiple detectors/propositions.
selected_winning_pair_participation,v2_exact,Medial Meniscus,positive,extrusion,spanish,target_local_association,2,2,2,A selected pair may include multiple detectors/propositions.
selected_winning_pair_participation,v2_exact,Medial Meniscus,positive,extrusion,turkish,target_local_association,2,2,2,A selected pair may include multiple detectors/propositions.
selected_winning_pair_participation,v2_exact,Medial Meniscus,uncertain,abnormality,english,target_local_association,2,2,2,A selected pair may include multiple detectors/propositions.
selected_winning_pair_participation,v2_exact,Medial Meniscus,uncertain,abnormality,spanish,target_local_association,2,2,2,A selected pair may include multiple detectors/propositions.
selected_winning_pair_participation,v2_exact,Medial OA,positive,chondral_abnormality,dutch,compartment_scope,2,2,2,A selected pair may include multiple detectors/propositions.
selected_winning_pair_participation,v2_exact,Medial OA,positive,chondral_abnormality,turkish,<no_explicit_rule>,2,2,2,A selected pair may include multiple detectors/propositions.
selected_winning_pair_participation,v2_exact,Medial OA,positive,tear,english,<no_explicit_rule>,2,2,2,A selected pair may include multiple detectors/propositions.
selected_winning_pair_participation,v2_exact,PF OA,negative,abnormality_absent,latin_other,<no_explicit_rule>,2,2,2,A selected pair may include multiple detectors/propositions.
selected_winning_pair_participation,v2_exact,PF OA,negative,abnormality_absent,turkish,<no_explicit_rule>,2,2,2,A selected pair may include multiple detectors/propositions.
selected_winning_pair_participation,v2_exact,PF OA,positive,abnormality,south_slavic,<no_explicit_rule>,2,2,2,A selected pair may include multiple detectors/propositions.
selected_winning_pair_participation,v2_exact,PF OA,positive,chondral_abnormality,dutch,<no_explicit_rule>,2,2,2,A selected pair may include multiple detectors/propositions.
selected_winning_pair_participation,v2_exact,PF OA,positive,tear,turkish,<no_explicit_rule>,2,2,2,A selected pair may include multiple detectors/propositions.
selected_winning_pair_participation,v2_exact,Synovitis,negative,abnormality_absent,latin_other,<no_explicit_rule>,2,2,2,A selected pair may include multiple detectors/propositions.
selected_winning_pair_participation,v2_exact,Synovitis,positive,abnormality,latin_other,<no_explicit_rule>,2,2,2,A selected pair may include multiple detectors/propositions.
selected_winning_pair_participation,v2_exact,Synovitis,positive,chondral_abnormality,greek_script,<no_explicit_rule>,2,2,2,A selected pair may include multiple detectors/propositions.
selected_winning_pair_participation,v3_morphology,Contusion,uncertain,bone_contusion,turkish,contusion_tr,2,2,2,A selected pair may include multiple detectors/propositions.
selected_winning_pair_participation,v3_morphology,Effusion,uncertain,joint_effusion,english,effusion_en_plural,2,2,2,A selected pair may include multiple detectors/propositions.
selected_winning_pair_participation,v3_morphology,Fracture,negative,fracture_absent,greek_script,fracture_el,2,2,2,A selected pair may include multiple detectors/propositions.
selected_winning_pair_participation,v3_morphology,Fracture,positive,fracture,german,fracture_de,2,2,2,A selected pair may include multiple detectors/propositions.
selected_winning_pair_participation,v3_morphology,Fracture,uncertain,fracture,english|spanish,fracture_en,2,2,2,A selected pair may include multiple detectors/propositions.
selected_winning_pair_participation,v3_morphology,Fracture,uncertain,fracture,south_slavic,fracture_sl,2,2,2,A selected pair may include multiple detectors/propositions.
selected_winning_pair_participation,v3_target,ACL,negative,abnormality_absent,turkish,target_local_association,2,2,2,A selected pair may include multiple detectors/propositions.
selected_winning_pair_participation,v3_target,ACL,positive,abnormality,spanish,target_local_association,2,2,2,A selected pair may include multiple detectors/propositions.
selected_winning_pair_participation,v3_target,ACL,positive,degeneration,french,target_local_association,2,2,2,A selected pair may include multiple detectors/propositions.
selected_winning_pair_participation,v3_target,ACL,positive,degeneration,german,target_local_association,2,2,2,A selected pair may include multiple detectors/propositions.
selected_winning_pair_participation,v3_target,ACL,positive,sprain,south_slavic,target_local_association,2,2,2,A selected pair may include multiple detectors/propositions.
selected_winning_pair_participation,v3_target,ACL,uncertain,degeneration,english,target_local_association,2,2,2,A selected pair may include multiple detectors/propositions.
selected_winning_pair_participation,v3_target,Lateral Meniscus,negative,abnormality_absent,dutch,target_local_association,2,2,2,A selected pair may include multiple detectors/propositions.
selected_winning_pair_participation,v3_target,Lateral Meniscus,negative,abnormality_absent,german,target_local_association,2,2,2,A selected pair may include multiple detectors/propositions.
selected_winning_pair_participation,v3_target,Lateral Meniscus,positive,extrusion,dutch,target_local_association,2,2,2,A selected pair may include multiple detectors/propositions.
selected_winning_pair_participation,v3_target,Lateral Meniscus,positive,extrusion,greek_script,target_local_association,2,2,2,A selected pair may include multiple detectors/propositions.
selected_winning_pair_participation,v3_target,Lateral Meniscus,uncertain,tear,spanish,target_local_association,2,2,2,A selected pair may include multiple detectors/propositions.
selected_winning_pair_participation,v3_target,Lateral Meniscus,uncertain,tear,turkish,target_local_association,2,2,2,A selected pair may include multiple detectors/propositions.
selected_winning_pair_participation,v3_target,Lateral OA,negative,normal_cartilage,dutch,compartment_normality,2,2,2,A selected pair may include multiple detectors/propositions.
selected_winning_pair_participation,v3_target,Lateral OA,positive,chondral_abnormality,turkish,compartment_scope,2,2,2,A selected pair may include multiple detectors/propositions.
selected_winning_pair_participation,v3_target,Lateral OA,positive,degeneration,turkish,compartment_scope,2,2,2,A selected pair may include multiple detectors/propositions.
selected_winning_pair_participation,v3_target,MCL,positive,abnormality,german,target_local_association,2,2,2,A selected pair may include multiple detectors/propositions.
selected_winning_pair_participation,v3_target,MCL,positive,abnormality,spanish,target_local_association,2,2,2,A selected pair may include multiple detectors/propositions.
selected_winning_pair_participation,v3_target,MCL,positive,sprain,latin_other,target_local_association,2,2,2,A selected pair may include multiple detectors/propositions.
selected_winning_pair_participation,v3_target,MCL,positive,tear,german,target_local_association,2,2,2,A selected pair may include multiple detectors/propositions.
selected_winning_pair_participation,v3_target,MCL,uncertain,sprain,english,target_local_association,2,2,2,A selected pair may include multiple detectors/propositions.
selected_winning_pair_participation,v3_target,Medial Meniscus,positive,abnormality,south_slavic,target_local_association,2,2,2,A selected pair may include multiple detectors/propositions.
selected_winning_pair_participation,v3_target,Medial Meniscus,positive,extrusion,spanish,target_local_association,2,2,2,A selected pair may include multiple detectors/propositions.
selected_winning_pair_participation,v3_target,Medial Meniscus,positive,extrusion,turkish,target_local_association,2,2,2,A selected pair may include multiple detectors/propositions.
selected_winning_pair_participation,v3_target,Medial Meniscus,uncertain,abnormality,english,target_local_association,2,2,2,A selected pair may include multiple detectors/propositions.
selected_winning_pair_participation,v3_target,Medial Meniscus,uncertain,abnormality,spanish,target_local_association,2,2,2,A selected pair may include multiple detectors/propositions.
selected_winning_pair_participation,v3_target,Medial Meniscus,uncertain,degeneration,south_slavic,target_local_association,2,2,2,A selected pair may include multiple detectors/propositions.
selected_winning_pair_participation,v3_target,Medial OA,positive,chondral_abnormality,south_slavic,compartment_scope|tibiofemoral_compartments,2,2,2,A selected pair may include multiple detectors/propositions.
selected_winning_pair_participation,v3_target,PF OA,negative,chondral_abnormality_absent,greek_script,compartment_scope,2,2,2,A selected pair may include multiple detectors/propositions.
selected_winning_pair_participation,v3_target,PF OA,negative,normal_cartilage,greek_script,compartment_normality,2,2,2,A selected pair may include multiple detectors/propositions.
selected_winning_pair_participation,v3_target,PF OA,negative,normal_cartilage,latin_other,compartment_normality,2,2,2,A selected pair may include multiple detectors/propositions.
selected_winning_pair_participation,v3_target,PF OA,positive,degeneration,english,compartment_scope,2,2,2,A selected pair may include multiple detectors/propositions.
selected_winning_pair_participation,v3_target,PF OA,uncertain,chondral_abnormality,dutch,compartment_scope,2,2,2,A selected pair may include multiple detectors/propositions.
selected_winning_pair_participation,v2_collective,Lateral Meniscus,negative,abnormality_absent,english,both_menisci_negative_only|target_local_association,1,1,1,A selected pair may include multiple detectors/propositions.
selected_winning_pair_participation,v2_collective,Lateral Meniscus,negative,abnormality_absent,french,both_menisci_negative_only,1,1,1,A selected pair may include multiple detectors/propositions.
selected_winning_pair_participation,v2_collective,Lateral Meniscus,negative,abnormality_absent,spanish,both_menisci,1,1,1,A selected pair may include multiple detectors/propositions.
selected_winning_pair_participation,v2_collective,Lateral Meniscus,positive,degeneration,south_slavic,both_menisci,1,1,1,A selected pair may include multiple detectors/propositions.
selected_winning_pair_participation,v2_collective,Lateral Meniscus,positive,tear,latin_other,both_menisci,1,1,1,A selected pair may include multiple detectors/propositions.
selected_winning_pair_participation,v2_collective,Lateral OA,positive,chondral_abnormality,english,tibiofemoral_compartments,1,1,1,A selected pair may include multiple detectors/propositions.
selected_winning_pair_participation,v2_collective,Lateral OA,positive,tear,english,lateral_and_patellofemoral_compartments,1,1,1,A selected pair may include multiple detectors/propositions.
selected_winning_pair_participation,v2_collective,Medial Meniscus,negative,abnormality_absent,french,both_menisci_negative_only,1,1,1,A selected pair may include multiple detectors/propositions.
selected_winning_pair_participation,v2_collective,Medial Meniscus,positive,degeneration,south_slavic,both_menisci,1,1,1,A selected pair may include multiple detectors/propositions.
selected_winning_pair_participation,v2_collective,Medial Meniscus,positive,sprain,turkish,both_menisci,1,1,1,A selected pair may include multiple detectors/propositions.
selected_winning_pair_participation,v2_collective,Medial Meniscus,positive,tear,latin_other,both_menisci,1,1,1,A selected pair may include multiple detectors/propositions.
selected_winning_pair_participation,v2_collective,Medial Meniscus,positive,tear,spanish,both_menisci,1,1,1,A selected pair may include multiple detectors/propositions.
selected_winning_pair_participation,v2_collective,Medial Meniscus,positive,tear,turkish,both_menisci,1,1,1,A selected pair may include multiple detectors/propositions.
selected_winning_pair_participation,v2_collective,Medial Meniscus,uncertain,tear,english,both_menisci,1,1,1,A selected pair may include multiple detectors/propositions.
selected_winning_pair_participation,v2_collective,Medial OA,positive,abnormality,greek_script,tibiofemoral_compartments,1,1,1,A selected pair may include multiple detectors/propositions.
selected_winning_pair_participation,v2_collective,Medial OA,positive,chondral_abnormality,greek_script,compartment_scope|tibiofemoral_compartments,1,1,1,A selected pair may include multiple detectors/propositions.
selected_winning_pair_participation,v2_collective,Medial OA,positive,degeneration,english,tibiofemoral_compartments,1,1,1,A selected pair may include multiple detectors/propositions.
selected_winning_pair_participation,v2_collective,PF OA,positive,abnormality,english,tibiofemoral_compartments,1,1,1,A selected pair may include multiple detectors/propositions.
selected_winning_pair_participation,v2_collective,PF OA,positive,abnormality,greek_script,tibiofemoral_compartments,1,1,1,A selected pair may include multiple detectors/propositions.
selected_winning_pair_participation,v2_collective,PF OA,positive,chondral_abnormality,greek_script,compartment_scope|tibiofemoral_compartments,1,1,1,A selected pair may include multiple detectors/propositions.
selected_winning_pair_participation,v2_collective,PF OA,positive,chondral_abnormality,south_slavic,tibiofemoral_compartments,1,1,1,A selected pair may include multiple detectors/propositions.
selected_winning_pair_participation,v2_collective,PF OA,positive,degeneration,english,tibiofemoral_compartments,1,1,1,A selected pair may include multiple detectors/propositions.
selected_winning_pair_participation,v2_collective,PF OA,positive,tear,english,lateral_and_patellofemoral_compartments,1,1,1,A selected pair may include multiple detectors/propositions.
selected_winning_pair_participation,v2_collective,PF OA,positive,tear,greek_script,tibiofemoral_compartments,1,1,1,A selected pair may include multiple detectors/propositions.
selected_winning_pair_participation,v2_exact,ACL,negative,abnormality_absent,dutch,target_local_association,1,1,1,A selected pair may include multiple detectors/propositions.
selected_winning_pair_participation,v2_exact,ACL,positive,abnormality,dutch,<no_explicit_rule>,1,1,1,A selected pair may include multiple detectors/propositions.
selected_winning_pair_participation,v2_exact,ACL,positive,abnormality,spanish,target_local_association,1,1,1,A selected pair may include multiple detectors/propositions.
selected_winning_pair_participation,v2_exact,ACL,positive,abnormality,turkish,target_local_association,1,1,1,A selected pair may include multiple detectors/propositions.
selected_winning_pair_participation,v2_exact,ACL,positive,avulsion,latin_other,<no_explicit_rule>,1,1,1,A selected pair may include multiple detectors/propositions.
selected_winning_pair_participation,v2_exact,ACL,positive,degeneration,german,target_local_association,1,1,1,A selected pair may include multiple detectors/propositions.
selected_winning_pair_participation,v2_exact,ACL,positive,sprain,dutch,target_local_association,1,1,1,A selected pair may include multiple detectors/propositions.
selected_winning_pair_participation,v2_exact,ACL,positive,sprain,english,<no_explicit_rule>,1,1,1,A selected pair may include multiple detectors/propositions.
selected_winning_pair_participation,v2_exact,ACL,positive,tear,german,target_local_association,1,1,1,A selected pair may include multiple detectors/propositions.
selected_winning_pair_participation,v2_exact,ACL,uncertain,abnormality,dutch,target_local_association,1,1,1,A selected pair may include multiple detectors/propositions.
selected_winning_pair_participation,v2_exact,ACL,uncertain,abnormality,english,target_local_association,1,1,1,A selected pair may include multiple detectors/propositions.
selected_winning_pair_participation,v2_exact,ACL,uncertain,abnormality,french,target_local_association,1,1,1,A selected pair may include multiple detectors/propositions.
selected_winning_pair_participation,v2_exact,ACL,uncertain,degeneration,south_slavic,target_local_association,1,1,1,A selected pair may include multiple detectors/propositions.
selected_winning_pair_participation,v2_exact,ACL,uncertain,sprain,english,target_local_association,1,1,1,A selected pair may include multiple detectors/propositions.
selected_winning_pair_participation,v2_exact,Baker's,positive,abnormality,latin_other,<no_explicit_rule>,1,1,1,A selected pair may include multiple detectors/propositions.
selected_winning_pair_participation,v2_exact,Baker's,positive,chondral_abnormality,dutch,<no_explicit_rule>,1,1,1,A selected pair may include multiple detectors/propositions.
selected_winning_pair_participation,v2_exact,Baker's,positive,chondral_abnormality,french,<no_explicit_rule>,1,1,1,A selected pair may include multiple detectors/propositions.
selected_winning_pair_participation,v2_exact,Baker's,positive,chondral_abnormality,german,<no_explicit_rule>,1,1,1,A selected pair may include multiple detectors/propositions.
selected_winning_pair_participation,v2_exact,Baker's,positive,chondral_abnormality,greek_script,<no_explicit_rule>,1,1,1,A selected pair may include multiple detectors/propositions.
selected_winning_pair_participation,v2_exact,Baker's,positive,chondral_abnormality,south_slavic,<no_explicit_rule>,1,1,1,A selected pair may include multiple detectors/propositions.
selected_winning_pair_participation,v2_exact,Baker's,positive,degeneration,greek_script,<no_explicit_rule>,1,1,1,A selected pair may include multiple detectors/propositions.
selected_winning_pair_participation,v2_exact,Baker's,positive,tear,latin_other,<no_explicit_rule>,1,1,1,A selected pair may include multiple detectors/propositions.
selected_winning_pair_participation,v2_exact,Baker's,positive,tear,south_slavic,<no_explicit_rule>,1,1,1,A selected pair may include multiple detectors/propositions.
selected_winning_pair_participation,v2_exact,Baker's,uncertain,tear,english,<no_explicit_rule>,1,1,1,A selected pair may include multiple detectors/propositions.
selected_winning_pair_participation,v2_exact,Contusion,negative,abnormality_absent,french,<no_explicit_rule>,1,1,1,A selected pair may include multiple detectors/propositions.
selected_winning_pair_participation,v2_exact,Contusion,positive,chondral_abnormality,dutch,<no_explicit_rule>,1,1,1,A selected pair may include multiple detectors/propositions.
selected_winning_pair_participation,v2_exact,Contusion,positive,chondral_abnormality,turkish,<no_explicit_rule>,1,1,1,A selected pair may include multiple detectors/propositions.
selected_winning_pair_participation,v2_exact,Contusion,positive,degeneration,french,<no_explicit_rule>,1,1,1,A selected pair may include multiple detectors/propositions.
selected_winning_pair_participation,v2_exact,Contusion,positive,fracture,french,<no_explicit_rule>,1,1,1,A selected pair may include multiple detectors/propositions.
selected_winning_pair_participation,v2_exact,Contusion,positive,sprain,spanish,<no_explicit_rule>,1,1,1,A selected pair may include multiple detectors/propositions.
selected_winning_pair_participation,v2_exact,Contusion,positive,tear,english,<no_explicit_rule>,1,1,1,A selected pair may include multiple detectors/propositions.
selected_winning_pair_participation,v2_exact,Contusion,positive,tear,german,<no_explicit_rule>,1,1,1,A selected pair may include multiple detectors/propositions.
selected_winning_pair_participation,v2_exact,Contusion,positive,tear,spanish,<no_explicit_rule>,1,1,1,A selected pair may include multiple detectors/propositions.
selected_winning_pair_participation,v2_exact,Effusion,positive,chondral_abnormality,french,<no_explicit_rule>,1,1,1,A selected pair may include multiple detectors/propositions.
selected_winning_pair_participation,v2_exact,Effusion,positive,degeneration,greek_script,<no_explicit_rule>,1,1,1,A selected pair may include multiple detectors/propositions.
selected_winning_pair_participation,v2_exact,Effusion,positive,degeneration,turkish,<no_explicit_rule>,1,1,1,A selected pair may include multiple detectors/propositions.
selected_winning_pair_participation,v2_exact,Effusion,positive,extrusion,south_slavic,<no_explicit_rule>,1,1,1,A selected pair may include multiple detectors/propositions.
selected_winning_pair_participation,v2_exact,Effusion,positive,fracture,south_slavic,<no_explicit_rule>,1,1,1,A selected pair may include multiple detectors/propositions.
selected_winning_pair_participation,v2_exact,Effusion,positive,tear,spanish,<no_explicit_rule>,1,1,1,A selected pair may include multiple detectors/propositions.
selected_winning_pair_participation,v2_exact,Effusion,uncertain,chondral_abnormality,dutch,<no_explicit_rule>,1,1,1,A selected pair may include multiple detectors/propositions.
selected_winning_pair_participation,v2_exact,Effusion,uncertain,fracture,english,<no_explicit_rule>,1,1,1,A selected pair may include multiple detectors/propositions.
selected_winning_pair_participation,v2_exact,Fracture,positive,abnormality,dutch,<no_explicit_rule>,1,1,1,A selected pair may include multiple detectors/propositions.
selected_winning_pair_participation,v2_exact,Fracture,positive,fracture,cyrillic_script|english,fracture_en,1,1,1,A selected pair may include multiple detectors/propositions.
selected_winning_pair_participation,v2_exact,Fracture,positive,fracture,english|greek_script,fracture_el|fracture_en,1,1,1,A selected pair may include multiple detectors/propositions.
selected_winning_pair_participation,v2_exact,Fracture,positive,fracture,english|latin_other,fracture_en,1,1,1,A selected pair may include multiple detectors/propositions.
selected_winning_pair_participation,v2_exact,Fracture,positive,fracture,german,fracture_de,1,1,1,A selected pair may include multiple detectors/propositions.
selected_winning_pair_participation,v2_exact,Fracture,uncertain,chondral_abnormality,dutch,<no_explicit_rule>,1,1,1,A selected pair may include multiple detectors/propositions.
selected_winning_pair_participation,v2_exact,Lateral Meniscus,negative,abnormality_absent,cyrillic_script,target_local_association,1,1,1,A selected pair may include multiple detectors/propositions.
selected_winning_pair_participation,v2_exact,Lateral Meniscus,positive,avulsion,english,target_local_association,1,1,1,A selected pair may include multiple detectors/propositions.
selected_winning_pair_participation,v2_exact,Lateral Meniscus,positive,chondral_abnormality,cyrillic_script,<no_explicit_rule>,1,1,1,A selected pair may include multiple detectors/propositions.
selected_winning_pair_participation,v2_exact,Lateral Meniscus,positive,degeneration,cyrillic_script,<no_explicit_rule>,1,1,1,A selected pair may include multiple detectors/propositions.
selected_winning_pair_participation,v2_exact,Lateral Meniscus,positive,degeneration,greek_script,<no_explicit_rule>,1,1,1,A selected pair may include multiple detectors/propositions.
selected_winning_pair_participation,v2_exact,Lateral Meniscus,positive,extrusion,greek_script,target_local_association,1,1,1,A selected pair may include multiple detectors/propositions.
selected_winning_pair_participation,v2_exact,Lateral Meniscus,positive,sprain,turkish,<no_explicit_rule>,1,1,1,A selected pair may include multiple detectors/propositions.
selected_winning_pair_participation,v2_exact,Lateral Meniscus,positive,tear,dutch,target_local_association,1,1,1,A selected pair may include multiple detectors/propositions.
selected_winning_pair_participation,v2_exact,Lateral Meniscus,positive,tear,german,<no_explicit_rule>,1,1,1,A selected pair may include multiple detectors/propositions.
selected_winning_pair_participation,v2_exact,Lateral Meniscus,uncertain,abnormality,dutch,target_local_association,1,1,1,A selected pair may include multiple detectors/propositions.
selected_winning_pair_participation,v2_exact,Lateral Meniscus,uncertain,abnormality,german,target_local_association,1,1,1,A selected pair may include multiple detectors/propositions.
selected_winning_pair_participation,v2_exact,Lateral Meniscus,uncertain,degeneration,dutch,target_local_association,1,1,1,A selected pair may include multiple detectors/propositions.
selected_winning_pair_participation,v2_exact,Lateral Meniscus,uncertain,tear,turkish,target_local_association,1,1,1,A selected pair may include multiple detectors/propositions.
selected_winning_pair_participation,v2_exact,Lateral OA,positive,abnormality,english,tibiofemoral_compartments,1,1,1,A selected pair may include multiple detectors/propositions.
selected_winning_pair_participation,v2_exact,Lateral OA,positive,abnormality,german,<no_explicit_rule>,1,1,1,A selected pair may include multiple detectors/propositions.
selected_winning_pair_participation,v2_exact,Lateral OA,positive,chondral_abnormality,cyrillic_script,compartment_scope,1,1,1,A selected pair may include multiple detectors/propositions.
selected_winning_pair_participation,v2_exact,Lateral OA,positive,chondral_abnormality,dutch,<no_explicit_rule>,1,1,1,A selected pair may include multiple detectors/propositions.
selected_winning_pair_participation,v2_exact,Lateral OA,positive,chondral_abnormality,english,compartment_scope|lateral_and_patellofemoral_compartments,1,1,1,A selected pair may include multiple detectors/propositions.
selected_winning_pair_participation,v2_exact,Lateral OA,positive,chondral_abnormality,latin_other,<no_explicit_rule>,1,1,1,A selected pair may include multiple detectors/propositions.
selected_winning_pair_participation,v2_exact,Lateral OA,positive,chondral_abnormality,latin_other,compartment_scope,1,1,1,A selected pair may include multiple detectors/propositions.
selected_winning_pair_participation,v2_exact,Lateral OA,positive,chondral_abnormality,south_slavic,<no_explicit_rule>,1,1,1,A selected pair may include multiple detectors/propositions.
selected_winning_pair_participation,v2_exact,Lateral OA,positive,chondral_abnormality,spanish,<no_explicit_rule>,1,1,1,A selected pair may include multiple detectors/propositions.
selected_winning_pair_participation,v2_exact,Lateral OA,positive,degeneration,dutch,<no_explicit_rule>,1,1,1,A selected pair may include multiple detectors/propositions.
selected_winning_pair_participation,v2_exact,Lateral OA,positive,degeneration,south_slavic,<no_explicit_rule>,1,1,1,A selected pair may include multiple detectors/propositions.
selected_winning_pair_participation,v2_exact,Lateral OA,positive,degeneration,turkish,compartment_scope,1,1,1,A selected pair may include multiple detectors/propositions.
selected_winning_pair_participation,v2_exact,Lateral OA,positive,tear,english,<no_explicit_rule>,1,1,1,A selected pair may include multiple detectors/propositions.
selected_winning_pair_participation,v2_exact,Lateral OA,positive,tear,turkish,<no_explicit_rule>,1,1,1,A selected pair may include multiple detectors/propositions.
selected_winning_pair_participation,v2_exact,MCL,negative,abnormality_absent,dutch,target_local_association,1,1,1,A selected pair may include multiple detectors/propositions.
selected_winning_pair_participation,v2_exact,MCL,negative,abnormality_absent,greek_script,<no_explicit_rule>,1,1,1,A selected pair may include multiple detectors/propositions.
selected_winning_pair_participation,v2_exact,MCL,negative,abnormality_absent,spanish,<no_explicit_rule>,1,1,1,A selected pair may include multiple detectors/propositions.
selected_winning_pair_participation,v2_exact,MCL,negative,abnormality_absent,spanish,target_local_association,1,1,1,A selected pair may include multiple detectors/propositions.
selected_winning_pair_participation,v2_exact,MCL,negative,abnormality_absent,turkish,target_local_association,1,1,1,A selected pair may include multiple detectors/propositions.
selected_winning_pair_participation,v2_exact,MCL,positive,abnormality,dutch,<no_explicit_rule>,1,1,1,A selected pair may include multiple detectors/propositions.
selected_winning_pair_participation,v2_exact,MCL,positive,abnormality,german,<no_explicit_rule>,1,1,1,A selected pair may include multiple detectors/propositions.
selected_winning_pair_participation,v2_exact,MCL,positive,abnormality,german,target_local_association,1,1,1,A selected pair may include multiple detectors/propositions.
selected_winning_pair_participation,v2_exact,MCL,positive,abnormality,latin_other,target_local_association,1,1,1,A selected pair may include multiple detectors/propositions.
selected_winning_pair_participation,v2_exact,MCL,positive,avulsion,french,target_local_association,1,1,1,A selected pair may include multiple detectors/propositions.
selected_winning_pair_participation,v2_exact,MCL,positive,degeneration,turkish,target_local_association,1,1,1,A selected pair may include multiple detectors/propositions.
selected_winning_pair_participation,v2_exact,MCL,positive,fracture,turkish,<no_explicit_rule>,1,1,1,A selected pair may include multiple detectors/propositions.
selected_winning_pair_participation,v2_exact,MCL,positive,sprain,latin_other,target_local_association,1,1,1,A selected pair may include multiple detectors/propositions.
selected_winning_pair_participation,v2_exact,MCL,positive,sprain,south_slavic,<no_explicit_rule>,1,1,1,A selected pair may include multiple detectors/propositions.
selected_winning_pair_participation,v2_exact,MCL,positive,sprain,spanish,target_local_association,1,1,1,A selected pair may include multiple detectors/propositions.
selected_winning_pair_participation,v2_exact,MCL,positive,sprain,turkish,<no_explicit_rule>,1,1,1,A selected pair may include multiple detectors/propositions.
selected_winning_pair_participation,v2_exact,MCL,positive,tear,german,<no_explicit_rule>,1,1,1,A selected pair may include multiple detectors/propositions.
selected_winning_pair_participation,v2_exact,MCL,positive,tear,latin_other,target_local_association,1,1,1,A selected pair may include multiple detectors/propositions.
selected_winning_pair_participation,v2_exact,MCL,positive,tear,turkish,<no_explicit_rule>,1,1,1,A selected pair may include multiple detectors/propositions.
selected_winning_pair_participation,v2_exact,MCL,uncertain,degeneration,english,target_local_association,1,1,1,A selected pair may include multiple detectors/propositions.
selected_winning_pair_participation,v2_exact,MCL,uncertain,sprain,english,target_local_association,1,1,1,A selected pair may include multiple detectors/propositions.
selected_winning_pair_participation,v2_exact,MCL,uncertain,tear,south_slavic,target_local_association,1,1,1,A selected pair may include multiple detectors/propositions.
selected_winning_pair_participation,v2_exact,Medial Meniscus,negative,abnormality_absent,dutch,target_local_association,1,1,1,A selected pair may include multiple detectors/propositions.
selected_winning_pair_participation,v2_exact,Medial Meniscus,negative,abnormality_absent,german,target_local_association,1,1,1,A selected pair may include multiple detectors/propositions.
selected_winning_pair_participation,v2_exact,Medial Meniscus,negative,abnormality_absent,latin_other,target_local_association,1,1,1,A selected pair may include multiple detectors/propositions.
selected_winning_pair_participation,v2_exact,Medial Meniscus,positive,abnormality,dutch,<no_explicit_rule>,1,1,1,A selected pair may include multiple detectors/propositions.
selected_winning_pair_participation,v2_exact,Medial Meniscus,positive,abnormality,turkish,<no_explicit_rule>,1,1,1,A selected pair may include multiple detectors/propositions.
selected_winning_pair_participation,v2_exact,Medial Meniscus,positive,chondral_abnormality,dutch,<no_explicit_rule>,1,1,1,A selected pair may include multiple detectors/propositions.
selected_winning_pair_participation,v2_exact,Medial Meniscus,positive,sprain,dutch,<no_explicit_rule>,1,1,1,A selected pair may include multiple detectors/propositions.
selected_winning_pair_participation,v2_exact,Medial Meniscus,uncertain,abnormality,french,target_local_association,1,1,1,A selected pair may include multiple detectors/propositions.
selected_winning_pair_participation,v2_exact,Medial Meniscus,uncertain,abnormality,german,target_local_association,1,1,1,A selected pair may include multiple detectors/propositions.
selected_winning_pair_participation,v2_exact,Medial Meniscus,uncertain,chondral_abnormality,dutch,<no_explicit_rule>,1,1,1,A selected pair may include multiple detectors/propositions.
selected_winning_pair_participation,v2_exact,Medial OA,negative,abnormality_absent,cyrillic_script,<no_explicit_rule>,1,1,1,A selected pair may include multiple detectors/propositions.
selected_winning_pair_participation,v2_exact,Medial OA,negative,abnormality_absent,greek_script,<no_explicit_rule>,1,1,1,A selected pair may include multiple detectors/propositions.
selected_winning_pair_participation,v2_exact,Medial OA,positive,abnormality,south_slavic,<no_explicit_rule>,1,1,1,A selected pair may include multiple detectors/propositions.
selected_winning_pair_participation,v2_exact,Medial OA,positive,chondral_abnormality,dutch,<no_explicit_rule>,1,1,1,A selected pair may include multiple detectors/propositions.
selected_winning_pair_participation,v2_exact,Medial OA,positive,chondral_abnormality,french,<no_explicit_rule>,1,1,1,A selected pair may include multiple detectors/propositions.
selected_winning_pair_participation,v2_exact,Medial OA,positive,chondral_abnormality,latin_other,<no_explicit_rule>,1,1,1,A selected pair may include multiple detectors/propositions.
selected_winning_pair_participation,v2_exact,Medial OA,positive,chondral_abnormality,latin_other,compartment_scope,1,1,1,A selected pair may include multiple detectors/propositions.
selected_winning_pair_participation,v2_exact,Medial OA,positive,degeneration,dutch,<no_explicit_rule>,1,1,1,A selected pair may include multiple detectors/propositions.
selected_winning_pair_participation,v2_exact,Medial OA,positive,degeneration,german,<no_explicit_rule>,1,1,1,A selected pair may include multiple detectors/propositions.
selected_winning_pair_participation,v2_exact,Medial OA,positive,fracture,english,<no_explicit_rule>,1,1,1,A selected pair may include multiple detectors/propositions.
selected_winning_pair_participation,v2_exact,Medial OA,positive,tear,turkish,<no_explicit_rule>,1,1,1,A selected pair may include multiple detectors/propositions.
selected_winning_pair_participation,v2_exact,PF OA,negative,abnormality_absent,french,<no_explicit_rule>,1,1,1,A selected pair may include multiple detectors/propositions.
selected_winning_pair_participation,v2_exact,PF OA,negative,abnormality_absent,greek_script,<no_explicit_rule>,1,1,1,A selected pair may include multiple detectors/propositions.
selected_winning_pair_participation,v2_exact,PF OA,positive,abnormality,turkish,<no_explicit_rule>,1,1,1,A selected pair may include multiple detectors/propositions.
selected_winning_pair_participation,v2_exact,PF OA,positive,degeneration,dutch,<no_explicit_rule>,1,1,1,A selected pair may include multiple detectors/propositions.
selected_winning_pair_participation,v2_exact,PF OA,positive,degeneration,french,<no_explicit_rule>,1,1,1,A selected pair may include multiple detectors/propositions.
selected_winning_pair_participation,v2_exact,PF OA,positive,fracture,english,<no_explicit_rule>,1,1,1,A selected pair may include multiple detectors/propositions.
selected_winning_pair_participation,v2_exact,PF OA,positive,tear,english,<no_explicit_rule>,1,1,1,A selected pair may include multiple detectors/propositions.
selected_winning_pair_participation,v2_exact,PF OA,uncertain,chondral_abnormality,english,compartment_scope,1,1,1,A selected pair may include multiple detectors/propositions.
selected_winning_pair_participation,v2_exact,Synovitis,positive,abnormality,cyrillic_script,<no_explicit_rule>,1,1,1,A selected pair may include multiple detectors/propositions.
selected_winning_pair_participation,v2_exact,Synovitis,positive,chondral_abnormality,cyrillic_script,<no_explicit_rule>,1,1,1,A selected pair may include multiple detectors/propositions.
selected_winning_pair_participation,v2_exact,Synovitis,positive,chondral_abnormality,dutch,<no_explicit_rule>,1,1,1,A selected pair may include multiple detectors/propositions.
selected_winning_pair_participation,v2_exact,Synovitis,positive,degeneration,dutch,<no_explicit_rule>,1,1,1,A selected pair may include multiple detectors/propositions.
selected_winning_pair_participation,v2_exact,Synovitis,positive,fracture,turkish,<no_explicit_rule>,1,1,1,A selected pair may include multiple detectors/propositions.
selected_winning_pair_participation,v2_exact,Synovitis,positive,sprain,dutch,<no_explicit_rule>,1,1,1,A selected pair may include multiple detectors/propositions.
selected_winning_pair_participation,v2_exact,Synovitis,uncertain,fracture,english,<no_explicit_rule>,1,1,1,A selected pair may include multiple detectors/propositions.
selected_winning_pair_participation,v3_morphology,Baker's,negative,baker_cyst_absent,dutch|english,baker_nl|baker_variants,1,1,1,A selected pair may include multiple detectors/propositions.
selected_winning_pair_participation,v3_morphology,Baker's,uncertain,baker_cyst,english|south_slavic,baker_sl|baker_variants,1,1,1,A selected pair may include multiple detectors/propositions.
selected_winning_pair_participation,v3_morphology,Contusion,uncertain,bone_contusion,south_slavic,contusion_sl,1,1,1,A selected pair may include multiple detectors/propositions.
selected_winning_pair_participation,v3_morphology,Effusion,positive,tear,turkish,effusion_tr_root,1,1,1,A selected pair may include multiple detectors/propositions.
selected_winning_pair_participation,v3_morphology,Fracture,positive,fracture,cyrillic_script|english,fracture_en,1,1,1,A selected pair may include multiple detectors/propositions.
selected_winning_pair_participation,v3_morphology,Fracture,positive,fracture,english|greek_script,fracture_el|fracture_en,1,1,1,A selected pair may include multiple detectors/propositions.
selected_winning_pair_participation,v3_morphology,Fracture,positive,fracture,english|latin_other,fracture_en,1,1,1,A selected pair may include multiple detectors/propositions.
selected_winning_pair_participation,v3_morphology,Synovitis,negative,synovitis_absent,german,synovitis_de,1,1,1,A selected pair may include multiple detectors/propositions.
selected_winning_pair_participation,v3_target,ACL,negative,abnormality_absent,dutch,target_local_association,1,1,1,A selected pair may include multiple detectors/propositions.
selected_winning_pair_participation,v3_target,ACL,positive,avulsion,french,target_local_association,1,1,1,A selected pair may include multiple detectors/propositions.
selected_winning_pair_participation,v3_target,ACL,positive,degeneration,latin_other,target_local_association,1,1,1,A selected pair may include multiple detectors/propositions.
selected_winning_pair_participation,v3_target,ACL,positive,sprain,dutch,target_local_association,1,1,1,A selected pair may include multiple detectors/propositions.
selected_winning_pair_participation,v3_target,ACL,positive,sprain,greek_script,target_local_association,1,1,1,A selected pair may include multiple detectors/propositions.
selected_winning_pair_participation,v3_target,ACL,positive,tear,german,target_local_association,1,1,1,A selected pair may include multiple detectors/propositions.
selected_winning_pair_participation,v3_target,ACL,uncertain,abnormality,dutch,target_local_association,1,1,1,A selected pair may include multiple detectors/propositions.
selected_winning_pair_participation,v3_target,ACL,uncertain,abnormality,english,target_local_association,1,1,1,A selected pair may include multiple detectors/propositions.
selected_winning_pair_participation,v3_target,ACL,uncertain,abnormality,french,target_local_association,1,1,1,A selected pair may include multiple detectors/propositions.
selected_winning_pair_participation,v3_target,ACL,uncertain,degeneration,turkish,target_local_association,1,1,1,A selected pair may include multiple detectors/propositions.
selected_winning_pair_participation,v3_target,ACL,uncertain,sprain,english,target_local_association,1,1,1,A selected pair may include multiple detectors/propositions.
selected_winning_pair_participation,v3_target,ACL,uncertain,tear,spanish,target_local_association,1,1,1,A selected pair may include multiple detectors/propositions.
selected_winning_pair_participation,v3_target,ACL,uncertain,tear,turkish,target_local_association,1,1,1,A selected pair may include multiple detectors/propositions.
selected_winning_pair_participation,v3_target,Lateral Meniscus,negative,abnormality_absent,cyrillic_script,target_local_association,1,1,1,A selected pair may include multiple detectors/propositions.
selected_winning_pair_participation,v3_target,Lateral Meniscus,negative,abnormality_absent,english,both_menisci_negative_only|target_local_association,1,1,1,A selected pair may include multiple detectors/propositions.
selected_winning_pair_participation,v3_target,Lateral Meniscus,positive,avulsion,english,target_local_association,1,1,1,A selected pair may include multiple detectors/propositions.
selected_winning_pair_participation,v3_target,Lateral Meniscus,positive,tear,dutch,target_local_association,1,1,1,A selected pair may include multiple detectors/propositions.
selected_winning_pair_participation,v3_target,Lateral Meniscus,positive,tear,latin_other,target_local_association,1,1,1,A selected pair may include multiple detectors/propositions.
selected_winning_pair_participation,v3_target,Lateral Meniscus,uncertain,abnormality,dutch,target_local_association,1,1,1,A selected pair may include multiple detectors/propositions.
selected_winning_pair_participation,v3_target,Lateral Meniscus,uncertain,abnormality,german,target_local_association,1,1,1,A selected pair may include multiple detectors/propositions.
selected_winning_pair_participation,v3_target,Lateral Meniscus,uncertain,degeneration,dutch,target_local_association,1,1,1,A selected pair may include multiple detectors/propositions.
selected_winning_pair_participation,v3_target,Lateral Meniscus,uncertain,degeneration,english,target_local_association,1,1,1,A selected pair may include multiple detectors/propositions.
selected_winning_pair_participation,v3_target,Lateral Meniscus,uncertain,degeneration,south_slavic,target_local_association,1,1,1,A selected pair may include multiple detectors/propositions.
selected_winning_pair_participation,v3_target,Lateral OA,negative,normal_cartilage,south_slavic,compartment_normality,1,1,1,A selected pair may include multiple detectors/propositions.
selected_winning_pair_participation,v3_target,Lateral OA,positive,chondral_abnormality,cyrillic_script,compartment_scope,1,1,1,A selected pair may include multiple detectors/propositions.
selected_winning_pair_participation,v3_target,Lateral OA,positive,chondral_abnormality,latin_other,compartment_scope,1,1,1,A selected pair may include multiple detectors/propositions.
selected_winning_pair_participation,v3_target,Lateral OA,positive,tear,english,compartment_scope,1,1,1,A selected pair may include multiple detectors/propositions.
selected_winning_pair_participation,v3_target,MCL,negative,abnormality_absent,dutch,target_local_association,1,1,1,A selected pair may include multiple detectors/propositions.
selected_winning_pair_participation,v3_target,MCL,negative,abnormality_absent,spanish,target_local_association,1,1,1,A selected pair may include multiple detectors/propositions.
selected_winning_pair_participation,v3_target,MCL,negative,abnormality_absent,turkish,target_local_association,1,1,1,A selected pair may include multiple detectors/propositions.
selected_winning_pair_participation,v3_target,MCL,negative,normal_structure,spanish,target_local_normality,1,1,1,A selected pair may include multiple detectors/propositions.
selected_winning_pair_participation,v3_target,MCL,positive,abnormality,latin_other,target_local_association,1,1,1,A selected pair may include multiple detectors/propositions.
selected_winning_pair_participation,v3_target,MCL,positive,avulsion,french,target_local_association,1,1,1,A selected pair may include multiple detectors/propositions.
selected_winning_pair_participation,v3_target,MCL,positive,degeneration,turkish,target_local_association,1,1,1,A selected pair may include multiple detectors/propositions.
selected_winning_pair_participation,v3_target,MCL,positive,tear,latin_other,target_local_association,1,1,1,A selected pair may include multiple detectors/propositions.
selected_winning_pair_participation,v3_target,MCL,uncertain,degeneration,english,target_local_association,1,1,1,A selected pair may include multiple detectors/propositions.
selected_winning_pair_participation,v3_target,MCL,uncertain,sprain,spanish,target_local_association,1,1,1,A selected pair may include multiple detectors/propositions.
selected_winning_pair_participation,v3_target,MCL,uncertain,tear,german,target_local_association,1,1,1,A selected pair may include multiple detectors/propositions.
selected_winning_pair_participation,v3_target,MCL,uncertain,tear,south_slavic,target_local_association,1,1,1,A selected pair may include multiple detectors/propositions.
selected_winning_pair_participation,v3_target,Medial Meniscus,negative,abnormality_absent,dutch,target_local_association,1,1,1,A selected pair may include multiple detectors/propositions.
selected_winning_pair_participation,v3_target,Medial Meniscus,negative,abnormality_absent,german,target_local_association,1,1,1,A selected pair may include multiple detectors/propositions.
selected_winning_pair_participation,v3_target,Medial Meniscus,negative,abnormality_absent,latin_other,target_local_association,1,1,1,A selected pair may include multiple detectors/propositions.
selected_winning_pair_participation,v3_target,Medial Meniscus,positive,abnormality,greek_script,target_local_association,1,1,1,A selected pair may include multiple detectors/propositions.
selected_winning_pair_participation,v3_target,Medial Meniscus,positive,degeneration,latin_other,target_local_association,1,1,1,A selected pair may include multiple detectors/propositions.
selected_winning_pair_participation,v3_target,Medial Meniscus,positive,sprain,latin_other,target_local_association,1,1,1,A selected pair may include multiple detectors/propositions.
selected_winning_pair_participation,v3_target,Medial Meniscus,positive,sprain,south_slavic,target_local_association,1,1,1,A selected pair may include multiple detectors/propositions.
selected_winning_pair_participation,v3_target,Medial Meniscus,positive,tear,latin_other,target_local_association,1,1,1,A selected pair may include multiple detectors/propositions.
selected_winning_pair_participation,v3_target,Medial Meniscus,uncertain,abnormality,dutch,target_local_association,1,1,1,A selected pair may include multiple detectors/propositions.
selected_winning_pair_participation,v3_target,Medial Meniscus,uncertain,abnormality,french,target_local_association,1,1,1,A selected pair may include multiple detectors/propositions.
selected_winning_pair_participation,v3_target,Medial Meniscus,uncertain,abnormality,german,target_local_association,1,1,1,A selected pair may include multiple detectors/propositions.
selected_winning_pair_participation,v3_target,Medial Meniscus,uncertain,degeneration,english,target_local_association,1,1,1,A selected pair may include multiple detectors/propositions.
selected_winning_pair_participation,v3_target,Medial Meniscus,uncertain,extrusion,german,target_local_association,1,1,1,A selected pair may include multiple detectors/propositions.
selected_winning_pair_participation,v3_target,Medial Meniscus,uncertain,sprain,south_slavic,target_local_association,1,1,1,A selected pair may include multiple detectors/propositions.
selected_winning_pair_participation,v3_target,Medial Meniscus,uncertain,tear,turkish,target_local_association,1,1,1,A selected pair may include multiple detectors/propositions.
selected_winning_pair_participation,v3_target,Medial OA,negative,chondral_abnormality_absent,greek_script,compartment_scope,1,1,1,A selected pair may include multiple detectors/propositions.
selected_winning_pair_participation,v3_target,Medial OA,negative,normal_cartilage,cyrillic_script,compartment_normality,1,1,1,A selected pair may include multiple detectors/propositions.
selected_winning_pair_participation,v3_target,Medial OA,negative,normal_cartilage,south_slavic,compartment_normality,1,1,1,A selected pair may include multiple detectors/propositions.
selected_winning_pair_participation,v3_target,Medial OA,positive,chondral_abnormality,greek_script,compartment_scope|tibiofemoral_compartments,1,1,1,A selected pair may include multiple detectors/propositions.
selected_winning_pair_participation,v3_target,Medial OA,positive,chondral_abnormality,latin_other,compartment_scope,1,1,1,A selected pair may include multiple detectors/propositions.
selected_winning_pair_participation,v3_target,Medial OA,uncertain,chondral_abnormality,english,compartment_scope,1,1,1,A selected pair may include multiple detectors/propositions.
selected_winning_pair_participation,v3_target,PF OA,negative,chondral_abnormality_absent,cyrillic_script,compartment_scope,1,1,1,A selected pair may include multiple detectors/propositions.
selected_winning_pair_participation,v3_target,PF OA,negative,chondral_abnormality_absent,french,compartment_scope,1,1,1,A selected pair may include multiple detectors/propositions.
selected_winning_pair_participation,v3_target,PF OA,negative,chondral_abnormality_absent,south_slavic,compartment_scope,1,1,1,A selected pair may include multiple detectors/propositions.
selected_winning_pair_participation,v3_target,PF OA,negative,normal_cartilage,french,compartment_normality,1,1,1,A selected pair may include multiple detectors/propositions.
selected_winning_pair_participation,v3_target,PF OA,positive,chondral_abnormality,greek_script,compartment_scope|tibiofemoral_compartments,1,1,1,A selected pair may include multiple detectors/propositions.
