target,status,ngram_order,rank,ngram,count,share,cumulative_share,total_ngram_occurrences
ACL,negative,1,1,cruciate,1694,0.0609440207224061,0.0609440207224061,27796
ACL,negative,1,2,acl,1451,0.05220175564829472,0.11314577637070082,27796
ACL,negative,1,3,normal,1368,0.049215714491293715,0.16236149086199453,27796
ACL,negative,1,4,ligament,1161,0.04176859979853216,0.2041300906605267,27796
ACL,negative,1,5,intact,1052,0.03784717225500072,0.2419772629155274,27796
ACL,negative,1,6,anterior,930,0.03345805151820406,0.2754353144337315,27796
ACL,negative,1,7,and,861,0.03097567995395021,0.30641099438768166,27796
ACL,negative,1,8,ligaments,802,0.028853072384515756,0.33526406677219744,27796
ACL,negative,1,9,pcl,636,0.022880990070513745,0.3581450568427112,27796
ACL,negative,1,10,with,625,0.022485249676212404,0.3806303065189236,27796
ACL,negative,1,11,both,556,0.020002878111958555,0.40063318463088216,27796
ACL,negative,1,12,bundles,552,0.019858972514030796,0.42049215714491295,27796
ACL,negative,1,13,lcl,540,0.01942725572024752,0.43991941286516045,27796
ACL,negative,1,14,mcl,516,0.01856382213268096,0.45848323499784144,27796
ACL,negative,1,15,the,392,0.01410274859692042,0.47258598359476184,27796
ACL,negative,1,16,i,354,0.012735645416606706,0.48532162901136855,27796
ACL,negative,1,17,y,292,0.010505108648726436,0.495826737660095,27796
ACL,negative,1,18,ligamentos,284,0.010217297452870916,0.5060440351129659,27796
ACL,negative,1,19,cruzados,276,0.009929486257015398,0.5159735213699813,27796
ACL,negative,1,20,signala,263,0.00946179306375018,0.5254353144337315,27796
ACL,negative,1,21,de,259,0.009317887465822421,0.5347532018995539,27796
ACL,negative,1,22,colaterales,248,0.008922147071521083,0.543675348971075,27796
ACL,negative,1,23,is,238,0.008562383076701683,0.5522377320477767,27796
ACL,negative,1,24,posterior,225,0.008094689883436465,0.5603324219312131,27796
ACL,negative,1,25,dentro,216,0.007770902288099007,0.5681033242193121,27796
ACL,negative,1,26,limites,216,0.007770902288099007,0.5758742265074112,27796
ACL,negative,1,27,normales,216,0.007770902288099007,0.5836451287955101,27796
ACL,negative,1,28,prednji,183,0.006583681105194992,0.5902288099007051,27796
ACL,negative,1,29,krizni,183,0.006583681105194992,0.5968124910059002,27796
ACL,negative,1,30,ligamenta,176,0.006331846308821413,0.6031443373147215,27796
ACL,negative,1,31,se,171,0.006151964311411714,0.6092963016261332,27796
ACL,negative,1,32,capraz,167,0.006008058713483954,0.6153043603396172,27796
ACL,negative,1,33,kreuzbander,164,0.005900129515038135,0.6212044898546554,27796
ACL,negative,1,34,of,163,0.005864153115556195,0.6270686429702116,27796
ACL,negative,1,35,bag,162,0.0058281767160742555,0.6328968196862857,27796
ACL,negative,1,36,no,139,0.005000719527989639,0.6378975392142754,27796
ACL,negative,1,37,signal,138,0.004964743128507699,0.6428622823427831,27796
ACL,negative,1,38,intercondylar,133,0.004784861131098,0.6476471434738811,27796
ACL,negative,1,39,και,130,0.00467693193265218,0.6523240754065334,27796
ACL,negative,1,40,lateral,121,0.004353144337314722,0.6566772197438481,27796
ACL,negative,1,41,noted,119,0.0042811915383508415,0.6609584112821989,27796
ACL,negative,1,42,връзки,112,0.004029356741977263,0.6649877680241761,27796
ACL,negative,1,43,are,109,0.003921427543531444,0.6689091955677076,27796
ACL,negative,1,44,contour,104,0.003741545546121744,0.6726507411138293,27796
ACL,negative,1,45,prednjeg,103,0.003705569146639804,0.6763563102604692,27796
ACL,negative,1,46,kriznog,103,0.003705569146639804,0.6800618794071089,27796
ACL,negative,1,47,within,100,0.003597639948193985,0.6836595193553029,27796
ACL,negative,1,48,intenziteti,99,0.003561663548712045,0.687221182904015,27796
ACL,negative,1,49,morfologija,98,0.003525687149230105,0.6907468700532451,27796
ACL,negative,1,50,iliotibijalnog,98,0.003525687149230105,0.6942725572024752,27796
ACL,negative,1,51,traktusa,98,0.003525687149230105,0.6977982443517052,27796
ACL,negative,1,52,u,98,0.003525687149230105,0.7013239315009354,27796
ACL,negative,1,53,straznjeg,97,0.003489710749748165,0.7048136422506835,27796
ACL,negative,1,54,in,95,0.0034177579507842855,0.7082314002014678,27796
ACL,negative,1,55,to,95,0.0034177579507842855,0.7116491581522522,27796
ACL,negative,1,56,be,95,0.0034177579507842855,0.7150669161030364,27796
ACL,negative,1,57,intensity,94,0.0033817815513023457,0.7184486976543387,27796
ACL,negative,1,58,uredna,92,0.003309828752338466,0.7217585264066773,27796
ACL,negative,1,59,ligamenata,92,0.003309828752338466,0.7250683551590157,27796
ACL,negative,1,60,tetive,92,0.003309828752338466,0.7283781839113541,27796
ACL,negative,1,61,abnormal,89,0.0032018995538926464,0.7315800834652468,27796
ACL,negative,1,62,te,88,0.0031659231544107066,0.7347460066196575,27796
ACL,negative,1,63,kontinuitetu,87,0.003129946754928767,0.7378759533745862,27796
ACL,negative,1,64,intakt,87,0.003129946754928767,0.7410059001295151,27796
ACL,negative,1,65,kontinuiteta,87,0.003129946754928767,0.7441358468844438,27796
ACL,negative,1,66,on,86,0.003093970355446827,0.7472298172398907,27796
ACL,negative,1,67,odrzanog,86,0.003093970355446827,0.7503237875953375,27796
ACL,negative,1,68,sin,85,0.003057993955964887,0.7533817815513023,27796
ACL,negative,1,69,prati,85,0.003057993955964887,0.7564397755072673,27796
ACL,negative,1,70,notch,84,0.003022017556482947,0.7594617930637502,27796
ACL,negative,1,71,urednog,84,0.003022017556482947,0.7624838106202332,27796
ACL,negative,1,72,nalazi,83,0.0029860411570010073,0.7654698517772341,27796
ACL,negative,1,73,kolateralnih,83,0.0029860411570010073,0.7684558929342351,27796
ACL,negative,1,74,appear,82,0.0029500647575190675,0.7714059576917542,27796
ACL,negative,1,75,normaldir,81,0.0029140883580371277,0.7743200460497913,27796
ACL,negative,1,76,mr,79,0.0028421355590732477,0.7771621816088646,27796
ACL,negative,1,77,intenziteta,79,0.0028421355590732477,0.7800043171679378,27796
ACL,negative,1,78,кръстните,78,0.002806159159591308,0.7828104763275291,27796
ACL,negative,1,79,na,77,0.002770182760109368,0.7855806590876385,27796
ACL,negative,1,80,οι,75,0.0026982299611454886,0.788278889048784,27796
ACL,negative,1,81,arka,75,0.0026982299611454886,0.7909771190099295,27796
ACL,negative,1,82,ligaman,75,0.0026982299611454886,0.793675348971075,27796
ACL,negative,1,83,kruisband,75,0.0026982299611454886,0.7963735789322205,27796
ACL,negative,1,84,запазена,74,0.002662253561663549,0.799035832493884,27796
ACL,negative,1,85,цялост,74,0.002662253561663549,0.8016980860555476,27796
ACL,negative,1,86,koljena,73,0.002626277162181609,0.8043243632177292,27796
ACL,negative,1,87,са,73,0.002626277162181609,0.8069506403799108,27796
ACL,negative,1,88,voorste,73,0.002626277162181609,0.8095769175420924,27796
ACL,negative,1,89,m,72,0.002590300762699669,0.8121672183047921,27796
ACL,negative,1,90,ve,72,0.002590300762699669,0.8147575190674917,27796
ACL,negative,1,91,kollateral,71,0.002554324363217729,0.8173118434307095,27796
ACL,negative,1,92,seriji,70,0.0025183479637357893,0.8198301913944452,27796
ACL,negative,1,93,presjeka,70,0.0025183479637357893,0.8223485393581811,27796
ACL,negative,1,94,anterieur,69,0.0024823715642538495,0.8248309109224349,27796
ACL,negative,1,95,collateral,69,0.0024823715642538495,0.8273132824866888,27796
ACL,negative,1,96,със,68,0.0024463951647719097,0.8297596776514606,27796
ACL,negative,1,97,intacte,68,0.0024463951647719097,0.8322060728162326,27796
ACL,negative,1,98,и,68,0.0024463951647719097,0.8346524679810045,27796
ACL,negative,1,99,kruisbanden,67,0.00241041876528997,0.8370628867462945,27796
ACL,negative,1,100,patelarnog,66,0.0023744423658080297,0.8394373291121024,27796
ACL,negative,2,1,cruciate ligament,919,0.037188410488831335,0.037188410488831335,24712
ACL,negative,2,2,anterior cruciate,811,0.03281806409841373,0.07000647458724506,24712
ACL,negative,2,3,cruciate ligaments,719,0.029095176432502427,0.0991016510197475,24712
ACL,negative,2,4,ligament acl,631,0.025534153447717707,0.1246358044674652,24712
ACL,negative,2,5,acl pcl,598,0.02419876982842344,0.14883457429588864,24712
ACL,negative,2,6,ligaments anterior,597,0.024158303658141794,0.17299287795403043,24712
ACL,negative,2,7,acl normal,564,0.022822920038847522,0.19581579799287796,24712
ACL,negative,2,8,both bundles,552,0.02233732599546779,0.21815312398834574,24712
ACL,negative,2,9,bundles intact,550,0.0222563936549045,0.24040951764325025,24712
ACL,negative,2,10,normal acl,549,0.022215927484622856,0.2626254451278731,24712
ACL,negative,2,11,normal with,548,0.02217546131434121,0.2848009064422143,24712
ACL,negative,2,12,with both,546,0.02209452897377792,0.30689543541599223,24712
ACL,negative,2,13,and lcl,523,0.0211638070573001,0.3280592424732923,24712
ACL,negative,2,14,mcl and,506,0.02047588216251214,0.3485351246358045,24712
ACL,negative,2,15,pcl mcl,504,0.020394949821948852,0.36893007445775333,24712
ACL,negative,2,16,ligamentos cruzados,276,0.011168662997733895,0.3800987374554872,24712
ACL,negative,2,17,cruzados y,275,0.01112819682745225,0.3912269342829395,24712
ACL,negative,2,18,y colaterales,240,0.009711880867594691,0.40093881515053414,24712
ACL,negative,2,19,posterior cruciate,224,0.009064422143088379,0.41000323729362254,24712
ACL,negative,2,20,dentro de,216,0.008740692780835222,0.41874393007445776,24712
ACL,negative,2,21,de limites,216,0.008740692780835222,0.427484622855293,24712
ACL,negative,2,22,colaterales dentro,215,0.008700226610553577,0.43618484946584657,24712
ACL,negative,2,23,and posterior,213,0.008619294269990288,0.4448041437358368,24712
ACL,negative,2,24,limites normales,210,0.008497895759145354,0.4533020394949822,24712
ACL,negative,2,25,krizni ligament,162,0.006555519585626416,0.4598575590806086,24712
ACL,negative,2,26,capraz bag,160,0.006474587245063127,0.4663321463256717,24712
ACL,negative,2,27,prednji krizni,155,0.006272256393654904,0.47260440271932663,24712
ACL,negative,2,28,the anterior,127,0.005139203625768857,0.4777436063450955,24712
ACL,negative,2,29,is noted,119,0.004815474263515701,0.4825590806086112,24712
ACL,negative,2,30,anterior and,111,0.004491744901262544,0.4870508255098737,24712
ACL,negative,2,31,the contour,102,0.004127549368727744,0.4911783748786015,24712
ACL,negative,2,32,kriznog ligamenta,102,0.004127549368727744,0.4953059242473292,24712
ACL,negative,2,33,are intact,100,0.004046617028164455,0.49935254127549367,24712
ACL,negative,2,34,contour of,100,0.004046617028164455,0.5033991583036581,24712
ACL,negative,2,35,within normal,100,0.004046617028164455,0.5074457753318226,24712
ACL,negative,2,36,intenziteti signala,99,0.00400615085788281,0.5114519261897054,24712
ACL,negative,2,37,morfologija i,98,0.003965684687601166,0.5154176108773065,24712
ACL,negative,2,38,i intenziteti,98,0.003965684687601166,0.5193832955649077,24712
ACL,negative,2,39,iliotibijalnog traktusa,98,0.003965684687601166,0.5233489802525089,24712
ACL,negative,2,40,of acl,97,0.003925218517319521,0.5272741987698284,24712
ACL,negative,2,41,prednjeg i,97,0.003925218517319521,0.5311994172871479,24712
ACL,negative,2,42,i straznjeg,97,0.003925218517319521,0.5351246358044675,24712
ACL,negative,2,43,straznjeg kriznog,97,0.003925218517319521,0.539049854321787,24712
ACL,negative,2,44,to be,95,0.0038442861767562318,0.5428941404985432,24712
ACL,negative,2,45,be within,93,0.0037633538361929427,0.5466574943347362,24712
ACL,negative,2,46,ligament and,93,0.0037633538361929427,0.5504208481709291,24712
ACL,negative,2,47,signal intensity,92,0.003722887665911298,0.5541437358368404,24712
ACL,negative,2,48,ligamenta iliotibijalnog,92,0.003722887665911298,0.5578666235027517,24712
ACL,negative,2,49,acl intact,90,0.003641955325348009,0.5615085788280997,24712
ACL,negative,2,50,abnormal signal,89,0.0036014891550663645,0.5651100679831661,24712
ACL,negative,2,51,in the,87,0.0035205568145030754,0.5686306247976691,24712
ACL,negative,2,52,normal no,87,0.0035205568145030754,0.5721511816121723,24712
ACL,negative,2,53,no abnormal,87,0.0035205568145030754,0.5756717384266753,24712
ACL,negative,2,54,intensity is,87,0.0035205568145030754,0.5791922952411783,24712
ACL,negative,2,55,u kontinuitetu,87,0.0035205568145030754,0.5827128520556815,24712
ACL,negative,2,56,intact anterior,85,0.0034396244739397864,0.5861524765296212,24712
ACL,negative,2,57,the intercondylar,84,0.003399158303658142,0.5895516348332793,24712
ACL,negative,2,58,intercondylar notch,84,0.003399158303658142,0.5929507931369375,24712
ACL,negative,2,59,uredna morfologija,84,0.003399158303658142,0.5963499514405957,24712
ACL,negative,2,60,on capraz,84,0.003399158303658142,0.5997491097442538,24712
ACL,negative,2,61,signala te,84,0.003399158303658142,0.603148268047912,24712
ACL,negative,2,62,te se,84,0.003399158303658142,0.6065474263515701,24712
ACL,negative,2,63,se prati,84,0.003399158303658142,0.6099465846552282,24712
ACL,negative,2,64,prati u,84,0.003399158303658142,0.6133457429588863,24712
ACL,negative,2,65,odrzanog kontinuiteta,84,0.003399158303658142,0.6167449012625446,24712
ACL,negative,2,66,notch the,83,0.0033586921333764973,0.620103593395921,24712
ACL,negative,2,67,nalazi se,83,0.0033586921333764973,0.6234622855292975,24712
ACL,negative,2,68,signala kolateralnih,83,0.0033586921333764973,0.626820977662674,24712
ACL,negative,2,69,kolateralnih ligamenata,83,0.0033586921333764973,0.6301796697960506,24712
ACL,negative,2,70,se uredna,82,0.0033182259630948527,0.6334978957591454,24712
ACL,negative,2,71,ligament urednog,81,0.003277759792813208,0.6367756555519586,24712
ACL,negative,2,72,urednog signala,80,0.0032372936225315637,0.6400129491744901,24712
ACL,negative,2,73,ligamenata prednjeg,79,0.003196827452249919,0.6432097766267401,24712
ACL,negative,2,74,intenziteta signala,78,0.0031563612819682746,0.6463661379087083,24712
ACL,negative,2,75,кръстните връзки,78,0.0031563612819682746,0.6495224991906766,24712
ACL,negative,2,76,appear to,78,0.0031563612819682746,0.6526788604726449,24712
ACL,negative,2,77,ligaments are,76,0.0030754289414049855,0.6557542894140499,24712
ACL,negative,2,78,bag lateral,76,0.0030754289414049855,0.6588297183554548,24712
ACL,negative,2,79,ligaman normaldir,75,0.003034962771123341,0.6618646811265781,24712
ACL,negative,2,80,arka capraz,74,0.0029944966008416964,0.6648591777274199,24712
ACL,negative,2,81,запазена цялост,74,0.0029944966008416964,0.6678536743282616,24712
ACL,negative,2,82,voorste kruisband,73,0.002954030430560052,0.6708077047588217,24712
ACL,negative,2,83,koljena nalazi,72,0.0029135642602784073,0.6737212690191,24712
ACL,negative,2,84,i tetive,72,0.0029135642602784073,0.6766348332793785,24712
ACL,negative,2,85,tetive m,72,0.0029135642602784073,0.6795483975396569,24712
ACL,negative,2,86,pcl appear,72,0.0029135642602784073,0.6824619617999352,24712
ACL,negative,2,87,bag ve,71,0.002873098089996763,0.685335059889932,24712
ACL,negative,2,88,na seriji,70,0.0028326319197151183,0.6881676918096471,24712
ACL,negative,2,89,seriji mr,70,0.0028326319197151183,0.6910003237293623,24712
ACL,negative,2,90,mr presjeka,70,0.0028326319197151183,0.6938329556490773,24712
ACL,negative,2,91,ve arka,70,0.0028326319197151183,0.6966655875687925,24712
ACL,negative,2,92,lateral kollateral,70,0.0028326319197151183,0.6994982194885077,24712
ACL,negative,2,93,kollateral ligaman,69,0.0027921657494334737,0.7022903852379411,24712
ACL,negative,2,94,intacte voorste,68,0.002751699579151829,0.705042084817093,24712
ACL,negative,2,95,със запазена,67,0.0027112334088701846,0.7077533182259631,24712
ACL,negative,2,96,is intact,67,0.0027112334088701846,0.7104645516348332,24712
ACL,negative,2,97,patelarnog ligamenta,66,0.00267076723858854,0.7131353188734219,24712
ACL,negative,2,98,ligament is,65,0.0026303010683068955,0.7157656199417287,24712
ACL,negative,2,99,collateral ligaments,61,0.0024684363871803174,0.718234056328909,24712
ACL,negative,2,100,sin alteraciones,58,0.0023470378763353838,0.7205810942052444,24712
ACL,positive,1,1,of,645,0.039643515673017826,0.039643515673017826,16270
ACL,positive,1,2,acl,543,0.03337430854333128,0.07301782421634911,16270
ACL,positive,1,3,the,468,0.02876459741856177,0.10178242163491089,16270
ACL,positive,1,4,anterior,456,0.028027043638598648,0.12980946527350953,16270
ACL,positive,1,5,tear,438,0.026920712968653965,0.15673017824216348,16270
ACL,positive,1,6,ligament,406,0.024953902888752304,0.1816840811309158,16270
ACL,positive,1,7,cruciate,355,0.021819299323909035,0.20350338045482483,16270
ACL,positive,1,8,grade,293,0.01800860479409957,0.2215119852489244,16270
ACL,positive,1,9,complete,282,0.017332513829133374,0.23884449907805777,16270
ACL,positive,1,10,capraz,238,0.014628149969268592,0.25347264904732636,16270
ACL,positive,1,11,in,204,0.01253841425937308,0.26601106330669944,16270
ACL,positive,1,12,injury,165,0.010141364474492931,0.27615242778119237,16270
ACL,positive,1,13,bagda,163,0.010018438844499078,0.28617086662569147,16270
ACL,positive,1,14,at,158,0.009711124769514443,0.2958819913952059,16270
ACL,positive,1,15,is,158,0.009711124769514443,0.30559311616472035,16270
ACL,positive,1,16,on,157,0.009649661954517517,0.31524277811923784,16270
ACL,positive,1,17,and,156,0.00958819913952059,0.3248309772587584,16270
ACL,positive,1,18,de,137,0.00842040565457898,0.33325138291333745,16270
ACL,positive,1,19,1,124,0.007621389059618931,0.34087277197295635,16270
ACL,positive,1,20,mid,124,0.007621389059618931,0.3484941610325753,16270
ACL,positive,1,21,del,115,0.007068223724646589,0.3555623847572219,16270
ACL,positive,1,22,partial,114,0.007006760909649662,0.36256914566687154,16270
ACL,positive,1,23,substance,113,0.006945298094652735,0.36951444376152426,16270
ACL,positive,1,24,degeneration,106,0.006515058389674247,0.3760295021511985,16270
ACL,positive,1,25,with,105,0.00645359557467732,0.38248309772587585,16270
ACL,positive,1,26,lca,98,0.006023355869698832,0.3885064535955747,16270
ACL,positive,1,27,there,97,0.0059618930547019056,0.3944683466502766,16270
ACL,positive,1,28,u,96,0.005900430239704979,0.40036877688998157,16270
ACL,positive,1,29,dejenerasyon,94,0.005777504609711125,0.4061462814996927,16270
ACL,positive,1,30,intercondylar,89,0.00547019053472649,0.4116164720344192,16270
ACL,positive,1,31,ligamenta,89,0.00547019053472649,0.41708666256914567,16270
ACL,positive,1,32,miksoid,88,0.005408727719729564,0.4224953902888752,16270
ACL,positive,1,33,prednjeg,87,0.005347264904732637,0.42784265519360787,16270
ACL,positive,1,34,signal,86,0.00528580208973571,0.4331284572833436,16270
ACL,positive,1,35,sinyal,86,0.00528580208973571,0.43841425937307926,16270
ACL,positive,1,36,kriznog,86,0.00528580208973571,0.443700061462815,16270
ACL,positive,1,37,a,80,0.004917025199754148,0.44861708666256916,16270
ACL,positive,1,38,prednji,76,0.004671173939766442,0.45328826060233557,16270
ACL,positive,1,39,krizni,76,0.004671173939766442,0.45795943454210203,16270
ACL,positive,1,40,rupture,76,0.004671173939766442,0.4626306084818685,16270
ACL,positive,1,41,favor,75,0.004609711124769515,0.467240319606638,16270
ACL,positive,1,42,chronic,72,0.004425322679778734,0.4716656422864167,16270
ACL,positive,1,43,mucoid,72,0.004425322679778734,0.47609096496619546,16270
ACL,positive,1,44,medial,70,0.0043023970497848806,0.4803933620159803,16270
ACL,positive,1,45,на,70,0.0043023970497848806,0.48469575906576523,16270
ACL,positive,1,46,rotura,67,0.0041180086047941,0.4888137676705593,16270
ACL,positive,1,47,notch,66,0.004056545789797173,0.4928703134603565,16270
ACL,positive,1,48,кръстна,64,0.003933620159803319,0.4968039336201598,16270
ACL,positive,1,49,връзка,64,0.003933620159803319,0.5007375537799631,16270
ACL,positive,1,50,intensity,63,0.003872157344806392,0.5046097111247695,16270
ACL,positive,1,51,ligaments,63,0.003872157344806392,0.5084818684695759,16270
ACL,positive,1,52,proximal,60,0.0036877688998156115,0.5121696373693915,16270
ACL,positive,1,53,yirtik,60,0.0036877688998156115,0.5158574062692072,16270
ACL,positive,1,54,lateral,58,0.0035648432698217577,0.5194222495390289,16270
ACL,positive,1,55,sekonder,57,0.003503380454824831,0.5229256299938537,16270
ACL,positive,1,56,ve,52,0.0031960663798401966,0.5261216963736939,16270
ACL,positive,1,57,tibial,52,0.0031960663798401966,0.5293177627535341,16270
ACL,positive,1,58,signala,49,0.003011677934849416,0.5323294406883835,16270
ACL,positive,1,59,bag,49,0.003011677934849416,0.535341118623233,16270
ACL,positive,1,60,posterior,49,0.003011677934849416,0.5383527965580823,16270
ACL,positive,1,61,ruptura,48,0.0029502151198524894,0.5413030116779348,16270
ACL,positive,1,62,mukoid,48,0.0029502151198524894,0.5442532267977873,16270
ACL,positive,1,63,low,48,0.0029502151198524894,0.5472034419176398,16270
ACL,positive,1,64,increase,47,0.0028887523048555623,0.5500921942224954,16270
ACL,positive,1,65,dejenerasyona,47,0.0028887523048555623,0.552980946527351,16270
ACL,positive,1,66,inside,47,0.0028887523048555623,0.5558696988322065,16270
ACL,positive,1,67,ρηξη,47,0.0028887523048555623,0.5587584511370621,16270
ACL,positive,1,68,je,46,0.0028272894898586356,0.5615857406269207,16270
ACL,positive,1,69,χιαστου,45,0.0027658266748617085,0.5643515673017824,16270
ACL,positive,1,70,συνδεσμου,45,0.0027658266748617085,0.5671173939766442,16270
ACL,positive,1,71,interstitial,44,0.002704363859864782,0.5698217578365089,16270
ACL,positive,1,72,high,44,0.002704363859864782,0.5725261216963737,16270
ACL,positive,1,73,προσθιου,44,0.002704363859864782,0.5752304855562385,16270
ACL,positive,1,74,femoral,43,0.002642901044867855,0.5778733866011063,16270
ACL,positive,1,75,s,42,0.002581438229870928,0.5804548248309772,16270
ACL,positive,1,76,parcial,42,0.002581438229870928,0.5830362630608482,16270
ACL,positive,1,77,2,41,0.0025199754148740013,0.5855562384757221,16270
ACL,positive,1,78,за,41,0.0025199754148740013,0.5880762138905962,16270
ACL,positive,1,79,izlendi,41,0.0025199754148740013,0.5905961893054702,16270
ACL,positive,1,80,impresion,41,0.0025199754148740013,0.5931161647203442,16270
ACL,positive,1,81,t2wi,40,0.002458512599877074,0.5955746773202213,16270
ACL,positive,1,82,artisi,40,0.002458512599877074,0.5980331899200984,16270
ACL,positive,1,83,мр,40,0.002458512599877074,0.6004917025199754,16270
ACL,positive,1,84,данни,40,0.002458512599877074,0.6029502151198525,16270
ACL,positive,1,85,pcl,39,0.0023970497848801475,0.6053472649047327,16270
ACL,positive,1,86,mild,39,0.0023970497848801475,0.6077443146896128,16270
ACL,positive,1,87,uz,39,0.0023970497848801475,0.610141364474493,16270
ACL,positive,1,88,f,38,0.002335586969883221,0.6124769514443762,16270
ACL,positive,1,89,ile,38,0.002335586969883221,0.6148125384142594,16270
ACL,positive,1,90,contour,38,0.002335586969883221,0.6171481253841425,16270
ACL,positive,1,91,sprain,37,0.0022741241548862937,0.6194222495390289,16270
ACL,positive,1,92,degisikligi,37,0.0022741241548862937,0.6216963736939152,16270
ACL,positive,1,93,предната,37,0.0022741241548862937,0.6239704978488014,16270
ACL,positive,1,94,o,37,0.0022741241548862937,0.6262446220036878,16270
ACL,positive,1,95,or,36,0.002212661339889367,0.6284572833435771,16270
ACL,positive,1,96,руптура,36,0.002212661339889367,0.6306699446834665,16270
ACL,positive,1,97,i,35,0.0021511985248924403,0.6328211432083589,16270
ACL,positive,1,98,conclusion,35,0.0021511985248924403,0.6349723417332513,16270
ACL,positive,1,99,straight,35,0.0021511985248924403,0.6371235402581438,16270
ACL,positive,1,100,line,35,0.0021511985248924403,0.6392747387830363,16270
ACL,positive,2,1,of the,312,0.021003029283069675,0.021003029283069675,14855
ACL,positive,2,2,cruciate ligament,297,0.01999326825984517,0.040996297542914846,14855
ACL,positive,2,3,anterior cruciate,295,0.01985863345674857,0.060854930999663416,14855
ACL,positive,2,4,tear of,245,0.016492763379333558,0.07734769437899697,14855
ACL,positive,2,5,the anterior,216,0.014540558734432852,0.09188825311342982,14855
ACL,positive,2,6,complete tear,199,0.013396162908111747,0.10528441602154157,14855
ACL,positive,2,7,of acl,196,0.013194210703466847,0.11847862672500842,14855
ACL,positive,2,8,capraz bagda,162,0.010905419050824637,0.12938404577583304,14855
ACL,positive,2,9,anterior capraz,120,0.008078088185796028,0.13746213396162907,14855
ACL,positive,2,10,grade 1,116,0.007808818579602827,0.1452709525412319,14855
ACL,positive,2,11,mid substance,113,0.007606866374957927,0.15287781891618984,14855
ACL,positive,2,12,ligament at,111,0.007472231571861326,0.16035005048805115,14855
ACL,positive,2,13,on capraz,111,0.007472231571861326,0.16782228205991248,14855
ACL,positive,2,14,at mid,106,0.007135644564119825,0.1749579266240323,14855
ACL,positive,2,15,1 injury,102,0.006866374957926624,0.18182430158195895,14855
ACL,positive,2,16,there is,96,0.006462470548636822,0.18828677213059575,14855
ACL,positive,2,17,kriznog ligamenta,86,0.00578929653315382,0.19407606866374957,14855
ACL,positive,2,18,prednjeg kriznog,84,0.00565466173005722,0.1997307303938068,14855
ACL,positive,2,19,partial tear,82,0.005520026926960619,0.20525075732076742,14855
ACL,positive,2,20,del lca,77,0.005183439919219118,0.21043419723998655,14855
ACL,positive,2,21,bagda miksoid,76,0.0051161225176708175,0.21555031975765734,14855
ACL,positive,2,22,in favor,75,0.005048805116122518,0.22059912487377986,14855
ACL,positive,2,23,favor of,75,0.005048805116122518,0.22564792998990238,14855
ACL,positive,2,24,krizni ligament,74,0.004981487714574217,0.23062941770447662,14855
ACL,positive,2,25,in the,73,0.0049141703130259175,0.23554358801750253,14855
ACL,positive,2,26,prednji krizni,73,0.0049141703130259175,0.24045775833052843,14855
ACL,positive,2,27,mucoid degeneration,66,0.004442948502187815,0.24490070683271625,14855
ACL,positive,2,28,intercondylar notch,64,0.004308313699091215,0.24920902053180746,14855
ACL,positive,2,29,degeneration of,64,0.004308313699091215,0.25351733423089867,14855
ACL,positive,2,30,кръстна връзка,64,0.004308313699091215,0.2578256479299899,14855
ACL,positive,2,31,the intercondylar,63,0.004240996297542915,0.26206664422753284,14855
ACL,positive,2,32,injury of,62,0.0041736788959946146,0.2662403231235274,14855
ACL,positive,2,33,signal intensity,61,0.004106361494446314,0.27034668461797373,14855
ACL,positive,2,34,notch there,58,0.0039044092898014135,0.27425109390777513,14855
ACL,positive,2,35,cruciate ligaments,58,0.0039044092898014135,0.2781555031975766,14855
ACL,positive,2,36,of grade,57,0.0038370918882531134,0.2819925950858297,14855
ACL,positive,2,37,grade partial,57,0.0038370918882531134,0.2858296869740828,14855
ACL,positive,2,38,the acl,55,0.003702457085156513,0.2895321440592393,14855
ACL,positive,2,39,acl tear,53,0.0035678222820599123,0.2930999663412992,14855
ACL,positive,2,40,ligament acl,50,0.003365870077415012,0.2964658364187142,14855
ACL,positive,2,41,miksoid dejenerasyon,49,0.0032985526758667117,0.299764389094581,14855
ACL,positive,2,42,acl is,47,0.003163917872770111,0.30292830696735107,14855
ACL,positive,2,43,low grade,46,0.003096600471221811,0.30602490743857286,14855
ACL,positive,2,44,capraz bag,46,0.003096600471221811,0.3091215079097947,14855
ACL,positive,2,45,intensity inside,46,0.003096600471221811,0.3122181083810165,14855
ACL,positive,2,46,increase signal,45,0.0030292830696735107,0.31524739145069003,14855
ACL,positive,2,47,dejenerasyona sekonder,45,0.0030292830696735107,0.3182766745203635,14855
ACL,positive,2,48,χιαστου συνδεσμου,45,0.0030292830696735107,0.32130595759003705,14855
ACL,positive,2,49,acl and,44,0.0029619656681252105,0.3242679232581622,14855
ACL,positive,2,50,προσθιου χιαστου,44,0.0029619656681252105,0.32722988892628746,14855
ACL,positive,2,51,mukoid dejenerasyon,40,0.0026926960619320095,0.32992258498821947,14855
ACL,positive,2,52,данни за,40,0.0026926960619320095,0.3326152810501515,14855
ACL,positive,2,53,ligaments anterior,40,0.0026926960619320095,0.3353079771120835,14855
ACL,positive,2,54,chronic complete,39,0.0026253786603837093,0.3379333557724672,14855
ACL,positive,2,55,miksoid dejenerasyona,39,0.0026253786603837093,0.3405587344328509,14855
ACL,positive,2,56,high grade,39,0.0026253786603837093,0.3431841130932346,14855
ACL,positive,2,57,мр данни,39,0.0026253786603837093,0.3458094917536183,14855
ACL,positive,2,58,on f,38,0.0025580612588354088,0.3483675530124537,14855
ACL,positive,2,59,f s,38,0.0025580612588354088,0.35092561427128915,14855
ACL,positive,2,60,sekonder sinyal,38,0.0025580612588354088,0.35348367553012455,14855
ACL,positive,2,61,s t2wi,37,0.0024907438572871086,0.35597441938741164,14855
ACL,positive,2,62,sinyal artisi,37,0.0024907438572871086,0.35846516324469874,14855
ACL,positive,2,63,sinyal degisikligi,37,0.0024907438572871086,0.3609559071019859,14855
ACL,positive,2,64,contour of,37,0.0024907438572871086,0.363446650959273,14855
ACL,positive,2,65,предната кръстна,37,0.0024907438572871086,0.36593739481656007,14855
ACL,positive,2,66,ligament je,37,0.0024907438572871086,0.3684281386738472,14855
ACL,positive,2,67,is complete,36,0.0024234264557388085,0.370851565129586,14855
ACL,positive,2,68,parcial del,36,0.0024234264557388085,0.3732749915853248,14855
ACL,positive,2,69,the contour,35,0.0023561090541905083,0.3756311006395153,14855
ACL,positive,2,70,in a,35,0.0023561090541905083,0.3779872096937058,14855
ACL,positive,2,71,a straight,35,0.0023561090541905083,0.38034331874789634,14855
ACL,positive,2,72,straight line,35,0.0023561090541905083,0.3826994278020868,14855
ACL,positive,2,73,руптура на,35,0.0023561090541905083,0.38505553685627736,14855
ACL,positive,2,74,r o,35,0.0023561090541905083,0.38741164591046784,14855
ACL,positive,2,75,u smislu,34,0.002288791652642208,0.38970043756311007,14855
ACL,positive,2,76,acl complete,34,0.002288791652642208,0.3919892292157523,14855
ACL,positive,2,77,ruptura prednjeg,33,0.0022214742510939076,0.39421070346684617,14855
ACL,positive,2,78,t2wi in,31,0.0020868394479973073,0.3962975429148435,14855
ACL,positive,2,79,на предната,31,0.0020868394479973073,0.3983843823628408,14855
ACL,positive,2,80,voorste kruisband,31,0.0020868394479973073,0.4004712218108381,14855
ACL,positive,2,81,2 injury,30,0.002019522046449007,0.4024907438572871,14855
ACL,positive,2,82,grade 2,30,0.002019522046449007,0.4045102659037361,14855
ACL,positive,2,83,van de,30,0.002019522046449007,0.40652978795018513,14855
ACL,positive,2,84,intenziteta signala,29,0.0019522046449007068,0.40848199259508583,14855
ACL,positive,2,85,ile uyumlu,28,0.0018848872433524066,0.4103668798384382,14855
ACL,positive,2,86,impresion rotura,28,0.0018848872433524066,0.4122517670817906,14855
ACL,positive,2,87,bagda mukoid,27,0.0018175698418041065,0.41406933692359477,14855
ACL,positive,2,88,предна кръстна,27,0.0018175698418041065,0.41588690676539886,14855
ACL,positive,2,89,rotura completa,27,0.0018175698418041065,0.41770447660720295,14855
ACL,positive,2,90,and increase,26,0.001750252440255806,0.4194547290474588,14855
ACL,positive,2,91,на предна,26,0.001750252440255806,0.42120498148771457,14855
ACL,positive,2,92,ligamenta u,25,0.001682935038707506,0.4228879165264221,14855
ACL,positive,2,93,tear at,25,0.001682935038707506,0.4245708515651296,14855
ACL,positive,2,94,line and,25,0.001682935038707506,0.4262537866038371,14855
ACL,positive,2,95,o grade,25,0.001682935038707506,0.4279367216425446,14855
ACL,positive,2,96,and pcl,24,0.0016156176371592056,0.4295523392797038,14855
ACL,positive,2,97,acl with,24,0.0016156176371592056,0.431167956916863,14855
ACL,positive,2,98,mukoidne degeneracije,24,0.0016156176371592056,0.4327835745540222,14855
ACL,positive,2,99,injury or,24,0.0016156176371592056,0.4343991921911814,14855
ACL,positive,2,100,του προσθιου,24,0.0016156176371592056,0.4360148098283406,14855
ACL,uncertain,1,1,ligament,36,0.03596403596403597,0.03596403596403597,1001
ACL,uncertain,1,2,of,28,0.027972027972027972,0.06393606393606394,1001
ACL,uncertain,1,3,prednji,24,0.023976023976023976,0.08791208791208792,1001
ACL,uncertain,1,4,krizni,24,0.023976023976023976,0.11188811188811189,1001
ACL,uncertain,1,5,u,24,0.023976023976023976,0.13586413586413587,1001
ACL,uncertain,1,6,signala,24,0.023976023976023976,0.15984015984015984,1001
ACL,uncertain,1,7,the,20,0.01998001998001998,0.1798201798201798,1001
ACL,uncertain,1,8,intenziteta,19,0.01898101898101898,0.19880119880119881,1001
ACL,uncertain,1,9,tear,17,0.016983016983016984,0.21578421578421578,1001
ACL,uncertain,1,10,acl,17,0.016983016983016984,0.23276723276723277,1001
ACL,uncertain,1,11,partial,15,0.014985014985014986,0.24775224775224775,1001
ACL,uncertain,1,12,moze,13,0.012987012987012988,0.26073926073926074,1001
ACL,uncertain,1,13,odgovarati,13,0.012987012987012988,0.27372627372627373,1001
ACL,uncertain,1,14,rupturi,13,0.012987012987012988,0.2867132867132867,1001
ACL,uncertain,1,15,moguce,13,0.012987012987012988,0.2997002997002997,1001
ACL,uncertain,1,16,je,11,0.01098901098901099,0.3106893106893107,1001
ACL,uncertain,1,17,rupture,11,0.01098901098901099,0.32167832167832167,1001
ACL,uncertain,1,18,parcijalnoj,11,0.01098901098901099,0.33266733266733267,1001
ACL,uncertain,1,19,anterior,11,0.01098901098901099,0.3436563436563437,1001
ACL,uncertain,1,20,cruciate,10,0.00999000999000999,0.35364635364635366,1001
ACL,uncertain,1,21,suspect,9,0.008991008991008992,0.3626373626373626,1001
ACL,uncertain,1,22,kontinuiteta,9,0.008991008991008992,0.37162837162837165,1001
ACL,uncertain,1,23,and,9,0.008991008991008992,0.3806193806193806,1001
ACL,uncertain,1,24,parcijalne,8,0.007992007992007992,0.3886113886113886,1001
ACL,uncertain,1,25,odrzanog,8,0.007992007992007992,0.3966033966033966,1001
ACL,uncertain,1,26,hvatistu,8,0.007992007992007992,0.4045954045954046,1001
ACL,uncertain,1,27,mild,8,0.007992007992007992,0.4125874125874126,1001
ACL,uncertain,1,28,in,7,0.006993006993006993,0.4195804195804196,1001
ACL,uncertain,1,29,suspected,7,0.006993006993006993,0.42657342657342656,1001
ACL,uncertain,1,30,vjerojatno,6,0.005994005994005994,0.4325674325674326,1001
ACL,uncertain,1,31,uslijed,6,0.005994005994005994,0.4385614385614386,1001
ACL,uncertain,1,32,ranijoj,6,0.005994005994005994,0.44455544455544455,1001
ACL,uncertain,1,33,prednjeg,6,0.005994005994005994,0.45054945054945056,1001
ACL,uncertain,1,34,kriznog,6,0.005994005994005994,0.4565434565434565,1001
ACL,uncertain,1,35,ligamenta,6,0.005994005994005994,0.46253746253746253,1001
ACL,uncertain,1,36,i,6,0.005994005994005994,0.46853146853146854,1001
ACL,uncertain,1,37,manje,6,0.005994005994005994,0.4745254745254745,1001
ACL,uncertain,1,38,1,6,0.005994005994005994,0.4805194805194805,1001
ACL,uncertain,1,39,pcl,6,0.005994005994005994,0.4865134865134865,1001
ACL,uncertain,1,40,na,6,0.005994005994005994,0.4925074925074925,1001
ACL,uncertain,1,41,za,6,0.005994005994005994,0.4985014985014985,1001
ACL,uncertain,1,42,promijenjenih,6,0.005994005994005994,0.5044955044955045,1001
ACL,uncertain,1,43,del,6,0.005994005994005994,0.5104895104895105,1001
ACL,uncertain,1,44,a,6,0.005994005994005994,0.5164835164835165,1001
ACL,uncertain,1,45,mucoid,6,0.005994005994005994,0.5224775224775224,1001
ACL,uncertain,1,46,degeneration,6,0.005994005994005994,0.5284715284715285,1001
ACL,uncertain,1,47,snopa,5,0.004995004995004995,0.5334665334665335,1001
ACL,uncertain,1,48,at,5,0.004995004995004995,0.5384615384615384,1001
ACL,uncertain,1,49,se,5,0.004995004995004995,0.5434565434565435,1001
ACL,uncertain,1,50,ili,5,0.004995004995004995,0.5484515484515484,1001
ACL,uncertain,1,51,sklopu,5,0.004995004995004995,0.5534465534465535,1001
ACL,uncertain,1,52,povisenog,5,0.004995004995004995,0.5584415584415584,1001
ACL,uncertain,1,53,nalaz,5,0.004995004995004995,0.5634365634365635,1001
ACL,uncertain,1,54,degenerativnim,5,0.004995004995004995,0.5684315684315684,1001
ACL,uncertain,1,55,promjenama,5,0.004995004995004995,0.5734265734265734,1001
ACL,uncertain,1,56,tibiju,5,0.004995004995004995,0.5784215784215784,1001
ACL,uncertain,1,57,ganglion,5,0.004995004995004995,0.5834165834165834,1001
ACL,uncertain,1,58,distalnom,5,0.004995004995004995,0.5884115884115884,1001
ACL,uncertain,1,59,uz,5,0.004995004995004995,0.5934065934065934,1001
ACL,uncertain,1,60,probable,5,0.004995004995004995,0.5984015984015985,1001
ACL,uncertain,1,61,grade,5,0.004995004995004995,0.6033966033966034,1001
ACL,uncertain,1,62,podrucju,4,0.003996003996003996,0.6073926073926074,1001
ACL,uncertain,1,63,posterolateralnog,4,0.003996003996003996,0.6113886113886113,1001
ACL,uncertain,1,64,intercondylar,4,0.003996003996003996,0.6153846153846154,1001
ACL,uncertain,1,65,notch,4,0.003996003996003996,0.6193806193806194,1001
ACL,uncertain,1,66,there,4,0.003996003996003996,0.6233766233766234,1001
ACL,uncertain,1,67,is,4,0.003996003996003996,0.6273726273726273,1001
ACL,uncertain,1,68,mid,4,0.003996003996003996,0.6313686313686314,1001
ACL,uncertain,1,69,substance,4,0.003996003996003996,0.6353646353646354,1001
ACL,uncertain,1,70,stanje,4,0.003996003996003996,0.6393606393606394,1001
ACL,uncertain,1,71,mukoidne,4,0.003996003996003996,0.6433566433566433,1001
ACL,uncertain,1,72,degeneracije,4,0.003996003996003996,0.6473526473526473,1001
ACL,uncertain,1,73,povisenih,4,0.003996003996003996,0.6513486513486514,1001
ACL,uncertain,1,74,vidljive,4,0.003996003996003996,0.6553446553446554,1001
ACL,uncertain,1,75,ciste,4,0.003996003996003996,0.6593406593406593,1001
ACL,uncertain,1,76,dijelu,4,0.003996003996003996,0.6633366633366633,1001
ACL,uncertain,1,77,blaze,4,0.003996003996003996,0.6673326673326674,1001
ACL,uncertain,1,78,degenerativnih,4,0.003996003996003996,0.6713286713286714,1001
ACL,uncertain,1,79,promjena,4,0.003996003996003996,0.6753246753246753,1001
ACL,uncertain,1,80,edema,4,0.003996003996003996,0.6793206793206793,1001
ACL,uncertain,1,81,low,4,0.003996003996003996,0.6833166833166833,1001
ACL,uncertain,1,82,likely,4,0.003996003996003996,0.6873126873126874,1001
ACL,uncertain,1,83,pri,4,0.003996003996003996,0.6913086913086913,1001
ACL,uncertain,1,84,degenerativno,3,0.002997002997002997,0.6943056943056943,1001
ACL,uncertain,1,85,promijenjen,3,0.002997002997002997,0.6973026973026973,1001
ACL,uncertain,1,86,hvatista,3,0.002997002997002997,0.7002997002997003,1001
ACL,uncertain,1,87,manjoj,3,0.002997002997002997,0.7032967032967034,1001
ACL,uncertain,1,88,chronic,3,0.002997002997002997,0.7062937062937062,1001
ACL,uncertain,1,89,trecini,3,0.002997002997002997,0.7092907092907093,1001
ACL,uncertain,1,90,po,3,0.002997002997002997,0.7122877122877123,1001
ACL,uncertain,1,91,prati,3,0.002997002997002997,0.7152847152847153,1001
ACL,uncertain,1,92,kontinuitetu,3,0.002997002997002997,0.7182817182817183,1001
ACL,uncertain,1,93,impression,3,0.002997002997002997,0.7212787212787213,1001
ACL,uncertain,1,94,sitne,3,0.002997002997002997,0.7242757242757243,1001
ACL,uncertain,1,95,intrasubstance,3,0.002997002997002997,0.7272727272727273,1001
ACL,uncertain,1,96,interstitial,3,0.002997002997002997,0.7302697302697303,1001
ACL,uncertain,1,97,tibijalnom,3,0.002997002997002997,0.7332667332667333,1001
ACL,uncertain,1,98,posterior,3,0.002997002997002997,0.7362637362637363,1001
ACL,uncertain,1,99,suspicious,3,0.002997002997002997,0.7392607392607392,1001
ACL,uncertain,1,100,sto,3,0.002997002997002997,0.7422577422577422,1001
ACL,uncertain,2,1,prednji krizni,24,0.025559105431309903,0.025559105431309903,939
ACL,uncertain,2,2,krizni ligament,24,0.025559105431309903,0.051118210862619806,939
ACL,uncertain,2,3,intenziteta signala,18,0.019169329073482427,0.07028753993610223,939
ACL,uncertain,2,4,moze odgovarati,13,0.013844515441959531,0.08413205537806177,939
ACL,uncertain,2,5,partial tear,12,0.012779552715654952,0.09691160809371673,939
ACL,uncertain,2,6,parcijalnoj rupturi,11,0.011714589989350373,0.10862619808306709,939
ACL,uncertain,2,7,of acl,11,0.011714589989350373,0.12034078807241747,939
ACL,uncertain,2,8,ligament je,10,0.010649627263045794,0.13099041533546327,939
ACL,uncertain,2,9,tear of,10,0.010649627263045794,0.14164004259850904,939
ACL,uncertain,2,10,of the,10,0.010649627263045794,0.15228966986155484,939
ACL,uncertain,2,11,anterior cruciate,10,0.010649627263045794,0.16293929712460065,939
ACL,uncertain,2,12,cruciate ligament,10,0.010649627263045794,0.17358892438764642,939
ACL,uncertain,2,13,the anterior,9,0.009584664536741214,0.18317358892438765,939
ACL,uncertain,2,14,parcijalne rupture,8,0.008519701810436636,0.19169329073482427,939
ACL,uncertain,2,15,odrzanog kontinuiteta,8,0.008519701810436636,0.20021299254526093,939
ACL,uncertain,2,16,in the,7,0.007454739084132056,0.20766773162939298,939
ACL,uncertain,2,17,ligament odrzanog,7,0.007454739084132056,0.21512247071352503,939
ACL,uncertain,2,18,ranijoj parcijalnoj,6,0.006389776357827476,0.2215122470713525,939
ACL,uncertain,2,19,prednjeg kriznog,6,0.006389776357827476,0.22790202342917998,939
ACL,uncertain,2,20,kriznog ligamenta,6,0.006389776357827476,0.23429179978700745,939
ACL,uncertain,2,21,1 suspect,6,0.006389776357827476,0.24068157614483493,939
ACL,uncertain,2,22,acl and,6,0.006389776357827476,0.2470713525026624,939
ACL,uncertain,2,23,promijenjenih intenziteta,6,0.006389776357827476,0.2534611288604899,939
ACL,uncertain,2,24,mucoid degeneration,6,0.006389776357827476,0.2598509052183174,939
ACL,uncertain,2,25,ligament at,5,0.005324813631522897,0.26517571884984026,939
ACL,uncertain,2,26,signala u,5,0.005324813631522897,0.27050053248136313,939
ACL,uncertain,2,27,suspect partial,5,0.005324813631522897,0.27582534611288606,939
ACL,uncertain,2,28,u sklopu,5,0.005324813631522897,0.28115015974440893,939
ACL,uncertain,2,29,nalaz moze,5,0.005324813631522897,0.28647497337593186,939
ACL,uncertain,2,30,degenerativnim promjenama,5,0.005324813631522897,0.29179978700745474,939
ACL,uncertain,2,31,and pcl,5,0.005324813631522897,0.2971246006389776,939
ACL,uncertain,2,32,za tibiju,5,0.005324813631522897,0.30244941427050054,939
ACL,uncertain,2,33,kontinuiteta u,5,0.005324813631522897,0.3077742279020234,939
ACL,uncertain,2,34,u podrucju,4,0.004259850905218318,0.31203407880724177,939
ACL,uncertain,2,35,posterolateralnog snopa,4,0.004259850905218318,0.31629392971246006,939
ACL,uncertain,2,36,the intercondylar,4,0.004259850905218318,0.32055378061767836,939
ACL,uncertain,2,37,intercondylar notch,4,0.004259850905218318,0.3248136315228967,939
ACL,uncertain,2,38,notch there,4,0.004259850905218318,0.329073482428115,939
ACL,uncertain,2,39,there is,4,0.004259850905218318,0.3333333333333333,939
ACL,uncertain,2,40,at mid,4,0.004259850905218318,0.33759318423855167,939
ACL,uncertain,2,41,mid substance,4,0.004259850905218318,0.34185303514376997,939
ACL,uncertain,2,42,mukoidne degeneracije,4,0.004259850905218318,0.34611288604898827,939
ACL,uncertain,2,43,povisenih intenziteta,4,0.004259850905218318,0.3503727369542066,939
ACL,uncertain,2,44,manje parcijalne,4,0.004259850905218318,0.3546325878594249,939
ACL,uncertain,2,45,hvatistu za,4,0.004259850905218318,0.3588924387646432,939
ACL,uncertain,2,46,ganglion ciste,4,0.004259850905218318,0.36315228966986157,939
ACL,uncertain,2,47,u distalnom,4,0.004259850905218318,0.36741214057507987,939
ACL,uncertain,2,48,distalnom dijelu,4,0.004259850905218318,0.37167199148029817,939
ACL,uncertain,2,49,signala uz,4,0.004259850905218318,0.3759318423855165,939
ACL,uncertain,2,50,degenerativnih promjena,4,0.004259850905218318,0.3801916932907348,939
ACL,uncertain,2,51,low grade,4,0.004259850905218318,0.3844515441959531,939
ACL,uncertain,2,52,degeneration of,4,0.004259850905218318,0.3887113951011715,939
ACL,uncertain,2,53,degenerativno promijenjen,3,0.003194888178913738,0.3919062832800852,939
ACL,uncertain,2,54,odgovarati manjoj,3,0.003194888178913738,0.3951011714589989,939
ACL,uncertain,2,55,chronic partial,3,0.003194888178913738,0.39829605963791265,939
ACL,uncertain,2,56,stanje po,3,0.003194888178913738,0.4014909478168264,939
ACL,uncertain,2,57,moguce uslijed,3,0.003194888178913738,0.40468583599574015,939
ACL,uncertain,2,58,ligament se,3,0.003194888178913738,0.4078807241746539,939
ACL,uncertain,2,59,se prati,3,0.003194888178913738,0.4110756123535676,939
ACL,uncertain,2,60,prati u,3,0.003194888178913738,0.4142705005324814,939
ACL,uncertain,2,61,u kontinuitetu,3,0.003194888178913738,0.4174653887113951,939
ACL,uncertain,2,62,signala moguce,3,0.003194888178913738,0.4206602768903088,939
ACL,uncertain,2,63,moguce u,3,0.003194888178913738,0.42385516506922255,939
ACL,uncertain,2,64,povisenog intenziteta,3,0.003194888178913738,0.42705005324813633,939
ACL,uncertain,2,65,odgovarati ranijoj,3,0.003194888178913738,0.43024494142705005,939
ACL,uncertain,2,66,impression 1,3,0.003194888178913738,0.4334398296059638,939
ACL,uncertain,2,67,na hvatistu,3,0.003194888178913738,0.4366347177848775,939
ACL,uncertain,2,68,vidljive sitne,3,0.003194888178913738,0.4398296059637913,939
ACL,uncertain,2,69,intrasubstance tear,3,0.003194888178913738,0.443024494142705,939
ACL,uncertain,2,70,uz vidljive,3,0.003194888178913738,0.44621938232161873,939
ACL,uncertain,2,71,signala vjerojatno,3,0.003194888178913738,0.4494142705005325,939
ACL,uncertain,2,72,tibijalnom hvatistu,3,0.003194888178913738,0.45260915867944623,939
ACL,uncertain,2,73,hvatistu moguce,3,0.003194888178913738,0.45580404685835996,939
ACL,uncertain,2,74,dijelu promijenjenih,3,0.003194888178913738,0.4589989350372737,939
ACL,uncertain,2,75,the acl,3,0.003194888178913738,0.46219382321618746,939
ACL,uncertain,2,76,vjerojatno uslijed,2,0.002129925452609159,0.4643237486687966,939
ACL,uncertain,2,77,bez jasnih,2,0.002129925452609159,0.46645367412140576,939
ACL,uncertain,2,78,jasnih znakova,2,0.002129925452609159,0.4685835995740149,939
ACL,uncertain,2,79,znakova rupture,2,0.002129925452609159,0.47071352502662406,939
ACL,uncertain,2,80,ligament izmijenjenog,2,0.002129925452609159,0.4728434504792332,939
ACL,uncertain,2,81,manjoj parcijalnoj,2,0.002129925452609159,0.4749733759318424,939
ACL,uncertain,2,82,suspected chronic,2,0.002129925452609159,0.47710330138445156,939
ACL,uncertain,2,83,u srednjoj,2,0.002129925452609159,0.4792332268370607,939
ACL,uncertain,2,84,srednjoj trecini,2,0.002129925452609159,0.48136315228966986,939
ACL,uncertain,2,85,po ranijoj,2,0.002129925452609159,0.483493077742279,939
ACL,uncertain,2,86,vidi se,2,0.002129925452609159,0.48562300319488816,939
ACL,uncertain,2,87,ligamenta moguce,2,0.002129925452609159,0.48775292864749736,939
ACL,uncertain,2,88,distenzije ili,2,0.002129925452609159,0.4898828541001065,939
ACL,uncertain,2,89,odgovarati parcijalnoj,2,0.002129925452609159,0.49201277955271566,939
ACL,uncertain,2,90,rupturi ili,2,0.002129925452609159,0.4941427050053248,939
ACL,uncertain,2,91,ili degenerativnim,2,0.002129925452609159,0.49627263045793396,939
ACL,uncertain,2,92,sitne ganglion,2,0.002129925452609159,0.4984025559105431,939
ACL,uncertain,2,93,intraosealne ganglion,2,0.002129925452609159,0.5005324813631523,939
ACL,uncertain,2,94,ciste nalaz,2,0.002129925452609159,0.5026624068157615,939
ACL,uncertain,2,95,odgovarati degenerativnim,2,0.002129925452609159,0.5047923322683706,939
ACL,uncertain,2,96,probable interstitial,2,0.002129925452609159,0.5069222577209798,939
ACL,uncertain,2,97,interstitial partial,2,0.002129925452609159,0.5090521831735889,939
ACL,uncertain,2,98,suspected lowgrade,2,0.002129925452609159,0.5111821086261981,939
ACL,uncertain,2,99,lowgrade intrasubstance,2,0.002129925452609159,0.5133120340788072,939
ACL,uncertain,2,100,of distal,2,0.002129925452609159,0.5154419595314164,939
Baker's,negative,1,1,no,814,0.13372761623131263,0.13372761623131263,6087
Baker's,negative,1,2,baker,577,0.09479218005585674,0.22851979628716937,6087
Baker's,negative,1,3,cyst,572,0.0939707573517332,0.32249055363890256,6087
Baker's,negative,1,4,s,484,0.07951371775915886,0.40200427139806144,6087
Baker's,negative,1,5,ciste,224,0.03679973714473468,0.4388040085427961,6087
Baker's,negative,1,6,quistes,206,0.03384261540988993,0.47264662395268603,6087
Baker's,negative,1,7,popliteos,206,0.03384261540988993,0.506489239362576,6087
Baker's,negative,1,8,hay,205,0.03367833086906522,0.5401675702316412,6087
Baker's,negative,1,9,poplitealne,203,0.033349761787415805,0.573517332019057,6087
Baker's,negative,1,10,se,165,0.027106949236076885,0.6006242812551339,6087
Baker's,negative,1,11,ne,141,0.023164120256283883,0.6237884015114178,6087
Baker's,negative,1,12,nalazi,141,0.023164120256283883,0.6469525217677017,6087
Baker's,negative,1,13,articular,134,0.022014128470510926,0.6689666502382126,6087
Baker's,negative,1,14,derrame,133,0.021849843929686218,0.6908164941678988,6087
Baker's,negative,1,15,znakova,121,0.019878429439789715,0.7106949236076885,6087
Baker's,negative,1,16,ni,119,0.019549860358140297,0.7302447839658288,6087
Baker's,negative,1,17,is,90,0.014785608674223755,0.7450303926400526,6087
Baker's,negative,1,18,bez,83,0.013635616888450797,0.7586660095285034,6087
Baker's,negative,1,19,patologicos,81,0.01330704780680138,0.7719730573353047,6087
Baker's,negative,1,20,significativo,75,0.01232134056185313,0.7842943978971578,6087
Baker's,negative,1,21,de,73,0.011992771480203713,0.7962871693773615,6087
Baker's,negative,1,22,bakerove,68,0.011171348776080172,0.8074585181534417,6087
Baker's,negative,1,23,popliteal,65,0.010678495153606046,0.8181370133070478,6087
Baker's,negative,1,24,seen,62,0.01018564153113192,0.8283226548381797,6087
Baker's,negative,1,25,kyste,56,0.00919993428618367,0.8375225891243634,6087
Baker's,negative,1,26,quiste,56,0.00919993428618367,0.8467225234105471,6087
Baker's,negative,1,27,popliteo,42,0.006899950714637753,0.8536224741251848,6087
Baker's,negative,1,28,y,40,0.006571381632988336,0.8601938557581732,6087
Baker's,negative,1,29,there,39,0.006407097092163627,0.8666009528503368,6087
Baker's,negative,1,30,significant,34,0.005585674388040086,0.8721866272383769,6087
Baker's,negative,1,31,poplite,33,0.005421389847215377,0.8776080170855922,6087
Baker's,negative,1,32,complicado,33,0.005421389847215377,0.8830294069328076,6087
Baker's,negative,1,33,a,32,0.005257105306390669,0.8882865122391983,6087
Baker's,negative,1,34,pequeno,32,0.005257105306390669,0.893543617545589,6087
Baker's,negative,1,35,effusion,24,0.003942828979793002,0.897486446525382,6087
Baker's,negative,1,36,il,23,0.003778544438968293,0.9012649909643503,6087
Baker's,negative,1,37,knee,22,0.0036142598981435846,0.9048792508624939,6087
Baker's,negative,1,38,pas,22,0.0036142598981435846,0.9084935107606374,6087
Baker's,negative,1,39,epanchement,22,0.0036142598981435846,0.912107770658781,6087
Baker's,negative,1,40,not,21,0.0034499753573188764,0.9155577460160998,6087
Baker's,negative,1,41,intra,21,0.0034499753573188764,0.9190077213734188,6087
Baker's,negative,1,42,sans,21,0.0034499753573188764,0.9224576967307376,6087
Baker's,negative,1,43,observa,20,0.003285690816494168,0.9257433875472318,6087
Baker's,negative,1,44,articulaire,20,0.003285690816494168,0.929029078363726,6087
Baker's,negative,1,45,joint,18,0.002957121734844751,0.9319862000985707,6087
Baker's,negative,1,46,significatif,15,0.0024642681123706258,0.9344504682109414,6087
Baker's,negative,1,47,aucun,14,0.0022999835715459176,0.9367504517824873,6087
Baker's,negative,1,48,n,14,0.0022999835715459176,0.9390504353540332,6087
Baker's,negative,1,49,petit,14,0.0022999835715459176,0.9413504189255791,6087
Baker's,negative,1,50,or,12,0.001971414489896501,0.9433218334154756,6087
Baker's,negative,1,51,with,12,0.001971414489896501,0.9452932479053721,6087
Baker's,negative,1,52,cysts,12,0.001971414489896501,0.9472646623952686,6087
Baker's,negative,1,53,un,12,0.001971414489896501,0.9492360768851651,6087
Baker's,negative,1,54,demonstrated,10,0.001642845408247084,0.9508789222934122,6087
Baker's,negative,1,55,trouvailles,10,0.001642845408247084,0.9525217677016593,6087
Baker's,negative,1,56,evidente,9,0.0014785608674223755,0.9540003285690817,6087
Baker's,negative,1,57,formirane,9,0.0014785608674223755,0.955478889436504,6087
Baker's,negative,1,58,small,8,0.0013142763265976672,0.9567931657631017,6087
Baker's,negative,1,59,evidence,6,0.0009857072449482504,0.95777887300805,6087
Baker's,negative,1,60,of,6,0.0009857072449482504,0.9587645802529982,6087
Baker's,negative,1,61,d,6,0.0009857072449482504,0.9597502874979464,6087
Baker's,negative,1,62,lisere,6,0.0009857072449482504,0.9607359947428947,6087
Baker's,negative,1,63,liquide,6,0.0009857072449482504,0.9617217019878429,6087
Baker's,negative,1,64,izljeva,6,0.0009857072449482504,0.9627074092327912,6087
Baker's,negative,1,65,none,6,0.0009857072449482504,0.9636931164777395,6087
Baker's,negative,1,66,keine,6,0.0009857072449482504,0.9646788237226877,6087
Baker's,negative,1,67,nema,5,0.000821422704123542,0.9655002464268112,6087
Baker's,negative,1,68,without,5,0.000821422704123542,0.9663216691309348,6087
Baker's,negative,1,69,au,5,0.000821422704123542,0.9671430918350583,6087
Baker's,negative,1,70,sein,5,0.000821422704123542,0.9679645145391819,6087
Baker's,negative,1,71,du,5,0.000821422704123542,0.9687859372433054,6087
Baker's,negative,1,72,avec,4,0.0006571381632988336,0.9694430754066042,6087
Baker's,negative,1,73,observan,4,0.0006571381632988336,0.9701002135699031,6087
Baker's,negative,1,74,recessus,4,0.0006571381632988336,0.9707573517332019,6087
Baker's,negative,1,75,zyste,4,0.0006571381632988336,0.9714144898965007,6087
Baker's,negative,1,76,signos,3,0.0004928536224741252,0.9719073435189749,6087
Baker's,negative,1,77,semimembranosus,3,0.0004928536224741252,0.972400197141449,6087
Baker's,negative,1,78,synovitis,3,0.0004928536224741252,0.9728930507639231,6087
Baker's,negative,1,79,3,3,0.0004928536224741252,0.9733859043863973,6087
Baker's,negative,1,80,gewogen,3,0.0004928536224741252,0.9738787580088714,6087
Baker's,negative,1,81,seq,3,0.0004928536224741252,0.9743716116313454,6087
Baker's,negative,1,82,manja,2,0.0003285690816494168,0.9747001807129949,6087
Baker's,negative,1,83,kolicina,2,0.0003285690816494168,0.9750287497946444,6087
Baker's,negative,1,84,u,2,0.0003285690816494168,0.9753573188762937,6087
Baker's,negative,1,85,burzi,2,0.0003285690816494168,0.9756858879579432,6087
Baker's,negative,1,86,bodies,2,0.0003285690816494168,0.9760144570395926,6087
Baker's,negative,1,87,interpretation,2,0.0003285690816494168,0.976343026121242,6087
Baker's,negative,1,88,m,2,0.0003285690816494168,0.9766715952028914,6087
Baker's,negative,1,89,met,2,0.0003285690816494168,0.9770001642845408,6087
Baker's,negative,1,90,fs,2,0.0003285690816494168,0.9773287333661902,6087
Baker's,negative,1,91,cor,2,0.0003285690816494168,0.9776573024478397,6087
Baker's,negative,1,92,van,2,0.0003285690816494168,0.9779858715294891,6087
Baker's,negative,1,93,1,2,0.0003285690816494168,0.9783144406111385,6087
Baker's,negative,1,94,x,2,0.0003285690816494168,0.978643009692788,6087
Baker's,negative,1,95,other,2,0.0003285690816494168,0.9789715787744373,6087
Baker's,negative,1,96,spaceoccupying,2,0.0003285690816494168,0.9793001478560868,6087
Baker's,negative,1,97,soft,2,0.0003285690816494168,0.9796287169377361,6087
Baker's,negative,1,98,tissue,2,0.0003285690816494168,0.9799572860193856,6087
Baker's,negative,1,99,lesion,2,0.0003285690816494168,0.9802858551010349,6087
Baker's,negative,1,100,shown,2,0.0003285690816494168,0.9806144241826844,6087
Baker's,negative,2,1,baker s,484,0.09769882922890594,0.09769882922890594,4954
Baker's,negative,2,2,s cyst,484,0.09769882922890594,0.19539765845781187,4954
Baker's,negative,2,3,no baker,460,0.09285425918449737,0.28825191764230923,4954
Baker's,negative,2,4,quistes popliteos,206,0.04158255954784013,0.32983447719014936,4954
Baker's,negative,2,5,no hay,205,0.04138070246265644,0.3712151796528058,4954
Baker's,negative,2,6,poplitealne ciste,143,0.02886556318126766,0.40008074283407347,4954
Baker's,negative,2,7,ne nalazi,141,0.02846184901090028,0.4285425918449738,4954
Baker's,negative,2,8,nalazi se,141,0.02846184901090028,0.45700444085587405,4954
Baker's,negative,2,9,derrame articular,132,0.026645135244247074,0.4836495761001211,4954
Baker's,negative,2,10,znakova poplitealne,119,0.024020993136859105,0.5076705692369802,4954
Baker's,negative,2,11,articular ni,114,0.023011707710940653,0.5306822769479209,4954
Baker's,negative,2,12,ni quistes,111,0.022406136455389584,0.5530884134033105,4954
Baker's,negative,2,13,popliteos patologicos,81,0.016350423899878886,0.5694388373031893,4954
Baker's,negative,2,14,se poplitealne,76,0.015341138473960436,0.5847799757771498,4954
Baker's,negative,2,15,significativo derrame,75,0.015139281388776746,0.5999192571659265,4954
Baker's,negative,2,16,hay significativo,74,0.014937424303593056,0.6148566814695196,4954
Baker's,negative,2,17,hay quistes,71,0.014331853048041986,0.6291885345175615,4954
Baker's,negative,2,18,bez znakova,69,0.013928138877674606,0.6431166733952361,4954
Baker's,negative,2,19,bakerove ciste,68,0.013726281792490917,0.6568429551877271,4954
Baker's,negative,2,20,poplitealne bakerove,60,0.012111425111021397,0.6689543802987485,4954
Baker's,negative,2,21,no popliteal,56,0.011303996770286637,0.6802583770690351,4954
Baker's,negative,2,22,popliteal cyst,53,0.010698425514735568,0.6909568025837707,4954
Baker's,negative,2,23,se znakova,50,0.010092854259184497,0.7010496568429552,4954
Baker's,negative,2,24,cyst is,48,0.009689140088817117,0.7107387969317723,4954
Baker's,negative,2,25,hay derrame,44,0.008881711748082357,0.7196205086798546,4954
Baker's,negative,2,26,is seen,44,0.008881711748082357,0.728502220427937,4954
Baker's,negative,2,27,de baker,42,0.008477997577714978,0.7369802180056519,4954
Baker's,negative,2,28,quiste popliteo,42,0.008477997577714978,0.745458215583367,4954
Baker's,negative,2,29,there is,39,0.007872426322163908,0.7533306419055309,4954
Baker's,negative,2,30,is no,34,0.006863140896245458,0.7601937828017763,4954
Baker's,negative,2,31,no complicado,33,0.006661283811061769,0.7668550666128381,4954
Baker's,negative,2,32,baker cyst,32,0.006459426725878078,0.7733144933387162,4954
Baker's,negative,2,33,pequeno quiste,31,0.006257569640694388,0.7795720629794106,4954
Baker's,negative,2,34,popliteo no,31,0.006257569640694388,0.785829632620105,4954
Baker's,negative,2,35,kyste de,28,0.005651998385143318,0.7914816310052483,4954
Baker's,negative,2,36,kyste poplite,28,0.005651998385143318,0.7971336293903916,4954
Baker's,negative,2,37,significant baker,28,0.005651998385143318,0.802785627775535,4954
Baker's,negative,2,38,no significant,25,0.005046427129592248,0.8078320549051272,4954
Baker's,negative,2,39,no se,24,0.004844570044408559,0.8126766249495357,4954
Baker's,negative,2,40,y a,23,0.004642712959224869,0.8173193379087605,4954
Baker's,negative,2,41,cyst not,21,0.004238998788857489,0.8215583366976181,4954
Baker's,negative,2,42,sans kyste,21,0.004238998788857489,0.8257973354864756,4954
Baker's,negative,2,43,se observa,20,0.004037141703673799,0.8298344771901494,4954
Baker's,negative,2,44,de kyste,19,0.003835284618490109,0.8336697618086395,4954
Baker's,negative,2,45,epanchement intra,19,0.003835284618490109,0.8375050464271296,4954
Baker's,negative,2,46,intra articulaire,19,0.003835284618490109,0.8413403310456197,4954
Baker's,negative,2,47,joint effusion,18,0.0036334275333064193,0.8449737585789261,4954
Baker's,negative,2,48,not seen,18,0.0036334275333064193,0.8486071861122325,4954
Baker's,negative,2,49,observa quiste,17,0.003431570448122729,0.8520387565603552,4954
Baker's,negative,2,50,articular y,17,0.003431570448122729,0.855470327008478,4954
Baker's,negative,2,51,y quistes,17,0.003431570448122729,0.8589018974566007,4954
Baker's,negative,2,52,pas de,17,0.003431570448122729,0.8623334679047234,4954
Baker's,negative,2,53,knee joint,16,0.003229713362939039,0.8655631812676625,4954
Baker's,negative,2,54,articulaire sans,15,0.0030278562777553493,0.8685910375454179,4954
Baker's,negative,2,55,baker aucun,14,0.002825999192571659,0.8714170367379895,4954
Baker's,negative,2,56,il n,14,0.002825999192571659,0.8742430359305612,4954
Baker's,negative,2,57,n y,14,0.002825999192571659,0.8770690351231328,4954
Baker's,negative,2,58,a pas,14,0.002825999192571659,0.8798950343157045,4954
Baker's,negative,2,59,quiste de,14,0.002825999192571659,0.8827210335082761,4954
Baker's,negative,2,60,baker ciste,13,0.0026241421073879695,0.8853451756156641,4954
Baker's,negative,2,61,petit epanchement,13,0.0026241421073879695,0.8879693177230521,4954
Baker's,negative,2,62,effusion with,12,0.0024222850222042794,0.8903916027452563,4954
Baker's,negative,2,63,popliteal cysts,12,0.0024222850222042794,0.8928138877674606,4954
Baker's,negative,2,64,baker significatif,11,0.0022204279370205892,0.8950343157044812,4954
Baker's,negative,2,65,trouvailles il,10,0.0020185708518368995,0.8970528865563181,4954
Baker's,negative,2,66,hay evidente,9,0.0018167137666532096,0.8988696003229714,4954
Baker's,negative,2,67,evidente derrame,9,0.0018167137666532096,0.9006863140896245,4954
Baker's,negative,2,68,with no,9,0.0018167137666532096,0.9025030278562778,4954
Baker's,negative,2,69,il y,9,0.0018167137666532096,0.9043197416229309,4954
Baker's,negative,2,70,a un,9,0.0018167137666532096,0.9061364553895842,4954
Baker's,negative,2,71,se bakerove,8,0.0016148566814695195,0.9077513120710536,4954
Baker's,negative,2,72,cyst or,8,0.0016148566814695195,0.9093661687525232,4954
Baker's,negative,2,73,un petit,8,0.0016148566814695195,0.9109810254339927,4954
Baker's,negative,2,74,bez formirane,6,0.0012111425111021397,0.9121921679450948,4954
Baker's,negative,2,75,small knee,6,0.0012111425111021397,0.913403310456197,4954
Baker's,negative,2,76,knee effusion,6,0.0012111425111021397,0.9146144529672992,4954
Baker's,negative,2,77,no evidence,6,0.0012111425111021397,0.9158255954784013,4954
Baker's,negative,2,78,evidence of,6,0.0012111425111021397,0.9170367379895035,4954
Baker's,negative,2,79,lisere de,6,0.0012111425111021397,0.9182478805006056,4954
Baker's,negative,2,80,de liquide,6,0.0012111425111021397,0.9194590230117077,4954
Baker's,negative,2,81,cyst none,6,0.0012111425111021397,0.9206701655228099,4954
Baker's,negative,2,82,formirane baker,5,0.0010092854259184498,0.9216794509487283,4954
Baker's,negative,2,83,significant knee,5,0.0010092854259184498,0.9226887363746468,4954
Baker's,negative,2,84,is a,5,0.0010092854259184498,0.9236980218005651,4954
Baker's,negative,2,85,pas d,5,0.0010092854259184498,0.9247073072264836,4954
Baker's,negative,2,86,d epanchement,5,0.0010092854259184498,0.9257165926524021,4954
Baker's,negative,2,87,bez izljeva,5,0.0010092854259184498,0.9267258780783205,4954
Baker's,negative,2,88,izljeva bez,5,0.0010092854259184498,0.927735163504239,4954
Baker's,negative,2,89,liquide au,5,0.0010092854259184498,0.9287444489301574,4954
Baker's,negative,2,90,au sein,5,0.0010092854259184498,0.9297537343560759,4954
Baker's,negative,2,91,sein du,5,0.0010092854259184498,0.9307630197819944,4954
Baker's,negative,2,92,se baker,4,0.0008074283407347598,0.9315704481227292,4954
Baker's,negative,2,93,effusion or,4,0.0008074283407347598,0.9323778764634638,4954
Baker's,negative,2,94,or popliteal,4,0.0008074283407347598,0.9331853048041986,4954
Baker's,negative,2,95,cyst demonstrated,4,0.0008074283407347598,0.9339927331449334,4954
Baker's,negative,2,96,a small,4,0.0008074283407347598,0.9348001614856681,4954
Baker's,negative,2,97,formirane poplitealne,4,0.0008074283407347598,0.9356075898264029,4954
Baker's,negative,2,98,or knee,4,0.0008074283407347598,0.9364150181671377,4954
Baker's,negative,2,99,of a,4,0.0008074283407347598,0.9372224465078725,4954
Baker's,negative,2,100,a significant,4,0.0008074283407347598,0.9380298748486072,4954
Baker's,positive,1,1,baker,1299,0.08232982634047407,0.08232982634047407,15778
Baker's,positive,1,2,cyst,780,0.04943592343769806,0.13176574977817213,15778
Baker's,positive,1,3,s,684,0.04335150209151984,0.175117251869692,15778
Baker's,positive,1,4,small,274,0.017365952592217012,0.19248320446190897,15778
Baker's,positive,1,5,the,264,0.016732158701990112,0.2092153631638991,15778
Baker's,positive,1,6,of,247,0.015654709088604387,0.2248700722525035,15778
Baker's,positive,1,7,popliteal,217,0.013753327417923691,0.23862339967042717,15778
Baker's,positive,1,8,de,205,0.012992774749651414,0.2516161744200786,15778
Baker's,positive,1,9,κυστη,204,0.012929395360628723,0.2645455697807073,15778
Baker's,positive,1,10,a,184,0.011661807580174927,0.27620737736088224,15778
Baker's,positive,1,11,mm,162,0.010267461021675752,0.286474838382558,15778
Baker's,positive,1,12,συνοβιακη,157,0.009950564076562302,0.2964254024591203,15778
Baker's,positive,1,13,cista,152,0.009633667131448852,0.30605906959056917,15778
Baker's,positive,1,14,and,151,0.009570287742426162,0.3156293573329953,15778
Baker's,positive,1,15,cm,150,0.009506908353403473,0.3251362656863988,15778
Baker's,positive,1,16,in,147,0.009316770186335404,0.3344530358727342,15778
Baker's,positive,1,17,trace,133,0.008429458740017746,0.34288249461275194,15778
Baker's,positive,1,18,with,132,0.008366079350995056,0.351248573963747,15778
Baker's,positive,1,19,medial,129,0.008175941183926987,0.359424515147674,15778
Baker's,positive,1,20,εσω,124,0.007859044238813537,0.3672835593864875,15778
Baker's,positive,1,21,παρατηρειται,119,0.0075421472937000885,0.3748257066801876,15778
Baker's,positive,1,22,μικρη,115,0.007288629737609329,0.3821143364177969,15778
Baker's,positive,1,23,kisti,115,0.007288629737609329,0.38940296615540626,15778
Baker's,positive,1,24,με,112,0.00709849157054126,0.3965014577259475,15778
Baker's,positive,1,25,quiste,110,0.00697173279249588,0.4034731905184434,15778
Baker's,positive,1,26,zyste,107,0.006781594625427811,0.4102547851438712,15778
Baker's,positive,1,27,του,103,0.006528077069337052,0.41678286221320826,15778
Baker's,positive,1,28,ruptured,98,0.006211180124223602,0.4229940423374319,15778
Baker's,positive,1,29,fossada,98,0.006211180124223602,0.4292052224616555,15778
Baker's,positive,1,30,υγρου,97,0.0061478007352009124,0.43535302319685637,15778
Baker's,positive,1,31,киста,96,0.006084421346178223,0.44143744454303463,15778
Baker's,positive,1,32,moderate,96,0.006084421346178223,0.44752186588921283,15778
Baker's,positive,1,33,бекерова,95,0.006021041957155533,0.45354290784636836,15778
Baker's,positive,1,34,is,85,0.005387248066928635,0.458930155913297,15778
Baker's,positive,1,35,συλλογη,84,0.005323868677905945,0.46425402459120296,15778
Baker's,positive,1,36,στην,84,0.005323868677905945,0.46957789326910887,15778
Baker's,positive,1,37,σε,79,0.005006971732792496,0.4745848650019014,15778
Baker's,positive,1,38,knee,76,0.004816833565724426,0.4794016985676258,15778
Baker's,positive,1,39,bakercyste,73,0.004626695398656357,0.48402839396628217,15778
Baker's,positive,1,40,την,69,0.004373177842565598,0.48840157180884775,15778
Baker's,positive,1,41,παρα,67,0.004246419064520218,0.49264799087336797,15778
Baker's,positive,1,42,κεφαλη,67,0.004246419064520218,0.4968944099378882,15778
Baker's,positive,1,43,γαστροκνημιου,66,0.004183039675497528,0.5010774496133857,15778
Baker's,positive,1,44,5,66,0.004183039675497528,0.5052604892888832,15778
Baker's,positive,1,45,bakerova,65,0.0041196602864748385,0.509380149575358,15778
Baker's,positive,1,46,επικοινωνια,65,0.0041196602864748385,0.513499809861833,15778
Baker's,positive,1,47,gastrocnemius,64,0.004056280897452149,0.5175560907592851,15778
Baker's,positive,1,48,fossa,63,0.003992901508429458,0.5215489922677146,15778
Baker's,positive,1,49,kyste,62,0.003929522119406769,0.5254785143871213,15778
Baker's,positive,1,50,μυος,60,0.0038027633413613895,0.5292812777284827,15778
Baker's,positive,1,51,x,60,0.0038027633413613895,0.5330840410698441,15778
Baker's,positive,1,52,semimembranosus,59,0.0037393839523386994,0.5368234250221828,15778
Baker's,positive,1,53,διαμετρου,57,0.0036126251742933197,0.5404360501964761,15778
Baker's,positive,1,54,popliteo,56,0.00354924578527063,0.5439852959817467,15778
Baker's,positive,1,55,con,56,0.00354924578527063,0.5475345417670173,15778
Baker's,positive,1,56,izlendi,55,0.00348586639624794,0.5510204081632653,15778
Baker's,positive,1,57,favor,55,0.00348586639624794,0.5545062745595133,15778
Baker's,positive,1,58,kleine,55,0.00348586639624794,0.5579921409557612,15778
Baker's,positive,1,59,joint,54,0.0034224870072252504,0.5614146279629865,15778
Baker's,positive,1,60,head,54,0.0034224870072252504,0.5648371149702117,15778
Baker's,positive,1,61,3,54,0.0034224870072252504,0.568259601977437,15778
Baker's,positive,1,62,lobulated,53,0.0033591076182025604,0.5716187095956395,15778
Baker's,positive,1,63,4,53,0.0033591076182025604,0.5749778172138421,15778
Baker's,positive,1,64,cystic,52,0.0032957282291798708,0.5782735454430219,15778
Baker's,positive,1,65,between,52,0.0032957282291798708,0.5815692736722018,15778
Baker's,positive,1,66,met,51,0.0032323488401571807,0.584801622512359,15778
Baker's,positive,1,67,lesion,50,0.003168969451134491,0.5879705919634934,15778
Baker's,positive,1,68,muscles,49,0.003105590062111801,0.5910761820256053,15778
Baker's,positive,1,69,ιγνυακη,49,0.003105590062111801,0.594181772087717,15778
Baker's,positive,1,70,poplitealna,48,0.0030422106730891114,0.5972239827608062,15778
Baker's,positive,1,71,tendons,48,0.0030422106730891114,0.6002661934338953,15778
Baker's,positive,1,72,κοιλοτητα,48,0.0030422106730891114,0.6033084041069844,15778
Baker's,positive,1,73,non,46,0.0029154518950437317,0.6062238560020281,15778
Baker's,positive,1,74,effusion,44,0.002788693116998352,0.6090125491190265,15778
Baker's,positive,1,75,flussigkeitsgefullte,44,0.002788693116998352,0.6118012422360248,15778
Baker's,positive,1,76,ενδαρθρικα,42,0.0026619343389529724,0.6144631765749778,15778
Baker's,positive,1,77,κεφαλουραιας,42,0.0026619343389529724,0.6171251109139307,15778
Baker's,positive,1,78,6,42,0.0026619343389529724,0.6197870452528838,15778
Baker's,positive,1,79,και,42,0.0026619343389529724,0.6224489795918368,15778
Baker's,positive,1,80,mild,41,0.0025985549499302828,0.625047534541767,15778
Baker's,positive,1,81,cc,41,0.0025985549499302828,0.6276460894916973,15778
Baker's,positive,1,82,boyutlarinda,41,0.0025985549499302828,0.6302446444416275,15778
Baker's,positive,1,83,velicine,40,0.0025351755609075927,0.6327798200025352,15778
Baker's,positive,1,84,fluid,39,0.002471796171884903,0.63525161617442,15778
Baker's,positive,1,85,на,39,0.002471796171884903,0.637723412346305,15778
Baker's,positive,1,86,synovitis,38,0.002408416782862213,0.6401318291291672,15778
Baker's,positive,1,87,rupture,38,0.002408416782862213,0.6425402459120294,15778
Baker's,positive,1,88,petit,36,0.0022816580048168338,0.6448219039168462,15778
Baker's,positive,1,89,there,35,0.0022182786157941437,0.6470401825326404,15778
Baker's,positive,1,90,2,35,0.0022182786157941437,0.6492584611484346,15778
Baker's,positive,1,91,van,34,0.002154899226771454,0.651413360375206,15778
Baker's,positive,1,92,с,34,0.002154899226771454,0.6535682596019774,15778
Baker's,positive,1,93,малка,34,0.002154899226771454,0.6557231588287489,15778
Baker's,positive,1,94,noted,34,0.002154899226771454,0.6578780580555204,15778
Baker's,positive,1,95,large,32,0.0020281404487260744,0.6599061985042464,15778
Baker's,positive,1,96,7,32,0.0020281404487260744,0.6619343389529725,15778
Baker's,positive,1,97,cyste,32,0.0020281404487260744,0.6639624794016986,15778
Baker's,positive,1,98,се,32,0.0020281404487260744,0.6659906198504246,15778
Baker's,positive,1,99,y,30,0.0019013816706806947,0.6678920015211053,15778
Baker's,positive,1,100,left,30,0.0019013816706806947,0.669793383191786,15778
Baker's,positive,2,1,baker s,676,0.048203080433542496,0.048203080433542496,14024
Baker's,positive,2,2,s cyst,672,0.04791785510553337,0.09612093553907587,14024
Baker's,positive,2,3,κυστη baker,200,0.01426126640045636,0.11038220193953223,14024
Baker's,positive,2,4,συνοβιακη κυστη,155,0.01105248146035368,0.1214346833998859,14024
Baker's,positive,2,5,small baker,142,0.010125499144324016,0.13156018254420992,14024
Baker's,positive,2,6,trace baker,126,0.008984597832287507,0.14054478037649742,14024
Baker's,positive,2,7,of the,118,0.008414147176269253,0.14895892755276668,14024
Baker's,positive,2,8,baker kisti,114,0.008128921848260126,0.15708784940102682,14024
Baker's,positive,2,9,baker zyste,107,0.007629777524244153,0.16471762692527098,14024
Baker's,positive,2,10,popliteal fossada,98,0.006988020536223617,0.17170564746149458,14024
Baker's,positive,2,11,бекерова киста,95,0.006774101540216771,0.17847974900171135,14024
Baker's,positive,2,12,ruptured baker,95,0.006774101540216771,0.1852538505419281,14024
Baker's,positive,2,13,de baker,90,0.006417569880205362,0.19167142042213348,14024
Baker's,positive,2,14,συλλογη υγρου,72,0.00513405590416429,0.19680547632629777,14024
Baker's,positive,2,15,παρα την,67,0.004777524244152881,0.20158300057045064,14024
Baker's,positive,2,16,εσω κεφαλη,67,0.004777524244152881,0.20636052481460354,14024
Baker's,positive,2,17,κεφαλη του,67,0.004777524244152881,0.2111380490587564,14024
Baker's,positive,2,18,μικρη συνοβιακη,67,0.004777524244152881,0.2159155733029093,14024
Baker's,positive,2,19,bakerova cista,65,0.004634911580148317,0.22055048488305762,14024
Baker's,positive,2,20,σε επικοινωνια,65,0.004634911580148317,0.22518539646320593,14024
Baker's,positive,2,21,επικοινωνια με,65,0.004634911580148317,0.22982030804335424,14024
Baker's,positive,2,22,του γαστροκνημιου,64,0.004563605248146035,0.2343839132915003,14024
Baker's,positive,2,23,την εσω,63,0.004492298916143753,0.23887621220764405,14024
Baker's,positive,2,24,popliteal fossa,61,0.00434968625213919,0.24322589845978324,14024
Baker's,positive,2,25,the medial,57,0.004064460924130063,0.2472903593839133,14024
Baker's,positive,2,26,quiste popliteo,56,0.003993154592127781,0.2512835139760411,14024
Baker's,positive,2,27,γαστροκνημιου μυος,56,0.003993154592127781,0.25527666856816883,14024
Baker's,positive,2,28,kisti izlendi,55,0.003921848260125499,0.25919851682829437,14024
Baker's,positive,2,29,in favor,55,0.003921848260125499,0.26312036508841985,14024
Baker's,positive,2,30,favor of,55,0.003921848260125499,0.26704221334854533,14024
Baker's,positive,2,31,quiste de,54,0.0038505419281232175,0.27089275527666856,14024
Baker's,positive,2,32,cyst with,54,0.0038505419281232175,0.2747432972047918,14024
Baker's,positive,2,33,medial head,53,0.0037792355961209357,0.2785225328009127,14024
Baker's,positive,2,34,head of,52,0.0037079292641186536,0.2822304620650314,14024
Baker's,positive,2,35,between the,51,0.003636622932116372,0.28586708499714775,14024
Baker's,positive,2,36,the gastrocnemius,51,0.003636622932116372,0.2895037079292641,14024
Baker's,positive,2,37,gastrocnemius and,51,0.003636622932116372,0.29314033086138047,14024
Baker's,positive,2,38,baker cyst,51,0.003636622932116372,0.2967769537934969,14024
Baker's,positive,2,39,στην εσω,51,0.003636622932116372,0.30041357672561325,14024
Baker's,positive,2,40,medial popliteal,51,0.003636622932116372,0.3040501996577296,14024
Baker's,positive,2,41,baker cista,50,0.00356531660011409,0.3076155162578437,14024
Baker's,positive,2,42,cystic lesion,50,0.00356531660011409,0.3111808328579578,14024
Baker's,positive,2,43,and the,50,0.00356531660011409,0.3147461494580719,14024
Baker's,positive,2,44,semimembranosus muscles,49,0.0034940102681118084,0.3182401597261837,14024
Baker's,positive,2,45,popliteal cyst,48,0.0034227039361095267,0.3216628636622932,14024
Baker's,positive,2,46,lobulated cystic,48,0.0034227039361095267,0.32508556759840274,14024
Baker's,positive,2,47,the tendons,48,0.0034227039361095267,0.3285082715345123,14024
Baker's,positive,2,48,the semimembranosus,48,0.0034227039361095267,0.3319309754706218,14024
Baker's,positive,2,49,of baker,48,0.0034227039361095267,0.33535367940673133,14024
Baker's,positive,2,50,tendons of,47,0.0033513976041072446,0.3387050770108386,14024
Baker's,positive,2,51,ιγνυακη κοιλοτητα,46,0.003280091272104963,0.3419851682829435,14024
Baker's,positive,2,52,εσω ιγνυακη,44,0.0031374786081003994,0.34512264689104394,14024
Baker's,positive,2,53,muscles in,43,0.0030661722760981177,0.34818881916714206,14024
Baker's,positive,2,54,in medial,43,0.0030661722760981177,0.3512549914432402,14024
Baker's,positive,2,55,cyst is,43,0.0030661722760981177,0.35432116371933825,14024
Baker's,positive,2,56,a lobulated,42,0.0029948659440958356,0.3573160296634341,14024
Baker's,positive,2,57,fossa between,42,0.0029948659440958356,0.36031089560752994,14024
Baker's,positive,2,58,a small,41,0.002923559612093554,0.3632344552196235,14024
Baker's,positive,2,59,lesion in,40,0.002852253280091272,0.36608670849971475,14024
Baker's,positive,2,60,flussigkeitsgefullte baker,40,0.002852253280091272,0.36893896177980606,14024
Baker's,positive,2,61,mm boyutlarinda,40,0.002852253280091272,0.3717912150598973,14024
Baker's,positive,2,62,υγρου παρατηρειται,40,0.002852253280091272,0.3746434683399886,14024
Baker's,positive,2,63,κεφαλουραιας διαμετρου,39,0.0027809469480889904,0.3774244152880776,14024
Baker's,positive,2,64,baker παρα,38,0.0027096406160867087,0.38013405590416427,14024
Baker's,positive,2,65,cm baker,38,0.0027096406160867087,0.382843696520251,14024
Baker's,positive,2,66,poplitealna cista,37,0.0026383342840844265,0.3854820308043354,14024
Baker's,positive,2,67,joint effusion,37,0.0026383342840844265,0.38812036508841985,14024
Baker's,positive,2,68,με μικρη,37,0.0026383342840844265,0.3907586993725043,14024
Baker's,positive,2,69,kyste de,36,0.002567027952082145,0.3933257273245864,14024
Baker's,positive,2,70,baker κεφαλουραιας,34,0.0024244152880775814,0.395750142612664,14024
Baker's,positive,2,71,5 cm,34,0.0024244152880775814,0.3981745579007416,14024
Baker's,positive,2,72,cista velicine,33,0.0023531089560752997,0.4005276668568169,14024
Baker's,positive,2,73,boyutlarinda baker,33,0.0023531089560752997,0.40288077581289217,14024
Baker's,positive,2,74,με συνοβιακη,33,0.0023531089560752997,0.4052338847689675,14024
Baker's,positive,2,75,moderate baker,32,0.0022818026240730175,0.4075156873930405,14024
Baker's,positive,2,76,there is,31,0.002210496292070736,0.4097261836851112,14024
Baker's,positive,2,77,knee joint,30,0.002139189960068454,0.41186537364517967,14024
Baker's,positive,2,78,left knee,30,0.002139189960068454,0.4140045636052481,14024
Baker's,positive,2,79,signos de,30,0.002139189960068454,0.4161437535653166,14024
Baker's,positive,2,80,is a,28,0.0019965772960638907,0.41814033086138047,14024
Baker's,positive,2,81,малка бекерова,28,0.0019965772960638907,0.42013690815744437,14024
Baker's,positive,2,82,with a,27,0.0019252709640616087,0.422062179121506,14024
Baker's,positive,2,83,παρατηρειται ενδαρθρικα,27,0.0019252709640616087,0.4239874500855676,14024
Baker's,positive,2,84,small ruptured,27,0.0019252709640616087,0.4259127210496292,14024
Baker's,positive,2,85,pequeno quiste,26,0.0018539646320593268,0.4277666856816885,14024
Baker's,positive,2,86,popliteo con,26,0.0018539646320593268,0.42962065031374785,14024
Baker's,positive,2,87,kyste poplite,26,0.0018539646320593268,0.4314746149458072,14024
Baker's,positive,2,88,baker στην,25,0.001782658300057045,0.4332572732458642,14024
Baker's,positive,2,89,synovitis of,24,0.0017113519680547634,0.434968625213919,14024
Baker's,positive,2,90,fossada baker,24,0.0017113519680547634,0.43667997718197377,14024
Baker's,positive,2,91,μικρη συλλογη,24,0.0017113519680547634,0.43839132915002854,14024
Baker's,positive,2,92,παρατηρειται στην,24,0.0017113519680547634,0.44010268111808326,14024
Baker's,positive,2,93,of left,23,0.0016400456360524814,0.4417427267541358,14024
Baker's,positive,2,94,киста с,23,0.0016400456360524814,0.44338277239018825,14024
Baker's,positive,2,95,cyst present,23,0.0016400456360524814,0.4450228180262407,14024
Baker's,positive,2,96,perifocal edema,23,0.0016400456360524814,0.4466628636622932,14024
Baker's,positive,2,97,petit kyste,23,0.0016400456360524814,0.4483029092983457,14024
Baker's,positive,2,98,and small,22,0.0015687393040501997,0.44987164860239587,14024
Baker's,positive,2,99,zyste mit,22,0.0015687393040501997,0.4514403879064461,14024
Baker's,positive,2,100,ενδαρθρικα σε,22,0.0015687393040501997,0.4530091272104963,14024
Baker's,uncertain,1,1,con,10,0.07142857142857142,0.07142857142857142,140
Baker's,uncertain,1,2,quiste,9,0.06428571428571428,0.1357142857142857,140
Baker's,uncertain,1,3,popliteo,9,0.06428571428571428,0.2,140
Baker's,uncertain,1,4,probable,9,0.06428571428571428,0.2642857142857143,140
Baker's,uncertain,1,5,filtracion,9,0.06428571428571428,0.32857142857142857,140
Baker's,uncertain,1,6,baker,7,0.05,0.37857142857142856,140
Baker's,uncertain,1,7,pequeno,6,0.04285714285714286,0.42142857142857143,140
Baker's,uncertain,1,8,s,6,0.04285714285714286,0.4642857142857143,140
Baker's,uncertain,1,9,cyst,6,0.04285714285714286,0.5071428571428571,140
Baker's,uncertain,1,10,hacia,5,0.03571428571428571,0.5428571428571428,140
Baker's,uncertain,1,11,with,4,0.02857142857142857,0.5714285714285714,140
Baker's,uncertain,1,12,caudal,3,0.02142857142857143,0.5928571428571429,140
Baker's,uncertain,1,13,rupture,3,0.02142857142857143,0.6142857142857143,140
Baker's,uncertain,1,14,cefalico,2,0.014285714285714285,0.6285714285714286,140
Baker's,uncertain,1,15,small,2,0.014285714285714285,0.6428571428571429,140
Baker's,uncertain,1,16,low,2,0.014285714285714285,0.6571428571428571,140
Baker's,uncertain,1,17,signal,2,0.014285714285714285,0.6714285714285714,140
Baker's,uncertain,1,18,rim,2,0.014285714285714285,0.6857142857142857,140
Baker's,uncertain,1,19,likely,2,0.014285714285714285,0.7,140
Baker's,uncertain,1,20,reflecting,2,0.014285714285714285,0.7142857142857143,140
Baker's,uncertain,1,21,prior,2,0.014285714285714285,0.7285714285714285,140
Baker's,uncertain,1,22,hemarthrosis,2,0.014285714285714285,0.7428571428571429,140
Baker's,uncertain,1,23,hemosiderin,2,0.014285714285714285,0.7571428571428571,140
Baker's,uncertain,1,24,staining,2,0.014285714285714285,0.7714285714285715,140
Baker's,uncertain,1,25,5,2,0.014285714285714285,0.7857142857142857,140
Baker's,uncertain,1,26,suspect,2,0.014285714285714285,0.8,140
Baker's,uncertain,1,27,at,2,0.014285714285714285,0.8142857142857143,140
Baker's,uncertain,1,28,left,2,0.014285714285714285,0.8285714285714286,140
Baker's,uncertain,1,29,knee,2,0.014285714285714285,0.8428571428571429,140
Baker's,uncertain,1,30,suspected,2,0.014285714285714285,0.8571428571428571,140
Baker's,uncertain,1,31,of,2,0.014285714285714285,0.8714285714285714,140
Baker's,uncertain,1,32,cista,1,0.007142857142857143,0.8785714285714286,140
Baker's,uncertain,1,33,aksijalno,1,0.007142857142857143,0.8857142857142857,140
Baker's,uncertain,1,34,velicine,1,0.007142857142857143,0.8928571428571429,140
Baker's,uncertain,1,35,oko,1,0.007142857142857143,0.9,140
Baker's,uncertain,1,36,27x14,1,0.007142857142857143,0.9071428571428571,140
Baker's,uncertain,1,37,mm,1,0.007142857142857143,0.9142857142857143,140
Baker's,uncertain,1,38,uz,1,0.007142857142857143,0.9214285714285714,140
Baker's,uncertain,1,39,blazi,1,0.007142857142857143,0.9285714285714286,140
Baker's,uncertain,1,40,edem,1,0.007142857142857143,0.9357142857142857,140
Baker's,uncertain,1,41,okolnih,1,0.007142857142857143,0.9428571428571428,140
Baker's,uncertain,1,42,mekih,1,0.007142857142857143,0.95,140
Baker's,uncertain,1,43,tkiva,1,0.007142857142857143,0.9571428571428572,140
Baker's,uncertain,1,44,moguce,1,0.007142857142857143,0.9642857142857143,140
Baker's,uncertain,1,45,stanje,1,0.007142857142857143,0.9714285714285714,140
Baker's,uncertain,1,46,nakon,1,0.007142857142857143,0.9785714285714285,140
Baker's,uncertain,1,47,polilobulado,1,0.007142857142857143,0.9857142857142858,140
Baker's,uncertain,1,48,liquido,1,0.007142857142857143,0.9928571428571429,140
Baker's,uncertain,1,49,perifascial,1,0.007142857142857143,1.0,140
Baker's,uncertain,2,1,quiste popliteo,9,0.07258064516129033,0.07258064516129033,124
Baker's,uncertain,2,2,con probable,9,0.07258064516129033,0.14516129032258066,124
Baker's,uncertain,2,3,probable filtracion,9,0.07258064516129033,0.21774193548387097,124
Baker's,uncertain,2,4,popliteo con,8,0.06451612903225806,0.28225806451612906,124
Baker's,uncertain,2,5,pequeno quiste,6,0.04838709677419355,0.33064516129032256,124
Baker's,uncertain,2,6,baker s,6,0.04838709677419355,0.3790322580645161,124
Baker's,uncertain,2,7,s cyst,6,0.04838709677419355,0.4274193548387097,124
Baker's,uncertain,2,8,filtracion hacia,4,0.03225806451612903,0.4596774193548387,124
Baker's,uncertain,2,9,hacia caudal,3,0.024193548387096774,0.4838709677419355,124
Baker's,uncertain,2,10,hacia cefalico,2,0.016129032258064516,0.5,124
Baker's,uncertain,2,11,small baker,2,0.016129032258064516,0.5161290322580645,124
Baker's,uncertain,2,12,cyst with,2,0.016129032258064516,0.532258064516129,124
Baker's,uncertain,2,13,with low,2,0.016129032258064516,0.5483870967741935,124
Baker's,uncertain,2,14,low signal,2,0.016129032258064516,0.5645161290322581,124
Baker's,uncertain,2,15,signal rim,2,0.016129032258064516,0.5806451612903226,124
Baker's,uncertain,2,16,rim likely,2,0.016129032258064516,0.5967741935483871,124
Baker's,uncertain,2,17,likely reflecting,2,0.016129032258064516,0.6129032258064516,124
Baker's,uncertain,2,18,reflecting prior,2,0.016129032258064516,0.6290322580645161,124
Baker's,uncertain,2,19,prior hemarthrosis,2,0.016129032258064516,0.6451612903225806,124
Baker's,uncertain,2,20,hemarthrosis with,2,0.016129032258064516,0.6612903225806451,124
Baker's,uncertain,2,21,with hemosiderin,2,0.016129032258064516,0.6774193548387096,124
Baker's,uncertain,2,22,hemosiderin staining,2,0.016129032258064516,0.6935483870967742,124
Baker's,uncertain,2,23,5 suspect,2,0.016129032258064516,0.7096774193548387,124
Baker's,uncertain,2,24,suspect baker,2,0.016129032258064516,0.7258064516129032,124
Baker's,uncertain,2,25,cyst at,2,0.016129032258064516,0.7419354838709677,124
Baker's,uncertain,2,26,at left,2,0.016129032258064516,0.7580645161290323,124
Baker's,uncertain,2,27,left knee,2,0.016129032258064516,0.7741935483870968,124
Baker's,uncertain,2,28,suspected rupture,2,0.016129032258064516,0.7903225806451613,124
Baker's,uncertain,2,29,rupture of,2,0.016129032258064516,0.8064516129032258,124
Baker's,uncertain,2,30,of baker,2,0.016129032258064516,0.8225806451612904,124
Baker's,uncertain,2,31,baker cista,1,0.008064516129032258,0.8306451612903226,124
Baker's,uncertain,2,32,cista aksijalno,1,0.008064516129032258,0.8387096774193549,124
Baker's,uncertain,2,33,aksijalno velicine,1,0.008064516129032258,0.8467741935483871,124
Baker's,uncertain,2,34,velicine oko,1,0.008064516129032258,0.8548387096774194,124
Baker's,uncertain,2,35,oko 27x14,1,0.008064516129032258,0.8629032258064516,124
Baker's,uncertain,2,36,27x14 mm,1,0.008064516129032258,0.8709677419354839,124
Baker's,uncertain,2,37,mm uz,1,0.008064516129032258,0.8790322580645161,124
Baker's,uncertain,2,38,uz blazi,1,0.008064516129032258,0.8870967741935484,124
Baker's,uncertain,2,39,blazi edem,1,0.008064516129032258,0.8951612903225806,124
Baker's,uncertain,2,40,edem okolnih,1,0.008064516129032258,0.9032258064516129,124
Baker's,uncertain,2,41,okolnih mekih,1,0.008064516129032258,0.9112903225806451,124
Baker's,uncertain,2,42,mekih tkiva,1,0.008064516129032258,0.9193548387096774,124
Baker's,uncertain,2,43,tkiva moguce,1,0.008064516129032258,0.9274193548387096,124
Baker's,uncertain,2,44,moguce stanje,1,0.008064516129032258,0.9354838709677419,124
Baker's,uncertain,2,45,stanje nakon,1,0.008064516129032258,0.9435483870967742,124
Baker's,uncertain,2,46,nakon rupture,1,0.008064516129032258,0.9516129032258065,124
Baker's,uncertain,2,47,popliteo polilobulado,1,0.008064516129032258,0.9596774193548387,124
Baker's,uncertain,2,48,polilobulado con,1,0.008064516129032258,0.967741935483871,124
Baker's,uncertain,2,49,filtracion con,1,0.008064516129032258,0.9758064516129032,124
Baker's,uncertain,2,50,con liquido,1,0.008064516129032258,0.9838709677419355,124
Baker's,uncertain,2,51,liquido perifascial,1,0.008064516129032258,0.9919354838709677,124
Baker's,uncertain,2,52,perifascial hacia,1,0.008064516129032258,1.0,124
Contusion,negative,1,1,bone,897,0.1514690982776089,0.1514690982776089,5922
Contusion,negative,1,2,no,810,0.13677811550151975,0.28824721377912865,5922
Contusion,negative,1,3,or,690,0.11651469098277609,0.40476190476190477,5922
Contusion,negative,1,4,fracture,689,0.11634582911178656,0.5211077338736914,5922
Contusion,negative,1,5,bruise,575,0.09709557581898007,0.6182033096926713,5922
Contusion,negative,1,6,acute,493,0.08324890239783857,0.70145221209051,5922
Contusion,negative,1,7,contusion,316,0.05336035123269166,0.7548125633232016,5922
Contusion,negative,1,8,is,307,0.05184059439378588,0.8066531577169875,5922
Contusion,negative,1,9,there,162,0.02735562310030395,0.8340087808172915,5922
Contusion,negative,1,10,noted,121,0.020432286389733198,0.8544410672070246,5922
Contusion,negative,1,11,of,109,0.01840594393785883,0.8728470111448835,5922
Contusion,negative,1,12,evidence,108,0.0182370820668693,0.8910840932117527,5922
Contusion,negative,1,13,kein,100,0.016886187098953058,0.9079702803107058,5922
Contusion,negative,1,14,oder,26,0.004390408645727794,0.9123606889564336,5922
Contusion,negative,1,15,seen,22,0.0037149611617696724,0.9160756501182034,5922
Contusion,negative,1,16,der,22,0.0037149611617696724,0.919790611279973,5922
Contusion,negative,1,17,strukturen,22,0.0037149611617696724,0.9235055724417427,5922
Contusion,negative,1,18,hinweis,22,0.0037149611617696724,0.9272205336035123,5922
Contusion,negative,1,19,auf,22,0.0037149611617696724,0.930935494765282,5922
Contusion,negative,1,20,eine,20,0.003377237419790611,0.9343127321850726,5922
Contusion,negative,1,21,fraktur,20,0.003377237419790611,0.9376899696048632,5922
Contusion,negative,1,22,ein,20,0.003377237419790611,0.9410672070246539,5922
Contusion,negative,1,23,knochenmarksodem,18,0.00303951367781155,0.9441067207024654,5922
Contusion,negative,1,24,in,17,0.0028706518068220195,0.9469773725092874,5922
Contusion,negative,1,25,den,16,0.002701789935832489,0.9496791624451199,5922
Contusion,negative,1,26,vorliegenden,16,0.002701789935832489,0.9523809523809523,5922
Contusion,negative,1,27,sequenzen,16,0.002701789935832489,0.9550827423167849,5922
Contusion,negative,1,28,unauffallige,16,0.002701789935832489,0.9577845322526174,5922
Contusion,negative,1,29,signalgebung,16,0.002701789935832489,0.9604863221884499,5922
Contusion,negative,1,30,ossaren,16,0.002701789935832489,0.9631881121242823,5922
Contusion,negative,1,31,knochenmarksignal,12,0.002026342451874367,0.9652144545761567,5922
Contusion,negative,1,32,knochenodem,12,0.002026342451874367,0.9672407970280311,5922
Contusion,negative,1,33,homogenes,10,0.0016886187098953055,0.9689294157379263,5922
Contusion,negative,1,34,erfassten,6,0.0010131712259371835,0.9699425869638636,5922
Contusion,negative,1,35,knochernen,6,0.0010131712259371835,0.9709557581898007,5922
Contusion,negative,1,36,knochen,6,0.0010131712259371835,0.971968929415738,5922
Contusion,negative,1,37,the,5,0.0008443093549476528,0.9728132387706856,5922
Contusion,negative,1,38,marrow,4,0.0006754474839581223,0.9734886862546437,5922
Contusion,negative,1,39,edema,4,0.0006754474839581223,0.9741641337386018,5922
Contusion,negative,1,40,focal,4,0.0006754474839581223,0.97483958122256,5922
Contusion,negative,1,41,ansonsten,4,0.0006754474839581223,0.9755150287065181,5922
Contusion,negative,1,42,knee,4,0.0006754474839581223,0.9761904761904762,5922
Contusion,negative,1,43,detected,4,0.0006754474839581223,0.9768659236744344,5922
Contusion,negative,1,44,knochenmarkodem,4,0.0006754474839581223,0.9775413711583925,5922
Contusion,negative,1,45,areal,4,0.0006754474839581223,0.9782168186423505,5922
Contusion,negative,1,46,at,3,0.0005065856129685917,0.9787234042553191,5922
Contusion,negative,1,47,a,3,0.0005065856129685917,0.9792299898682877,5922
Contusion,negative,1,48,study,3,0.0005065856129685917,0.9797365754812564,5922
Contusion,negative,1,49,de,3,0.0005065856129685917,0.9802431610942249,5922
Contusion,negative,1,50,abnormal,2,0.00033772374197906115,0.980580884836204,5922
Contusion,negative,1,51,contusions,2,0.00033772374197906115,0.980918608578183,5922
Contusion,negative,1,52,patchy,2,0.00033772374197906115,0.9812563323201621,5922
Contusion,negative,1,53,inferior,2,0.00033772374197906115,0.9815940560621411,5922
Contusion,negative,1,54,patellar,2,0.00033772374197906115,0.9819317798041203,5922
Contusion,negative,1,55,pole,2,0.00033772374197906115,0.9822695035460993,5922
Contusion,negative,1,56,without,2,0.00033772374197906115,0.9826072272880784,5922
Contusion,negative,1,57,line,2,0.00033772374197906115,0.9829449510300574,5922
Contusion,negative,1,58,most,2,0.00033772374197906115,0.9832826747720365,5922
Contusion,negative,1,59,probably,2,0.00033772374197906115,0.9836203985140155,5922
Contusion,negative,1,60,representing,2,0.00033772374197906115,0.9839581222559945,5922
Contusion,negative,1,61,after,2,0.00033772374197906115,0.9842958459979737,5922
Contusion,negative,1,62,previous,2,0.00033772374197906115,0.9846335697399528,5922
Contusion,negative,1,63,trauma,2,0.00033772374197906115,0.9849712934819318,5922
Contusion,negative,1,64,left,2,0.00033772374197906115,0.9853090172239108,5922
Contusion,negative,1,65,nachweis,2,0.00033772374197906115,0.9856467409658899,5922
Contusion,negative,1,66,von,2,0.00033772374197906115,0.9859844647078689,5922
Contusion,negative,1,67,knochenmarkodemen,2,0.00033772374197906115,0.986322188449848,5922
Contusion,negative,1,68,als,2,0.00033772374197906115,0.9866599121918271,5922
Contusion,negative,1,69,t1,2,0.00033772374197906115,0.9869976359338062,5922
Contusion,negative,1,70,hypointense,2,0.00033772374197906115,0.9873353596757852,5922
Contusion,negative,1,71,frakturlinie,2,0.00033772374197906115,0.9876730834177643,5922
Contusion,negative,1,72,laterales,2,0.00033772374197906115,0.9880108071597433,5922
Contusion,negative,1,73,kompartiment,2,0.00033772374197906115,0.9883485309017224,5922
Contusion,negative,1,74,nicht,2,0.00033772374197906115,0.9886862546437014,5922
Contusion,negative,1,75,dislozierte,2,0.00033772374197906115,0.9890239783856805,5922
Contusion,negative,1,76,impressionsfraktur,2,0.00033772374197906115,0.9893617021276596,5922
Contusion,negative,1,77,des,2,0.00033772374197906115,0.9896994258696387,5922
Contusion,negative,1,78,dorsolateralen,2,0.00033772374197906115,0.9900371496116177,5922
Contusion,negative,1,79,tibiaplateaus,2,0.00033772374197906115,0.9903748733535968,5922
Contusion,negative,1,80,mit,2,0.00033772374197906115,0.9907125970955758,5922
Contusion,negative,1,81,entsprechendem,2,0.00033772374197906115,0.9910503208375548,5922
Contusion,negative,1,82,ebendort,2,0.00033772374197906115,0.9913880445795339,5922
Contusion,negative,1,83,serie,2,0.00033772374197906115,0.991725768321513,5922
Contusion,negative,1,84,7,2,0.00033772374197906115,0.9920634920634921,5922
Contusion,negative,1,85,image,2,0.00033772374197906115,0.9924012158054711,5922
Contusion,negative,1,86,21,2,0.00033772374197906115,0.9927389395474502,5922
Contusion,negative,1,87,erosion,2,0.00033772374197906115,0.9930766632894292,5922
Contusion,negative,1,88,altersentsprechend,2,0.00033772374197906115,0.9934143870314083,5922
Contusion,negative,1,89,regelrechtes,2,0.00033772374197906115,0.9937521107733873,5922
Contusion,negative,1,90,unauffalliges,2,0.00033772374197906115,0.9940898345153665,5922
Contusion,negative,1,91,knochenmarkssignal,2,0.00033772374197906115,0.9944275582573455,5922
Contusion,negative,1,92,osseuse,2,0.00033772374197906115,0.9947652819993246,5922
Contusion,negative,1,93,osseous,2,0.00033772374197906115,0.9951030057413036,5922
Contusion,negative,1,94,wesentlicher,2,0.00033772374197906115,0.9954407294832827,5922
Contusion,negative,1,95,gelenkerguss,2,0.00033772374197906115,0.9957784532252617,5922
Contusion,negative,1,96,reveals,2,0.00033772374197906115,0.9961161769672408,5922
Contusion,negative,1,97,normal,2,0.00033772374197906115,0.9964539007092199,5922
Contusion,negative,1,98,alignment,2,0.00033772374197906115,0.996791624451199,5922
Contusion,negative,1,99,bruises,1,0.00016886187098953058,0.9969604863221885,5922
Contusion,negative,1,100,strong,1,0.00016886187098953058,0.997129348193178,5922
Contusion,negative,2,1,or bone,689,0.13703261734287986,0.13703261734287986,5028
Contusion,negative,2,2,fracture or,685,0.1362370723945903,0.2732696897374702,5028
Contusion,negative,2,3,bone bruise,575,0.11435958631662689,0.3876292760540971,5028
Contusion,negative,2,4,no acute,493,0.09805091487669053,0.48568019093078757,5028
Contusion,negative,2,5,acute fracture,493,0.09805091487669053,0.5837311058074781,5028
Contusion,negative,2,6,bone contusion,313,0.06225139220365951,0.6459824980111376,5028
Contusion,negative,2,7,no fracture,192,0.03818615751789976,0.6841686555290374,5028
Contusion,negative,2,8,there is,162,0.032219570405727926,0.7163882259347654,5028
Contusion,negative,2,9,is no,162,0.032219570405727926,0.7486077963404932,5028
Contusion,negative,2,10,contusion is,143,0.028440731901352427,0.7770485282418457,5028
Contusion,negative,2,11,is noted,121,0.024065234685759745,0.8011137629276054,5028
Contusion,negative,2,12,evidence of,108,0.021479713603818614,0.822593476531424,5028
Contusion,negative,2,13,of bone,108,0.021479713603818614,0.8440731901352426,5028
Contusion,negative,2,14,no evidence,107,0.021280827366746222,0.8653540175019888,5028
Contusion,negative,2,15,kein bone,48,0.00954653937947494,0.8749005568814638,5028
Contusion,negative,2,16,is seen,22,0.004375497215592681,0.8792760540970564,5028
Contusion,negative,2,17,hinweis auf,22,0.004375497215592681,0.8836515513126492,5028
Contusion,negative,2,18,kein hinweis,20,0.003977724741447892,0.887629276054097,5028
Contusion,negative,2,19,auf eine,20,0.003977724741447892,0.891607000795545,5028
Contusion,negative,2,20,eine fraktur,20,0.003977724741447892,0.8955847255369929,5028
Contusion,negative,2,21,fraktur oder,20,0.003977724741447892,0.8995624502784407,5028
Contusion,negative,2,22,oder ein,20,0.003977724741447892,0.9035401750198886,5028
Contusion,negative,2,23,ein bone,20,0.003977724741447892,0.9075178997613366,5028
Contusion,negative,2,24,kein knochenmarksodem,18,0.003579952267303103,0.9110978520286396,5028
Contusion,negative,2,25,in den,16,0.0031821797931583136,0.914280031821798,5028
Contusion,negative,2,26,den vorliegenden,16,0.0031821797931583136,0.9174622116149562,5028
Contusion,negative,2,27,vorliegenden sequenzen,16,0.0031821797931583136,0.9206443914081146,5028
Contusion,negative,2,28,unauffallige signalgebung,16,0.0031821797931583136,0.9238265712012729,5028
Contusion,negative,2,29,signalgebung der,16,0.0031821797931583136,0.9270087509944311,5028
Contusion,negative,2,30,der ossaren,16,0.0031821797931583136,0.9301909307875895,5028
Contusion,negative,2,31,ossaren strukturen,16,0.0031821797931583136,0.9333731105807478,5028
Contusion,negative,2,32,sequenzen unauffallige,14,0.0027844073190135244,0.9361575178997613,5028
Contusion,negative,2,33,strukturen kein,14,0.0027844073190135244,0.9389419252187748,5028
Contusion,negative,2,34,knochenmarksodem kein,14,0.0027844073190135244,0.9417263325377884,5028
Contusion,negative,2,35,knochenmarksignal kein,12,0.002386634844868735,0.9441129673826572,5028
Contusion,negative,2,36,no bone,11,0.0021877486077963404,0.9463007159904535,5028
Contusion,negative,2,37,homogenes knochenmarksignal,10,0.001988862370723946,0.9482895783611774,5028
Contusion,negative,2,38,kein knochenodem,8,0.0015910898965791568,0.9498806682577565,5028
Contusion,negative,2,39,bruise der,6,0.0011933174224343676,0.951073985680191,5028
Contusion,negative,2,40,der erfassten,6,0.0011933174224343676,0.9522673031026253,5028
Contusion,negative,2,41,erfassten knochernen,6,0.0011933174224343676,0.9534606205250596,5028
Contusion,negative,2,42,knochernen strukturen,6,0.0011933174224343676,0.954653937947494,5028
Contusion,negative,2,43,bone marrow,4,0.0007955449482895784,0.9554494828957836,5028
Contusion,negative,2,44,marrow edema,4,0.0007955449482895784,0.9562450278440732,5028
Contusion,negative,2,45,oder bone,4,0.0007955449482895784,0.9570405727923628,5028
Contusion,negative,2,46,knochenodem bone,4,0.0007955449482895784,0.9578361177406524,5028
Contusion,negative,2,47,bruise knochenodem,4,0.0007955449482895784,0.958631662688942,5028
Contusion,negative,2,48,knochen kein,4,0.0007955449482895784,0.9594272076372315,5028
Contusion,negative,2,49,bruise knochenmarkodem,4,0.0007955449482895784,0.960222752585521,5028
Contusion,negative,2,50,bruise areal,4,0.0007955449482895784,0.9610182975338106,5028
Contusion,negative,2,51,at the,3,0.0005966587112171838,0.9616149562450278,5028
Contusion,negative,2,52,contusion or,3,0.0005966587112171838,0.9622116149562451,5028
Contusion,negative,2,53,no abnormal,2,0.0003977724741447892,0.9626093874303898,5028
Contusion,negative,2,54,abnormal bone,2,0.0003977724741447892,0.9630071599045346,5028
Contusion,negative,2,55,edema or,2,0.0003977724741447892,0.9634049323786794,5028
Contusion,negative,2,56,bone contusions,2,0.0003977724741447892,0.9638027048528242,5028
Contusion,negative,2,57,knochenmarksodem oder,2,0.0003977724741447892,0.964200477326969,5028
Contusion,negative,2,58,patchy bone,2,0.0003977724741447892,0.9645982498011137,5028
Contusion,negative,2,59,edema at,2,0.0003977724741447892,0.9649960222752586,5028
Contusion,negative,2,60,the inferior,2,0.0003977724741447892,0.9653937947494033,5028
Contusion,negative,2,61,inferior patellar,2,0.0003977724741447892,0.9657915672235481,5028
Contusion,negative,2,62,patellar pole,2,0.0003977724741447892,0.9661893396976929,5028
Contusion,negative,2,63,pole without,2,0.0003977724741447892,0.9665871121718377,5028
Contusion,negative,2,64,without focal,2,0.0003977724741447892,0.9669848846459825,5028
Contusion,negative,2,65,focal fracture,2,0.0003977724741447892,0.9673826571201273,5028
Contusion,negative,2,66,fracture line,2,0.0003977724741447892,0.9677804295942721,5028
Contusion,negative,2,67,line most,2,0.0003977724741447892,0.9681782020684169,5028
Contusion,negative,2,68,most probably,2,0.0003977724741447892,0.9685759745425616,5028
Contusion,negative,2,69,probably representing,2,0.0003977724741447892,0.9689737470167065,5028
Contusion,negative,2,70,representing bone,2,0.0003977724741447892,0.9693715194908512,5028
Contusion,negative,2,71,contusion after,2,0.0003977724741447892,0.9697692919649961,5028
Contusion,negative,2,72,after a,2,0.0003977724741447892,0.9701670644391408,5028
Contusion,negative,2,73,a previous,2,0.0003977724741447892,0.9705648369132857,5028
Contusion,negative,2,74,previous trauma,2,0.0003977724741447892,0.9709626093874304,5028
Contusion,negative,2,75,ansonsten homogenes,2,0.0003977724741447892,0.9713603818615751,5028
Contusion,negative,2,76,left knee,2,0.0003977724741447892,0.97175815433572,5028
Contusion,negative,2,77,kein nachweis,2,0.0003977724741447892,0.9721559268098647,5028
Contusion,negative,2,78,nachweis von,2,0.0003977724741447892,0.9725536992840096,5028
Contusion,negative,2,79,von knochenmarkodemen,2,0.0003977724741447892,0.9729514717581543,5028
Contusion,negative,2,80,knochenmarkodemen als,2,0.0003977724741447892,0.9733492442322991,5028
Contusion,negative,2,81,als hinweis,2,0.0003977724741447892,0.9737470167064439,5028
Contusion,negative,2,82,auf bone,2,0.0003977724741447892,0.9741447891805887,5028
Contusion,negative,2,83,bruise oder,2,0.0003977724741447892,0.9745425616547335,5028
Contusion,negative,2,84,oder t1,2,0.0003977724741447892,0.9749403341288783,5028
Contusion,negative,2,85,t1 hypointense,2,0.0003977724741447892,0.9753381066030231,5028
Contusion,negative,2,86,hypointense frakturlinie,2,0.0003977724741447892,0.9757358790771679,5028
Contusion,negative,2,87,is detected,2,0.0003977724741447892,0.9761336515513126,5028
Contusion,negative,2,88,laterales kompartiment,2,0.0003977724741447892,0.9765314240254575,5028
Contusion,negative,2,89,kompartiment nicht,2,0.0003977724741447892,0.9769291964996022,5028
Contusion,negative,2,90,nicht dislozierte,2,0.0003977724741447892,0.977326968973747,5028
Contusion,negative,2,91,dislozierte impressionsfraktur,2,0.0003977724741447892,0.9777247414478918,5028
Contusion,negative,2,92,impressionsfraktur des,2,0.0003977724741447892,0.9781225139220366,5028
Contusion,negative,2,93,des dorsolateralen,2,0.0003977724741447892,0.9785202863961814,5028
Contusion,negative,2,94,dorsolateralen tibiaplateaus,2,0.0003977724741447892,0.9789180588703261,5028
Contusion,negative,2,95,tibiaplateaus mit,2,0.0003977724741447892,0.979315831344471,5028
Contusion,negative,2,96,mit entsprechendem,2,0.0003977724741447892,0.9797136038186157,5028
Contusion,negative,2,97,entsprechendem bone,2,0.0003977724741447892,0.9801113762927606,5028
Contusion,negative,2,98,bruise ebendort,2,0.0003977724741447892,0.9805091487669053,5028
Contusion,negative,2,99,ebendort serie,2,0.0003977724741447892,0.9809069212410502,5028
Contusion,negative,2,100,serie 7,2,0.0003977724741447892,0.9813046937151949,5028
Contusion,positive,1,1,bone,439,0.04474113330615573,0.04474113330615573,9812
Contusion,positive,1,2,lateral,289,0.029453730126375866,0.0741948634325316,9812
Contusion,positive,1,3,the,283,0.02884223399918467,0.10303709743171627,9812
Contusion,positive,1,4,contusion,280,0.028536485935589075,0.13157358336730535,9812
Contusion,positive,1,5,and,257,0.02619241744802283,0.15776600081532818,9812
Contusion,positive,1,6,femoral,230,0.023440684875662456,0.18120668569099063,9812
Contusion,positive,1,7,of,213,0.021708112515287405,0.20291479820627803,9812
Contusion,positive,1,8,condyle,201,0.020485120260905015,0.22339991846718305,9812
Contusion,positive,1,9,at,174,0.017733387688544638,0.24113330615572767,9812
Contusion,positive,1,10,tibial,171,0.017427639624949042,0.25856094578067673,9812
Contusion,positive,1,11,bruise,170,0.01732572360375051,0.27588666938442724,9812
Contusion,positive,1,12,medial,162,0.016510395434162252,0.29239706481858946,9812
Contusion,positive,1,13,in,150,0.015287403179779861,0.30768446799836935,9812
Contusion,positive,1,14,tibia,120,0.01222992254382389,0.3199143905421932,9812
Contusion,positive,1,15,plateau,114,0.011618426416632695,0.3315328169588259,9812
Contusion,positive,1,16,posterior,98,0.009987770077456177,0.34152058703628213,9812
Contusion,positive,1,17,is,96,0.00978393803505911,0.3513045250713412,9812
Contusion,positive,1,18,proximal,95,0.00968202201386058,0.3609865470852018,9812
Contusion,positive,1,19,contusions,79,0.00805136567468406,0.36903791275988584,9812
Contusion,positive,1,20,signal,78,0.007949449653485529,0.3769873624133714,9812
Contusion,positive,1,21,aspect,74,0.007541785568691398,0.3845291479820628,9812
Contusion,positive,1,22,intensity,73,0.007439869547492866,0.39196901752955565,9812
Contusion,positive,1,23,with,65,0.006624541377904606,0.39859355890746023,9812
Contusion,positive,1,24,osseous,65,0.006624541377904606,0.40521810028536487,9812
Contusion,positive,1,25,femur,64,0.006522625356706074,0.4117407256420709,9812
Contusion,positive,1,26,posterolateral,53,0.005401549123522218,0.4171422747655931,9812
Contusion,positive,1,27,noted,52,0.005299633102323685,0.42244190786791685,9812
Contusion,positive,1,28,on,52,0.005299633102323685,0.42774154097024053,9812
Contusion,positive,1,29,εξω,51,0.005197717081125153,0.4329392580513657,9812
Contusion,positive,1,30,der,51,0.005197717081125153,0.43813697513249084,9812
Contusion,positive,1,31,και,49,0.0049938850387280884,0.44313086017121894,9812
Contusion,positive,1,32,osea,49,0.0049938850387280884,0.448124745209947,9812
Contusion,positive,1,33,distal,49,0.0049938850387280884,0.4531186302486751,9812
Contusion,positive,1,34,kemik,49,0.0049938850387280884,0.45811251528740315,9812
Contusion,positive,1,35,εσω,47,0.004790052996331023,0.4629025682837342,9812
Contusion,positive,1,36,οστικου,46,0.004688136975132491,0.4675907052588667,9812
Contusion,positive,1,37,there,46,0.004688136975132491,0.4722788422339992,9812
Contusion,positive,1,38,patella,42,0.004280472890338361,0.4765593151243375,9812
Contusion,positive,1,39,μωλωπα,41,0.004178556869139829,0.4807378719934774,9812
Contusion,positive,1,40,anterior,41,0.004178556869139829,0.4849164288626172,9812
Contusion,positive,1,41,mid,39,0.003974724826742764,0.48889115368936,9812
Contusion,positive,1,42,του,38,0.0038728088055442317,0.4927639624949042,9812
Contusion,positive,1,43,σε,36,0.0036689767631471666,0.4964329392580514,9812
Contusion,positive,1,44,κονδυλο,34,0.003465144720750102,0.4998980839788015,9812
Contusion,positive,1,45,im,33,0.0033632286995515697,0.5032613126783531,9812
Contusion,positive,1,46,tibiaplateau,33,0.0033632286995515697,0.5066245413779046,9812
Contusion,positive,1,47,low,33,0.0033632286995515697,0.5099877700774562,9812
Contusion,positive,1,48,edema,32,0.003261312678353037,0.5132490827558092,9812
Contusion,positive,1,49,в,32,0.003261312678353037,0.5165103954341622,9812
Contusion,positive,1,50,mild,31,0.0031593966571545045,0.5196697920913168,9812
Contusion,positive,1,51,are,31,0.0031593966571545045,0.5228291887484713,9812
Contusion,positive,1,52,favor,31,0.0031593966571545045,0.5259885854056258,9812
Contusion,positive,1,53,a,30,0.0030574806359559724,0.5290460660415818,9812
Contusion,positive,1,54,medialen,30,0.0030574806359559724,0.5321035466775377,9812
Contusion,positive,1,55,marrow,30,0.0030574806359559724,0.5351610273134937,9812
Contusion,positive,1,56,контузионен,30,0.0030574806359559724,0.5382185079494497,9812
Contusion,positive,1,57,едем,30,0.0030574806359559724,0.5412759885854056,9812
Contusion,positive,1,58,οιδημα,30,0.0030574806359559724,0.5443334692213616,9812
Contusion,positive,1,59,lateralen,29,0.0029555646147574398,0.547289033836119,9812
Contusion,positive,1,60,en,28,0.0028536485935589076,0.5501426824296779,9812
Contusion,positive,1,61,focal,27,0.002751732572360375,0.5528944150020383,9812
Contusion,positive,1,62,patellar,27,0.002751732572360375,0.5556461475743987,9812
Contusion,positive,1,63,high,27,0.002751732572360375,0.5583978801467591,9812
Contusion,positive,1,64,t2wi,27,0.002751732572360375,0.5611496127191195,9812
Contusion,positive,1,65,μηριαιο,27,0.002751732572360375,0.5639013452914798,9812
Contusion,positive,1,66,παρατηρειται,26,0.0026498165511618424,0.5665511618426416,9812
Contusion,positive,1,67,iligi,26,0.0026498165511618424,0.5692009783938035,9812
Contusion,positive,1,68,femurkondyle,25,0.0025479005299633103,0.5717488789237668,9812
Contusion,positive,1,69,which,25,0.0025479005299633103,0.5742967794537301,9812
Contusion,positive,1,70,y,25,0.0025479005299633103,0.5768446799836935,9812
Contusion,positive,1,71,fracture,24,0.0024459845087647777,0.5792906644924583,9812
Contusion,positive,1,72,στην,24,0.0024459845087647777,0.581736649001223,9812
Contusion,positive,1,73,abnormal,24,0.0024459845087647777,0.5841826335099878,9812
Contusion,positive,1,74,shows,24,0.0024459845087647777,0.5866286180187525,9812
Contusion,positive,1,75,t1wi,24,0.0024459845087647777,0.5890746025275173,9812
Contusion,positive,1,76,kontuzyonel,24,0.0024459845087647777,0.5915205870362821,9812
Contusion,positive,1,77,de,24,0.0024459845087647777,0.5939665715450468,9812
Contusion,positive,1,78,tibyal,23,0.0023440684875662456,0.5963106400326131,9812
Contusion,positive,1,79,στο,23,0.0023440684875662456,0.5986547085201793,9812
Contusion,positive,1,80,της,23,0.0023440684875662456,0.6009987770077456,9812
Contusion,positive,1,81,στον,22,0.002242152466367713,0.6032409294741133,9812
Contusion,positive,1,82,κνημιαιο,22,0.002242152466367713,0.6054830819404811,9812
Contusion,positive,1,83,на,22,0.002242152466367713,0.6077252344068488,9812
Contusion,positive,1,84,la,21,0.0021402364451691804,0.6098654708520179,9812
Contusion,positive,1,85,posteromedial,21,0.0021402364451691804,0.6120057072971871,9812
Contusion,positive,1,86,οστικο,21,0.0021402364451691804,0.6141459437423563,9812
Contusion,positive,1,87,με,21,0.0021402364451691804,0.6162861801875255,9812
Contusion,positive,1,88,involving,20,0.0020383204239706482,0.6183245006114961,9812
Contusion,positive,1,89,κονδυλου,20,0.0020383204239706482,0.6203628210354668,9812
Contusion,positive,1,90,along,20,0.0020383204239706482,0.6224011414594374,9812
Contusion,positive,1,91,am,20,0.0020383204239706482,0.624439461883408,9812
Contusion,positive,1,92,mit,20,0.0020383204239706482,0.6264777823073787,9812
Contusion,positive,1,93,kompartiment,20,0.0020383204239706482,0.6285161027313494,9812
Contusion,positive,1,94,subchondral,19,0.0019364044027721159,0.6304525071341215,9812
Contusion,positive,1,95,odemi,19,0.0019364044027721159,0.6323889115368936,9812
Contusion,positive,1,96,костномозъчен,18,0.0018344883815735833,0.6342233999184672,9812
Contusion,positive,1,97,ευρηματα,18,0.0018344883815735833,0.6360578883000407,9812
Contusion,positive,1,98,el,18,0.0018344883815735833,0.6378923766816144,9812
Contusion,positive,1,99,plato,18,0.0018344883815735833,0.639726865063188,9812
Contusion,positive,1,100,sowie,17,0.001732572360375051,0.641459437423563,9812
Contusion,positive,2,1,bone contusion,188,0.020515058926233086,0.020515058926233086,9164
Contusion,positive,2,2,femoral condyle,178,0.019423832387603666,0.03993889131383675,9164
Contusion,positive,2,3,bone bruise,170,0.018550851156700132,0.058489742470536885,9164
Contusion,positive,2,4,lateral femoral,148,0.016150152771715408,0.07463989524225229,9164
Contusion,positive,2,5,tibial plateau,109,0.011894369271060672,0.08653426451331296,9164
Contusion,positive,2,6,of the,93,0.0101484068092536,0.09668267132256657,9164
Contusion,positive,2,7,proximal tibia,88,0.00960279353993889,0.10628546486250545,9164
Contusion,positive,2,8,at the,88,0.00960279353993889,0.11588825840244435,9164
Contusion,positive,2,9,condyle and,84,0.009166302924487123,0.12505456132693146,9164
Contusion,positive,2,10,contusion at,82,0.00894805761676124,0.1340026189436927,9164
Contusion,positive,2,11,signal intensity,73,0.007965953731994761,0.14196857267568747,9164
Contusion,positive,2,12,the lateral,69,0.007529463116542994,0.14949803579223048,9164
Contusion,positive,2,13,aspect of,67,0.007311217808817111,0.15680925360104758,9164
Contusion,positive,2,14,medial femoral,49,0.005347010039284155,0.16215626364033173,9164
Contusion,positive,2,15,intensity on,48,0.005237887385421213,0.16739415102575295,9164
Contusion,positive,2,16,bone contusions,47,0.0051287647315582715,0.1725229157573112,9164
Contusion,positive,2,17,contusion osea,47,0.0051287647315582715,0.17765168048886948,9164
Contusion,positive,2,18,the medial,47,0.0051287647315582715,0.18278044522042777,9164
Contusion,positive,2,19,distal femur,47,0.0051287647315582715,0.18790920995198604,9164
Contusion,positive,2,20,lateral tibial,45,0.004910519423832388,0.19281972937581843,9164
Contusion,positive,2,21,is noted,44,0.004801396769969445,0.19762112614578786,9164
Contusion,positive,2,22,posterior lateral,43,0.0046922741161065035,0.20231340026189437,9164
Contusion,positive,2,23,and posterior,43,0.0046922741161065035,0.20700567437800088,9164
Contusion,positive,2,24,in the,41,0.00447402880838062,0.21147970318638148,9164
Contusion,positive,2,25,there is,40,0.004364906154517678,0.21584460934089916,9164
Contusion,positive,2,26,tibia and,36,0.00392841553906591,0.21977302487996508,9164
Contusion,positive,2,27,bruise at,36,0.00392841553906591,0.22370144041903098,9164
Contusion,positive,2,28,osseous contusion,36,0.00392841553906591,0.2276298559580969,9164
Contusion,positive,2,29,of bone,36,0.00392841553906591,0.23155827149716282,9164
Contusion,positive,2,30,posterolateral tibial,34,0.003710170231340026,0.23526844172850284,9164
Contusion,positive,2,31,noted in,32,0.003491924923614142,0.23876036665211697,9164
Contusion,positive,2,32,in favor,31,0.0033828022697512004,0.24214316892186818,9164
Contusion,positive,2,33,favor of,31,0.0033828022697512004,0.24552597119161937,9164
Contusion,positive,2,34,at mid,29,0.0031645569620253164,0.2486905281536447,9164
Contusion,positive,2,35,μωλωπα bone,28,0.0030554343081623746,0.2517459624618071,9164
Contusion,positive,2,36,bone marrow,27,0.0029463116542994324,0.2546922741161065,9164
Contusion,positive,2,37,osseous contusions,26,0.0028371890004364906,0.257529463116543,9164
Contusion,positive,2,38,marrow edema,26,0.0028371890004364906,0.26036665211697946,9164
Contusion,positive,2,39,kemik iligi,26,0.0028371890004364906,0.26320384111741596,9164
Contusion,positive,2,40,lateral proximal,25,0.002728066346573549,0.26593190746398954,9164
Contusion,positive,2,41,and lateral,25,0.002728066346573549,0.26865997381056306,9164
Contusion,positive,2,42,the posterolateral,25,0.002728066346573549,0.27138804015713663,9164
Contusion,positive,2,43,posterior aspect,25,0.002728066346573549,0.27411610650371016,9164
Contusion,positive,2,44,low signal,25,0.002728066346573549,0.27684417285028373,9164
Contusion,positive,2,45,and high,25,0.002728066346573549,0.27957223919685725,9164
Contusion,positive,2,46,t2wi in,25,0.002728066346573549,0.28230030554343083,9164
Contusion,positive,2,47,contusions at,25,0.002728066346573549,0.28502837189000435,9164
Contusion,positive,2,48,abnormal signal,24,0.0026189436927106066,0.28764731558271495,9164
Contusion,positive,2,49,which shows,24,0.0026189436927106066,0.2902662592754256,9164
Contusion,positive,2,50,shows low,24,0.0026189436927106066,0.2928852029681362,9164
Contusion,positive,2,51,on t1wi,24,0.0026189436927106066,0.2955041466608468,9164
Contusion,positive,2,52,t1wi and,24,0.0026189436927106066,0.2981230903535574,9164
Contusion,positive,2,53,high signal,24,0.0026189436927106066,0.300742034046268,9164
Contusion,positive,2,54,on t2wi,24,0.0026189436927106066,0.30336097773897863,9164
Contusion,positive,2,55,medial tibial,23,0.002509821038847665,0.3058707987778263,9164
Contusion,positive,2,56,едем в,23,0.002509821038847665,0.3083806198166739,9164
Contusion,positive,2,57,οστικου μωλωπα,23,0.002509821038847665,0.3108904408555216,9164
Contusion,positive,2,58,contusion of,22,0.0024006983849847226,0.31329113924050633,9164
Contusion,positive,2,59,in der,22,0.0024006983849847226,0.3156918376254911,9164
Contusion,positive,2,60,intensity is,22,0.0024006983849847226,0.31809253601047577,9164
Contusion,positive,2,61,the posterior,22,0.0024006983849847226,0.3204932343954605,9164
Contusion,positive,2,62,is bone,21,0.002291575731121781,0.3227848101265823,9164
Contusion,positive,2,63,and distal,21,0.002291575731121781,0.32507638585770404,9164
Contusion,positive,2,64,femur and,21,0.002291575731121781,0.32736796158882586,9164
Contusion,positive,2,65,tibia is,20,0.002182453077258839,0.3295504146660847,9164
Contusion,positive,2,66,along the,20,0.002182453077258839,0.33173286774334354,9164
Contusion,positive,2,67,κνημιαιο κονδυλο,19,0.002073330423395897,0.3338061981667394,9164
Contusion,positive,2,68,mid lateral,19,0.002073330423395897,0.3358795285901353,9164
Contusion,positive,2,69,in proximal,19,0.002073330423395897,0.3379528590135312,9164
Contusion,positive,2,70,and medial,19,0.002073330423395897,0.3400261894369271,9164
Contusion,positive,2,71,focal bone,18,0.001964207769532955,0.3419903972064601,9164
Contusion,positive,2,72,bruise in,18,0.001964207769532955,0.343954604975993,9164
Contusion,positive,2,73,iligi odemi,18,0.001964207769532955,0.345918812745526,9164
Contusion,positive,2,74,костномозъчен едем,18,0.001964207769532955,0.3478830205150589,9164
Contusion,positive,2,75,plateau and,17,0.001855085115670013,0.34973810563072893,9164
Contusion,positive,2,76,involving the,17,0.001855085115670013,0.35159319074639894,9164
Contusion,positive,2,77,der medialen,17,0.001855085115670013,0.35344827586206895,9164
Contusion,positive,2,78,laterales kompartiment,17,0.001855085115670013,0.35530336097773896,9164
Contusion,positive,2,79,контузионен костномозъчен,17,0.001855085115670013,0.35715844609340897,9164
Contusion,positive,2,80,at lateral,16,0.001745962461807071,0.35890440855521605,9164
Contusion,positive,2,81,subchondral bone,16,0.001745962461807071,0.36065037101702313,9164
Contusion,positive,2,82,οστικο μωλωπα,16,0.001745962461807071,0.3623963334788302,9164
Contusion,positive,2,83,der lateralen,16,0.001745962461807071,0.3641422959406373,9164
Contusion,positive,2,84,the anterior,16,0.001745962461807071,0.3658882584024443,9164
Contusion,positive,2,85,contusion in,15,0.001636839807944129,0.3675250982103885,9164
Contusion,positive,2,86,οστικου μυελου,15,0.001636839807944129,0.3691619380183326,9164
Contusion,positive,2,87,contusion involving,15,0.001636839807944129,0.37079877782627674,9164
Contusion,positive,2,88,femur which,15,0.001636839807944129,0.37243561763422084,9164
Contusion,positive,2,89,and proximal,15,0.001636839807944129,0.374072457442165,9164
Contusion,positive,2,90,bruise im,15,0.001636839807944129,0.3757092972501091,9164
Contusion,positive,2,91,condilo femoral,15,0.001636839807944129,0.37734613705805325,9164
Contusion,positive,2,92,femoral medial,15,0.001636839807944129,0.37898297686599736,9164
Contusion,positive,2,93,fibular head,14,0.0015277171540811873,0.3805106940200786,9164
Contusion,positive,2,94,kemik kontuzyonu,14,0.0015277171540811873,0.38203841117415976,9164
Contusion,positive,2,95,tibia are,14,0.0015277171540811873,0.38356612832824094,9164
Contusion,positive,2,96,εσω μηριαιο,14,0.0015277171540811873,0.3850938454823221,9164
Contusion,positive,2,97,el condilo,14,0.0015277171540811873,0.3866215626364033,9164
Contusion,positive,2,98,im posterolateralen,14,0.0015277171540811873,0.3881492797904845,9164
Contusion,positive,2,99,posterolateralen tibiaplateau,14,0.0015277171540811873,0.3896769969445657,9164
Contusion,positive,2,100,mild bone,13,0.0014185945002182453,0.39109559144478395,9164
Contusion,uncertain,1,1,bone,24,0.0676056338028169,0.0676056338028169,355
Contusion,uncertain,1,2,contusion,18,0.05070422535211268,0.11830985915492957,355
Contusion,uncertain,1,3,lateral,14,0.03943661971830986,0.15774647887323945,355
Contusion,uncertain,1,4,the,14,0.03943661971830986,0.19718309859154928,355
Contusion,uncertain,1,5,femoral,12,0.03380281690140845,0.23098591549295774,355
Contusion,uncertain,1,6,fracture,12,0.03380281690140845,0.2647887323943662,355
Contusion,uncertain,1,7,condyle,10,0.028169014084507043,0.29295774647887324,355
Contusion,uncertain,1,8,and,9,0.02535211267605634,0.3183098591549296,355
Contusion,uncertain,1,9,aspect,7,0.01971830985915493,0.3380281690140845,355
Contusion,uncertain,1,10,of,7,0.01971830985915493,0.35774647887323946,355
Contusion,uncertain,1,11,knee,6,0.016901408450704224,0.37464788732394366,355
Contusion,uncertain,1,12,no,6,0.016901408450704224,0.39154929577464787,355
Contusion,uncertain,1,13,or,6,0.016901408450704224,0.4084507042253521,355
Contusion,uncertain,1,14,marrow,5,0.014084507042253521,0.4225352112676056,355
Contusion,uncertain,1,15,edema,5,0.014084507042253521,0.43661971830985913,355
Contusion,uncertain,1,16,tibial,5,0.014084507042253521,0.4507042253521127,355
Contusion,uncertain,1,17,plateau,5,0.014084507042253521,0.4647887323943662,355
Contusion,uncertain,1,18,along,5,0.014084507042253521,0.4788732394366197,355
Contusion,uncertain,1,19,possible,4,0.011267605633802818,0.49014084507042255,355
Contusion,uncertain,1,20,proximal,4,0.011267605633802818,0.5014084507042254,355
Contusion,uncertain,1,21,tibia,4,0.011267605633802818,0.5126760563380282,355
Contusion,uncertain,1,22,suspect,4,0.011267605633802818,0.523943661971831,355
Contusion,uncertain,1,23,at,4,0.011267605633802818,0.5352112676056338,355
Contusion,uncertain,1,24,involving,4,0.011267605633802818,0.5464788732394367,355
Contusion,uncertain,1,25,line,4,0.011267605633802818,0.5577464788732395,355
Contusion,uncertain,1,26,with,4,0.011267605633802818,0.5690140845070423,355
Contusion,uncertain,1,27,mild,4,0.011267605633802818,0.5802816901408451,355
Contusion,uncertain,1,28,posterior,4,0.011267605633802818,0.5915492957746479,355
Contusion,uncertain,1,29,normal,4,0.011267605633802818,0.6028169014084507,355
Contusion,uncertain,1,30,joint,4,0.011267605633802818,0.6140845070422535,355
Contusion,uncertain,1,31,alignment,4,0.011267605633802818,0.6253521126760564,355
Contusion,uncertain,1,32,definite,4,0.011267605633802818,0.6366197183098592,355
Contusion,uncertain,1,33,noted,4,0.011267605633802818,0.647887323943662,355
Contusion,uncertain,1,34,is,4,0.011267605633802818,0.6591549295774648,355
Contusion,uncertain,1,35,major,3,0.008450704225352112,0.6676056338028169,355
Contusion,uncertain,1,36,subtle,3,0.008450704225352112,0.676056338028169,355
Contusion,uncertain,1,37,may,3,0.008450704225352112,0.6845070422535211,355
Contusion,uncertain,1,38,represent,3,0.008450704225352112,0.6929577464788732,355
Contusion,uncertain,1,39,suspected,3,0.008450704225352112,0.7014084507042253,355
Contusion,uncertain,1,40,subkortikal,2,0.005633802816901409,0.7070422535211267,355
Contusion,uncertain,1,41,kemik,2,0.005633802816901409,0.7126760563380282,355
Contusion,uncertain,1,42,iligi,2,0.005633802816901409,0.7183098591549296,355
Contusion,uncertain,1,43,odemi,2,0.005633802816901409,0.723943661971831,355
Contusion,uncertain,1,44,in,2,0.005633802816901409,0.7295774647887324,355
Contusion,uncertain,1,45,anteromedial,2,0.005633802816901409,0.7352112676056338,355
Contusion,uncertain,1,46,posterolateral,2,0.005633802816901409,0.7408450704225352,355
Contusion,uncertain,1,47,impression,2,0.005633802816901409,0.7464788732394366,355
Contusion,uncertain,1,48,probable,2,0.005633802816901409,0.752112676056338,355
Contusion,uncertain,1,49,without,2,0.005633802816901409,0.7577464788732394,355
Contusion,uncertain,1,50,discrete,2,0.005633802816901409,0.7633802816901408,355
Contusion,uncertain,1,51,impaction,2,0.005633802816901409,0.7690140845070422,355
Contusion,uncertain,1,52,within,2,0.005633802816901409,0.7746478873239436,355
Contusion,uncertain,1,53,medial,2,0.005633802816901409,0.780281690140845,355
Contusion,uncertain,1,54,resolving,2,0.005633802816901409,0.7859154929577464,355
Contusion,uncertain,1,55,contusions,2,0.005633802816901409,0.7915492957746478,355
Contusion,uncertain,1,56,study,2,0.005633802816901409,0.7971830985915493,355
Contusion,uncertain,1,57,reveals,2,0.005633802816901409,0.8028169014084507,355
Contusion,uncertain,1,58,suspicious,2,0.005633802816901409,0.8084507042253521,355
Contusion,uncertain,1,59,lesion,2,0.005633802816901409,0.8140845070422535,355
Contusion,uncertain,1,60,gross,2,0.005633802816901409,0.819718309859155,355
Contusion,uncertain,1,61,shown,2,0.005633802816901409,0.8253521126760563,355
Contusion,uncertain,1,62,right,2,0.005633802816901409,0.8309859154929577,355
Contusion,uncertain,1,63,cortex,2,0.005633802816901409,0.8366197183098592,355
Contusion,uncertain,1,64,a,2,0.005633802816901409,0.8422535211267606,355
Contusion,uncertain,1,65,small,2,0.005633802816901409,0.847887323943662,355
Contusion,uncertain,1,66,osseous,2,0.005633802816901409,0.8535211267605634,355
Contusion,uncertain,1,67,bruise,2,0.005633802816901409,0.8591549295774648,355
Contusion,uncertain,1,68,arrowed,2,0.005633802816901409,0.8647887323943662,355
Contusion,uncertain,1,69,kondilin,1,0.0028169014084507044,0.8676056338028169,355
Contusion,uncertain,1,70,santral,1,0.0028169014084507044,0.8704225352112676,355
Contusion,uncertain,1,71,kesimindeki,1,0.0028169014084507044,0.8732394366197183,355
Contusion,uncertain,1,72,hafif,1,0.0028169014084507044,0.8760563380281691,355
Contusion,uncertain,1,73,gerilemekte,1,0.0028169014084507044,0.8788732394366198,355
Contusion,uncertain,1,74,olan,1,0.0028169014084507044,0.8816901408450705,355
Contusion,uncertain,1,75,kontuzyonu,1,0.0028169014084507044,0.8845070422535212,355
Contusion,uncertain,1,76,temsil,1,0.0028169014084507044,0.8873239436619719,355
Contusion,uncertain,1,77,edebilir,1,0.0028169014084507044,0.8901408450704226,355
Contusion,uncertain,1,78,bilateral,1,0.0028169014084507044,0.8929577464788733,355
Contusion,uncertain,1,79,condyles,1,0.0028169014084507044,0.895774647887324,355
Contusion,uncertain,1,80,distal,1,0.0028169014084507044,0.8985915492957747,355
Contusion,uncertain,1,81,femur,1,0.0028169014084507044,0.9014084507042254,355
Contusion,uncertain,1,82,foci,1,0.0028169014084507044,0.9042253521126761,355
Contusion,uncertain,1,83,peripheral,1,0.0028169014084507044,0.9070422535211268,355
Contusion,uncertain,1,84,which,1,0.0028169014084507044,0.9098591549295775,355
Contusion,uncertain,1,85,on,1,0.0028169014084507044,0.9126760563380282,355
Contusion,uncertain,1,86,capraz,1,0.0028169014084507044,0.9154929577464789,355
Contusion,uncertain,1,87,bagin,1,0.0028169014084507044,0.9183098591549296,355
Contusion,uncertain,1,88,tibyaya,1,0.0028169014084507044,0.9211267605633803,355
Contusion,uncertain,1,89,yapisma,1,0.0028169014084507044,0.923943661971831,355
Contusion,uncertain,1,90,kesiminde,1,0.0028169014084507044,0.9267605633802817,355
Contusion,uncertain,1,91,tibyal,1,0.0028169014084507044,0.9295774647887324,355
Contusion,uncertain,1,92,platoda,1,0.0028169014084507044,0.9323943661971831,355
Contusion,uncertain,1,93,gozleniyor,1,0.0028169014084507044,0.9352112676056338,355
Contusion,uncertain,1,94,kontuzyon,1,0.0028169014084507044,0.9380281690140845,355
Contusion,uncertain,1,95,medijalni,1,0.0028169014084507044,0.9408450704225352,355
Contusion,uncertain,1,96,menisk,1,0.0028169014084507044,0.9436619718309859,355
Contusion,uncertain,1,97,blago,1,0.0028169014084507044,0.9464788732394366,355
Contusion,uncertain,1,98,povisenog,1,0.0028169014084507044,0.9492957746478873,355
Contusion,uncertain,1,99,signala,1,0.0028169014084507044,0.952112676056338,355
Contusion,uncertain,1,100,u,1,0.0028169014084507044,0.9549295774647887,355
Contusion,uncertain,2,1,bone contusion,16,0.048484848484848485,0.048484848484848485,330
Contusion,uncertain,2,2,femoral condyle,10,0.030303030303030304,0.07878787878787878,330
Contusion,uncertain,2,3,lateral femoral,9,0.02727272727272727,0.10606060606060606,330
Contusion,uncertain,2,4,the lateral,6,0.01818181818181818,0.12424242424242424,330
Contusion,uncertain,2,5,fracture or,6,0.01818181818181818,0.14242424242424243,330
Contusion,uncertain,2,6,or bone,6,0.01818181818181818,0.1606060606060606,330
Contusion,uncertain,2,7,marrow edema,5,0.015151515151515152,0.17575757575757575,330
Contusion,uncertain,2,8,condyle and,5,0.015151515151515152,0.19090909090909092,330
Contusion,uncertain,2,9,tibial plateau,5,0.015151515151515152,0.20606060606060606,330
Contusion,uncertain,2,10,along the,5,0.015151515151515152,0.22121212121212122,330
Contusion,uncertain,2,11,aspect of,4,0.012121212121212121,0.23333333333333334,330
Contusion,uncertain,2,12,proximal tibia,4,0.012121212121212121,0.24545454545454545,330
Contusion,uncertain,2,13,suspect bone,4,0.012121212121212121,0.25757575757575757,330
Contusion,uncertain,2,14,contusion involving,4,0.012121212121212121,0.2696969696969697,330
Contusion,uncertain,2,15,fracture line,4,0.012121212121212121,0.2818181818181818,330
Contusion,uncertain,2,16,posterior aspect,4,0.012121212121212121,0.29393939393939394,330
Contusion,uncertain,2,17,normal knee,4,0.012121212121212121,0.30606060606060603,330
Contusion,uncertain,2,18,knee joint,4,0.012121212121212121,0.3181818181818182,330
Contusion,uncertain,2,19,joint alignment,4,0.012121212121212121,0.3303030303030303,330
Contusion,uncertain,2,20,alignment no,4,0.012121212121212121,0.3424242424242424,330
Contusion,uncertain,2,21,no definite,4,0.012121212121212121,0.35454545454545455,330
Contusion,uncertain,2,22,definite fracture,4,0.012121212121212121,0.36666666666666664,330
Contusion,uncertain,2,23,contusion is,4,0.012121212121212121,0.3787878787878788,330
Contusion,uncertain,2,24,of proximal,3,0.00909090909090909,0.3878787878787879,330
Contusion,uncertain,2,25,major at,3,0.00909090909090909,0.396969696969697,330
Contusion,uncertain,2,26,and lateral,3,0.00909090909090909,0.40606060606060607,330
Contusion,uncertain,2,27,lateral tibial,3,0.00909090909090909,0.41515151515151516,330
Contusion,uncertain,2,28,edema along,3,0.00909090909090909,0.42424242424242425,330
Contusion,uncertain,2,29,may represent,3,0.00909090909090909,0.43333333333333335,330
Contusion,uncertain,2,30,kemik iligi,2,0.006060606060606061,0.4393939393939394,330
Contusion,uncertain,2,31,iligi odemi,2,0.006060606060606061,0.44545454545454544,330
Contusion,uncertain,2,32,possible bone,2,0.006060606060606061,0.45151515151515154,330
Contusion,uncertain,2,33,bone marrow,2,0.006060606060606061,0.4575757575757576,330
Contusion,uncertain,2,34,edema in,2,0.006060606060606061,0.4636363636363636,330
Contusion,uncertain,2,35,anteromedial and,2,0.006060606060606061,0.4696969696969697,330
Contusion,uncertain,2,36,and posterolateral,2,0.006060606060606061,0.47575757575757577,330
Contusion,uncertain,2,37,posterolateral aspect,2,0.006060606060606061,0.4818181818181818,330
Contusion,uncertain,2,38,impression probable,2,0.006060606060606061,0.48787878787878786,330
Contusion,uncertain,2,39,probable bone,2,0.006060606060606061,0.49393939393939396,330
Contusion,uncertain,2,40,involving the,2,0.006060606060606061,0.5,330
Contusion,uncertain,2,41,plateau without,2,0.006060606060606061,0.5060606060606061,330
Contusion,uncertain,2,42,without discrete,2,0.006060606060606061,0.5121212121212121,330
Contusion,uncertain,2,43,discrete fracture,2,0.006060606060606061,0.5181818181818182,330
Contusion,uncertain,2,44,involving lateral,2,0.006060606060606061,0.5242424242424243,330
Contusion,uncertain,2,45,condyle with,2,0.006060606060606061,0.5303030303030303,330
Contusion,uncertain,2,46,with possible,2,0.006060606060606061,0.5363636363636364,330
Contusion,uncertain,2,47,possible mild,2,0.006060606060606061,0.5424242424242425,330
Contusion,uncertain,2,48,mild impaction,2,0.006060606060606061,0.5484848484848485,330
Contusion,uncertain,2,49,impaction fracture,2,0.006060606060606061,0.5545454545454546,330
Contusion,uncertain,2,50,fracture within,2,0.006060606060606061,0.5606060606060606,330
Contusion,uncertain,2,51,within the,2,0.006060606060606061,0.5666666666666667,330
Contusion,uncertain,2,52,the posterior,2,0.006060606060606061,0.5727272727272728,330
Contusion,uncertain,2,53,medial femoral,2,0.006060606060606061,0.5787878787878787,330
Contusion,uncertain,2,54,resolving bone,2,0.006060606060606061,0.5848484848484848,330
Contusion,uncertain,2,55,bone contusions,2,0.006060606060606061,0.5909090909090909,330
Contusion,uncertain,2,56,the study,2,0.006060606060606061,0.5969696969696969,330
Contusion,uncertain,2,57,study reveals,2,0.006060606060606061,0.603030303030303,330
Contusion,uncertain,2,58,reveals normal,2,0.006060606060606061,0.6090909090909091,330
Contusion,uncertain,2,59,contusion noted,2,0.006060606060606061,0.6151515151515151,330
Contusion,uncertain,2,60,no suspicious,2,0.006060606060606061,0.6212121212121212,330
Contusion,uncertain,2,61,suspicious bone,2,0.006060606060606061,0.6272727272727273,330
Contusion,uncertain,2,62,bone lesion,2,0.006060606060606061,0.6333333333333333,330
Contusion,uncertain,2,63,lesion gross,2,0.006060606060606061,0.6393939393939394,330
Contusion,uncertain,2,64,gross fracture,2,0.006060606060606061,0.6454545454545455,330
Contusion,uncertain,2,65,is shown,2,0.006060606060606061,0.6515151515151515,330
Contusion,uncertain,2,66,is noted,2,0.006060606060606061,0.6575757575757576,330
Contusion,uncertain,2,67,contusion of,2,0.006060606060606061,0.6636363636363637,330
Contusion,uncertain,2,68,of right,2,0.006060606060606061,0.6696969696969697,330
Contusion,uncertain,2,69,right knee,2,0.006060606060606061,0.6757575757575758,330
Contusion,uncertain,2,70,knee major,2,0.006060606060606061,0.6818181818181818,330
Contusion,uncertain,2,71,at the,2,0.006060606060606061,0.6878787878787879,330
Contusion,uncertain,2,72,and posterior,2,0.006060606060606061,0.693939393939394,330
Contusion,uncertain,2,73,mild marrow,2,0.006060606060606061,0.7,330
Contusion,uncertain,2,74,lateral cortex,2,0.006060606060606061,0.706060606060606,330
Contusion,uncertain,2,75,cortex along,2,0.006060606060606061,0.7121212121212122,330
Contusion,uncertain,2,76,the tibial,2,0.006060606060606061,0.7181818181818181,330
Contusion,uncertain,2,77,plateau may,2,0.006060606060606061,0.7242424242424242,330
Contusion,uncertain,2,78,represent a,2,0.006060606060606061,0.7303030303030303,330
Contusion,uncertain,2,79,a small,2,0.006060606060606061,0.7363636363636363,330
Contusion,uncertain,2,80,small osseous,2,0.006060606060606061,0.7424242424242424,330
Contusion,uncertain,2,81,osseous contusion,2,0.006060606060606061,0.7484848484848485,330
Contusion,uncertain,2,82,bone bruise,2,0.006060606060606061,0.7545454545454545,330
Contusion,uncertain,2,83,bruise with,2,0.006060606060606061,0.7606060606060606,330
Contusion,uncertain,2,84,with suspected,2,0.006060606060606061,0.7666666666666667,330
Contusion,uncertain,2,85,suspected subtle,2,0.006060606060606061,0.7727272727272727,330
Contusion,uncertain,2,86,subtle fracture,2,0.006060606060606061,0.7787878787878788,330
Contusion,uncertain,2,87,line arrowed,2,0.006060606060606061,0.7848484848484848,330
Contusion,uncertain,2,88,femoral kondilin,1,0.0030303030303030303,0.7878787878787878,330
Contusion,uncertain,2,89,kondilin santral,1,0.0030303030303030303,0.7909090909090909,330
Contusion,uncertain,2,90,santral kesimindeki,1,0.0030303030303030303,0.793939393939394,330
Contusion,uncertain,2,91,kesimindeki subkortikal,1,0.0030303030303030303,0.796969696969697,330
Contusion,uncertain,2,92,subkortikal hafif,1,0.0030303030303030303,0.8,330
Contusion,uncertain,2,93,hafif kemik,1,0.0030303030303030303,0.803030303030303,330
Contusion,uncertain,2,94,odemi gerilemekte,1,0.0030303030303030303,0.806060606060606,330
Contusion,uncertain,2,95,gerilemekte olan,1,0.0030303030303030303,0.8090909090909091,330
Contusion,uncertain,2,96,olan kontuzyonu,1,0.0030303030303030303,0.8121212121212121,330
Contusion,uncertain,2,97,kontuzyonu temsil,1,0.0030303030303030303,0.8151515151515152,330
Contusion,uncertain,2,98,temsil edebilir,1,0.0030303030303030303,0.8181818181818182,330
Contusion,uncertain,2,99,in bilateral,1,0.0030303030303030303,0.8212121212121212,330
Contusion,uncertain,2,100,bilateral femoral,1,0.0030303030303030303,0.8242424242424242,330
Effusion,negative,1,1,no,992,0.11215375918598078,0.11215375918598078,8845
Effusion,negative,1,2,effusion,832,0.09406444318824195,0.20621820237422273,8845
Effusion,negative,1,3,joint,716,0.08094968908988129,0.287167891464104,8845
Effusion,negative,1,4,knee,421,0.047597512719050314,0.3347654041831543,8845
Effusion,negative,1,5,space,286,0.03233465234595817,0.3671000565291125,8845
Effusion,negative,1,6,sivi,257,0.029055963821368005,0.3961560203504805,8845
Effusion,negative,1,7,artisi,257,0.029055963821368005,0.4252119841718485,8845
Effusion,negative,1,8,saptanmamistir,257,0.029055963821368005,0.4542679479932165,8845
Effusion,negative,1,9,eklemde,256,0.028942905596382136,0.48321085358959864,8845
Effusion,negative,1,10,is,195,0.022046353872244205,0.5052572074618429,8845
Effusion,negative,1,11,findings,189,0.021368004522329,0.5266252119841719,8845
Effusion,negative,1,12,articular,186,0.021028829847371398,0.5476540418315432,8845
Effusion,negative,1,13,significant,186,0.021028829847371398,0.5686828716789146,8845
Effusion,negative,1,14,derrame,171,0.01933295647258338,0.588015828151498,8845
Effusion,negative,1,15,hay,168,0.018993781797625776,0.6070096099491238,8845
Effusion,negative,1,16,of,159,0.017976257772752968,0.6249858677218768,8845
Effusion,negative,1,17,evidence,144,0.01628038439796495,0.6412662521198417,8845
Effusion,negative,1,18,quistes,129,0.014584511023176936,0.6558507631430186,8845
Effusion,negative,1,19,popliteos,129,0.014584511023176936,0.6704352741661956,8845
Effusion,negative,1,20,ni,118,0.013340870548332391,0.683776144714528,8845
Effusion,negative,1,21,present,117,0.013227812323346523,0.6970039570378745,8845
Effusion,negative,1,22,significativo,91,0.010288298473713963,0.7072922555115885,8845
Effusion,negative,1,23,izljeva,87,0.009836065573770493,0.717128321085359,8845
Effusion,negative,1,24,kein,83,0.00938383267382702,0.726512153759186,8845
Effusion,negative,1,25,gelenkerguss,80,0.009044657998869417,0.7355568117580554,8845
Effusion,negative,1,26,ставен,77,0.008705483323911814,0.7442622950819672,8845
Effusion,negative,1,27,излив,77,0.008705483323911814,0.752967778405879,8845
Effusion,negative,1,28,мр,74,0.008366308648954211,0.7613340870548332,8845
Effusion,negative,1,29,there,74,0.008366308648954211,0.7697003957037875,8845
Effusion,negative,1,30,няма,73,0.008253250423968343,0.7779536461277557,8845
Effusion,negative,1,31,данни,70,0.00791407574901074,0.7858677218767666,8845
Effusion,negative,1,32,за,70,0.00791407574901074,0.7937817976257773,8845
Effusion,negative,1,33,χωρις,66,0.007461842849067269,0.8012436404748445,8845
Effusion,negative,1,34,συλλογη,66,0.007461842849067269,0.8087054833239118,8845
Effusion,negative,1,35,υγρου,65,0.007348784624081402,0.8160542679479932,8845
Effusion,negative,1,36,ενδαρθρικη,61,0.006896551724137931,0.8229508196721311,8845
Effusion,negative,1,37,u,60,0.006783493499152063,0.8297343131712832,8845
Effusion,negative,1,38,bez,58,0.006557377049180328,0.8362916902204636,8845
Effusion,negative,1,39,fluid,50,0.005652911249293386,0.8419446014697569,8845
Effusion,negative,1,40,находка,49,0.005539853024307519,0.8474844544940644,8845
Effusion,negative,1,41,signifikantnog,40,0.0045223289994347085,0.8520067834934991,8845
Effusion,negative,1,42,ευρηματα,39,0.004409270774448841,0.856416054267948,8845
Effusion,negative,1,43,zglob,35,0.00395703787450537,0.8603730921424534,8845
Effusion,negative,1,44,or,33,0.0037309214245336347,0.864104013566987,8845
Effusion,negative,1,45,zie,30,0.0033917467495760316,0.8674957603165631,8845
Effusion,negative,1,46,gescande,30,0.0033917467495760316,0.870887507066139,8845
Effusion,negative,1,47,aanvraag,30,0.0033917467495760316,0.8742792538157151,8845
Effusion,negative,1,48,patologicos,29,0.003278688524590164,0.8775579423403053,8845
Effusion,negative,1,49,loose,25,0.002826455624646693,0.8803843979649519,8845
Effusion,negative,1,50,nema,23,0.0026003391746749578,0.8829847371396269,8845
Effusion,negative,1,51,muskulatur,22,0.00248728094968909,0.885472018089316,8845
Effusion,negative,1,52,und,22,0.00248728094968909,0.8879592990390051,8845
Effusion,negative,1,53,weichteile,22,0.00248728094968909,0.8904465799886941,8845
Effusion,negative,1,54,geen,21,0.002374222724703222,0.8928208027133974,8845
Effusion,negative,1,55,hydrops,21,0.002374222724703222,0.8951950254381006,8845
Effusion,negative,1,56,ubrige,20,0.0022611644997173543,0.897456189937818,8845
Effusion,negative,1,57,date,19,0.0021481062747314866,0.8996042962125494,8845
Effusion,negative,1,58,bevindingen,18,0.002035048049745619,0.9016393442622951,8845
Effusion,negative,1,59,wesentlicher,18,0.002035048049745619,0.9036743923120407,8845
Effusion,negative,1,60,y,17,0.0019219898247597512,0.9055963821368005,8845
Effusion,negative,1,61,intra,17,0.0019219898247597512,0.9075183719615602,8845
Effusion,negative,1,62,bodies,17,0.0019219898247597512,0.9094403617863199,8845
Effusion,negative,1,63,mr,16,0.0018089315997738835,0.9112492933860938,8845
Effusion,negative,1,64,knie,16,0.0018089315997738835,0.9130582249858678,8845
Effusion,negative,1,65,15ch,16,0.0018089315997738835,0.9148671565856415,8845
Effusion,negative,1,66,aa,16,0.0018089315997738835,0.9166760881854155,8845
Effusion,negative,1,67,klinische,16,0.0018089315997738835,0.9184850197851894,8845
Effusion,negative,1,68,inlichtingen,16,0.0018089315997738835,0.9202939513849633,8845
Effusion,negative,1,69,diagnostische,16,0.0018089315997738835,0.9221028829847372,8845
Effusion,negative,1,70,vraagstelling,16,0.0018089315997738835,0.923911814584511,8845
Effusion,negative,1,71,body,16,0.0018089315997738835,0.9257207461842849,8845
Effusion,negative,1,72,a,16,0.0018089315997738835,0.9275296777840588,8845
Effusion,negative,1,73,cyst,14,0.0015828151498021481,0.9291124929338609,8845
Effusion,negative,1,74,demonstrated,12,0.0013566986998304127,0.9304691916336914,8845
Effusion,negative,1,75,evidente,11,0.001243640474844545,0.931712832108536,8845
Effusion,negative,1,76,se,11,0.001243640474844545,0.9329564725833804,8845
Effusion,negative,1,77,the,11,0.001243640474844545,0.934200113058225,8845
Effusion,negative,1,78,baker,10,0.0011305822498586771,0.9353306953080837,8845
Effusion,negative,1,79,rechts,9,0.0010175240248728094,0.9363482193329564,8845
Effusion,negative,1,80,gelenkflussigkeit,9,0.0010175240248728094,0.9373657433578293,8845
Effusion,negative,1,81,ne,8,0.0009044657998869418,0.9382702091577162,8845
Effusion,negative,1,82,nalazi,8,0.0009044657998869418,0.9391746749576032,8845
Effusion,negative,1,83,koljenu,8,0.0009044657998869418,0.9400791407574901,8845
Effusion,negative,1,84,znacajnijeg,8,0.0009044657998869418,0.940983606557377,8845
Effusion,negative,1,85,signos,8,0.0009044657998869418,0.941888072357264,8845
Effusion,negative,1,86,popliteal,8,0.0009044657998869418,0.9427925381571509,8845
Effusion,negative,1,87,de,8,0.0009044657998869418,0.9436970039570379,8845
Effusion,negative,1,88,significante,8,0.0009044657998869418,0.9446014697569248,8845
Effusion,negative,1,89,are,8,0.0009044657998869418,0.9455059355568117,8845
Effusion,negative,1,90,gelenkkapsel,8,0.0009044657998869418,0.9464104013566987,8845
Effusion,negative,1,91,none,7,0.0007914075749010741,0.9472018089315998,8845
Effusion,negative,1,92,links,7,0.0007914075749010741,0.9479932165065008,8845
Effusion,negative,1,93,nor,7,0.0007914075749010741,0.948784624081402,8845
Effusion,negative,1,94,any,7,0.0007914075749010741,0.949576031656303,8845
Effusion,negative,1,95,suprapatellar,7,0.0007914075749010741,0.950367439231204,8845
Effusion,negative,1,96,znacajnog,6,0.0006783493499152064,0.9510457885811193,8845
Effusion,negative,1,97,erguss,6,0.0006783493499152064,0.9517241379310345,8845
Effusion,negative,1,98,zglobnim,6,0.0006783493499152064,0.9524024872809497,8845
Effusion,negative,1,99,prostorima,6,0.0006783493499152064,0.9530808366308648,8845
Effusion,negative,1,100,eyρηματα,6,0.0006783493499152064,0.9537591859807801,8845
Effusion,negative,2,1,joint effusion,423,0.05833678113363674,0.05833678113363674,7251
Effusion,negative,2,2,knee effusion,376,0.051854916563232656,0.1101916976968694,7251
Effusion,negative,2,3,no joint,358,0.04937250034478003,0.15956419804164942,7251
Effusion,negative,2,4,joint space,286,0.03944283547096952,0.19900703351261895,7251
Effusion,negative,2,5,space no,284,0.03916701144669701,0.23817404495931596,7251
Effusion,negative,2,6,sivi artisi,257,0.035443387119018066,0.273617432078334,7251
Effusion,negative,2,7,artisi saptanmamistir,257,0.035443387119018066,0.30906081919735207,7251
Effusion,negative,2,8,eklemde sivi,256,0.03530547510688181,0.3443662943042339,7251
Effusion,negative,2,9,derrame articular,169,0.023307130051027445,0.36767342435526135,7251
Effusion,negative,2,10,no hay,168,0.023169218038891187,0.3908426423941525,7251
Effusion,negative,2,11,no significant,159,0.021928009929664875,0.4127706523238174,7251
Effusion,negative,2,12,significant knee,158,0.021790097917528617,0.434560750241346,7251
Effusion,negative,2,13,no evidence,144,0.01985932974762102,0.45442007998896705,7251
Effusion,negative,2,14,evidence of,144,0.01985932974762102,0.47427940973658805,7251
Effusion,negative,2,15,no knee,131,0.018066473589849676,0.49234588332643775,7251
Effusion,negative,2,16,findings no,130,0.017928561577713418,0.5102744449041512,7251
Effusion,negative,2,17,quistes popliteos,129,0.01779064956557716,0.5280650944697283,7251
Effusion,negative,2,18,effusion is,120,0.016549441456350848,0.5446145359260791,7251
Effusion,negative,2,19,of knee,118,0.016273617432078336,0.5608881533581574,7251
Effusion,negative,2,20,articular ni,116,0.01599779340780582,0.5768859467659633,7251
Effusion,negative,2,21,is present,114,0.015721969383533305,0.5926079161494966,7251
Effusion,negative,2,22,ni quistes,111,0.015308233347124535,0.6079161494966212,7251
Effusion,negative,2,23,significativo derrame,91,0.012549993104399393,0.6204661426010205,7251
Effusion,negative,2,24,hay significativo,90,0.012412081092263137,0.6328782236932837,7251
Effusion,negative,2,25,ставен излив,77,0.010619224934491795,0.6434974486277755,7251
Effusion,negative,2,26,there is,71,0.009791752861674252,0.6532892014894497,7251
Effusion,negative,2,27,данни за,70,0.009653840849537994,0.6629430423389877,7251
Effusion,negative,2,28,за ставен,70,0.009653840849537994,0.6725968831885257,7251
Effusion,negative,2,29,is no,69,0.009515928837401738,0.6821128120259274,7251
Effusion,negative,2,30,συλλογη υγρου,65,0.008964280788856709,0.6910770928147841,7251
Effusion,negative,2,31,ενδαρθρικη συλλογη,61,0.008412632740311681,0.6994897255550958,7251
Effusion,negative,2,32,hay derrame,59,0.008136808716039168,0.707626534271135,7251
Effusion,negative,2,33,izljeva u,59,0.008136808716039168,0.7157633429871741,7251
Effusion,negative,2,34,kein gelenkerguss,58,0.00799889670390291,0.7237622396910771,7251
Effusion,negative,2,35,χωρις ενδαρθρικη,57,0.007860984691766652,0.7316232243828438,7251
Effusion,negative,2,36,мр находка,49,0.006757688594676597,0.7383809129775203,7251
Effusion,negative,2,37,находка няма,47,0.006481864570404082,0.7448627775479244,7251
Effusion,negative,2,38,fluid no,46,0.006343952558267825,0.7512067301061922,7251
Effusion,negative,2,39,няма данни,45,0.006206040546131568,0.7574127706523238,7251
Effusion,negative,2,40,knee joint,41,0.00565439249758654,0.7630671631499104,7251
Effusion,negative,2,41,signifikantnog izljeva,39,0.005378568473314025,0.7684457316232244,7251
Effusion,negative,2,42,ευρηματα χωρις,38,0.0052406564611777685,0.7736863880844022,7251
Effusion,negative,2,43,findings there,35,0.004826920424768997,0.7785133085091711,7251
Effusion,negative,2,44,bez signifikantnog,34,0.00468900841263274,0.7832023169218039,7251
Effusion,negative,2,45,u zglob,33,0.004551096400496483,0.7877534133223004,7251
Effusion,negative,2,46,zie gescande,30,0.004137360364087712,0.791890773686388,7251
Effusion,negative,2,47,gescande aanvraag,30,0.004137360364087712,0.7960281340504758,7251
Effusion,negative,2,48,popliteos patologicos,29,0.003999448351951455,0.8000275824024272,7251
Effusion,negative,2,49,effusion or,28,0.0038615363398151977,0.8038891187422424,7251
Effusion,negative,2,50,няма мр,25,0.0034478003034064267,0.8073369190456489,7251
Effusion,negative,2,51,мр данни,25,0.0034478003034064267,0.8107847193490553,7251
Effusion,negative,2,52,findings fluid,23,0.0031719762791339126,0.8139566956281892,7251
Effusion,negative,2,53,muskulatur und,22,0.0030340642669976557,0.8169907598951869,7251
Effusion,negative,2,54,weichteile kein,22,0.0030340642669976557,0.8200248241621845,7251
Effusion,negative,2,55,und ubrige,20,0.0027582402427251415,0.8227830644049097,7251
Effusion,negative,2,56,ubrige weichteile,20,0.0027582402427251415,0.8255413046476348,7251
Effusion,negative,2,57,bevindingen geen,17,0.00234450420631637,0.8278858088539511,7251
Effusion,negative,2,58,articular y,17,0.00234450420631637,0.8302303130602675,7251
Effusion,negative,2,59,y quistes,17,0.00234450420631637,0.8325748172665839,7251
Effusion,negative,2,60,intra articular,17,0.00234450420631637,0.8349193214729003,7251
Effusion,negative,2,61,date mr,16,0.0022065921941801132,0.8371259136670804,7251
Effusion,negative,2,62,mr knie,16,0.0022065921941801132,0.8393325058612605,7251
Effusion,negative,2,63,15ch aa,16,0.0022065921941801132,0.8415390980554406,7251
Effusion,negative,2,64,aa klinische,16,0.0022065921941801132,0.8437456902496208,7251
Effusion,negative,2,65,klinische inlichtingen,16,0.0022065921941801132,0.8459522824438008,7251
Effusion,negative,2,66,diagnostische vraagstelling,16,0.0022065921941801132,0.848158874637981,7251
Effusion,negative,2,67,or loose,16,0.0022065921941801132,0.8503654668321611,7251
Effusion,negative,2,68,loose body,16,0.0022065921941801132,0.8525720590263411,7251
Effusion,negative,2,69,kein wesentlicher,16,0.0022065921941801132,0.8547786512205213,7251
Effusion,negative,2,70,inlichtingen zie,15,0.002068680182043856,0.8568473314025652,7251
Effusion,negative,2,71,aanvraag diagnostische,15,0.002068680182043856,0.8589160115846091,7251
Effusion,negative,2,72,vraagstelling zie,15,0.002068680182043856,0.8609846917666528,7251
Effusion,negative,2,73,aanvraag bevindingen,15,0.002068680182043856,0.8630533719486967,7251
Effusion,negative,2,74,significant joint,14,0.0019307681699075989,0.8649841401186044,7251
Effusion,negative,2,75,wesentlicher gelenkerguss,14,0.0019307681699075989,0.8669149082885119,7251
Effusion,negative,2,76,bez izljeva,12,0.0016549441456350847,0.868569852434147,7251
Effusion,negative,2,77,geen hydrops,12,0.0016549441456350847,0.8702247965797821,7251
Effusion,negative,2,78,effusion of,12,0.0016549441456350847,0.8718797407254172,7251
Effusion,negative,2,79,of significant,12,0.0016549441456350847,0.8735346848710522,7251
Effusion,negative,2,80,of a,12,0.0016549441456350847,0.8751896290166874,7251
Effusion,negative,2,81,a significant,12,0.0016549441456350847,0.8768445731623224,7251
Effusion,negative,2,82,hay evidente,11,0.0015170321334988279,0.8783616052958213,7251
Effusion,negative,2,83,evidente derrame,11,0.0015170321334988279,0.87987863742932,7251
Effusion,negative,2,84,no effusion,11,0.0015170321334988279,0.8813956695628189,7251
Effusion,negative,2,85,nema izljeva,10,0.0013791201213625708,0.8827747896841814,7251
Effusion,negative,2,86,knie rechts,9,0.0012412081092263137,0.8840159977934078,7251
Effusion,negative,2,87,rechts 15ch,9,0.0012412081092263137,0.8852572059026341,7251
Effusion,negative,2,88,loose bodies,9,0.0012412081092263137,0.8864984140118605,7251
Effusion,negative,2,89,ne nalazi,8,0.0011032960970900566,0.8876017101089505,7251
Effusion,negative,2,90,nalazi se,8,0.0011032960970900566,0.8887050062060405,7251
Effusion,negative,2,91,u koljenu,8,0.0011032960970900566,0.8898083023031306,7251
Effusion,negative,2,92,nema znacajnijeg,8,0.0011032960970900566,0.8909115984002206,7251
Effusion,negative,2,93,znacajnijeg izljeva,8,0.0011032960970900566,0.8920148944973108,7251
Effusion,negative,2,94,hay signos,8,0.0011032960970900566,0.8931181905944008,7251
Effusion,negative,2,95,or popliteal,8,0.0011032960970900566,0.8942214866914908,7251
Effusion,negative,2,96,popliteal cyst,8,0.0011032960970900566,0.8953247827885809,7251
Effusion,negative,2,97,geen significante,8,0.0011032960970900566,0.8964280788856709,7251
Effusion,negative,2,98,significante hydrops,8,0.0011032960970900566,0.897531374982761,7251
Effusion,negative,2,99,articular bodies,8,0.0011032960970900566,0.8986346710798511,7251
Effusion,negative,2,100,effusion no,8,0.0011032960970900566,0.8997379671769411,7251
Effusion,positive,1,1,effusion,1992,0.06409266409266409,0.06409266409266409,31080
Effusion,positive,1,2,joint,1608,0.051737451737451735,0.11583011583011583,31080
Effusion,positive,1,3,knee,877,0.028217503217503218,0.14404761904761904,31080
Effusion,positive,1,4,suprapatellar,720,0.023166023166023165,0.1672136422136422,31080
Effusion,positive,1,5,is,662,0.0212998712998713,0.1885135135135135,31080
Effusion,positive,1,6,and,625,0.02010939510939511,0.2086229086229086,31080
Effusion,positive,1,7,with,596,0.019176319176319175,0.2277992277992278,31080
Effusion,positive,1,8,a,497,0.01599099099099099,0.24379021879021878,31080
Effusion,positive,1,9,sivi,495,0.015926640926640926,0.2597168597168597,31080
Effusion,positive,1,10,diz,486,0.01563706563706564,0.27535392535392533,31080
Effusion,positive,1,11,eklemi,393,0.012644787644787644,0.287998712998713,31080
Effusion,positive,1,12,there,388,0.012483912483912485,0.3004826254826255,31080
Effusion,positive,1,13,small,381,0.012258687258687258,0.3127413127413127,31080
Effusion,positive,1,14,of,365,0.011743886743886744,0.3244851994851995,31080
Effusion,positive,1,15,minimal,356,0.011454311454311455,0.33593951093951097,31080
Effusion,positive,1,16,findings,346,0.011132561132561133,0.3470720720720721,31080
Effusion,positive,1,17,ici,343,0.011036036036036036,0.3581081081081081,31080
Effusion,positive,1,18,derrame,342,0.011003861003861004,0.3691119691119691,31080
Effusion,positive,1,19,miktari,336,0.010810810810810811,0.3799227799227799,31080
Effusion,positive,1,20,moderate,321,0.010328185328185328,0.39025096525096525,31080
Effusion,positive,1,21,space,296,0.009523809523809525,0.3997747747747748,31080
Effusion,positive,1,22,u,280,0.009009009009009009,0.40878378378378377,31080
Effusion,positive,1,23,articular,279,0.008976833976833977,0.41776061776061774,31080
Effusion,positive,1,24,mild,271,0.00871943371943372,0.42648005148005147,31080
Effusion,positive,1,25,υγρου,260,0.008365508365508366,0.43484555984555984,31080
Effusion,positive,1,26,amount,256,0.008236808236808236,0.44308236808236806,31080
Effusion,positive,1,27,bursitis,243,0.00781853281853282,0.4509009009009009,31080
Effusion,positive,1,28,medial,243,0.00781853281853282,0.45871943371943374,31080
Effusion,positive,1,29,συλλογη,237,0.007625482625482625,0.46634491634491637,31080
Effusion,positive,1,30,излив,230,0.0074002574002574005,0.4737451737451737,31080
Effusion,positive,1,31,ставен,229,0.007368082368082368,0.4811132561132561,31080
Effusion,positive,1,32,synovitis,223,0.007175032175032175,0.4882882882882883,31080
Effusion,positive,1,33,plicae,220,0.007078507078507079,0.49536679536679534,31080
Effusion,positive,1,34,gelenkerguss,214,0.006885456885456886,0.5022522522522522,31080
Effusion,positive,1,35,artmis,207,0.00666023166023166,0.5089124839124839,31080
Effusion,positive,1,36,izljev,203,0.006531531531531532,0.5154440154440154,31080
Effusion,positive,1,37,fluid,194,0.006241956241956242,0.5216859716859716,31080
Effusion,positive,1,38,hafif,173,0.0055662805662805665,0.5272522522522523,31080
Effusion,positive,1,39,παρατηρειται,172,0.005534105534105534,0.5327863577863577,31080
Effusion,positive,1,40,leve,162,0.0052123552123552125,0.537998712998713,31080
Effusion,positive,1,41,minor,162,0.0052123552123552125,0.5432110682110682,31080
Effusion,positive,1,42,мр,154,0.004954954954954955,0.5481660231660231,31080
Effusion,positive,1,43,normal,153,0.004922779922779923,0.553088803088803,31080
Effusion,positive,1,44,artisi,149,0.004794079794079794,0.5578828828828829,31080
Effusion,positive,1,45,left,146,0.004697554697554698,0.5625804375804376,31080
Effusion,positive,1,46,bursa,145,0.004665379665379665,0.5672458172458172,31080
Effusion,positive,1,47,με,145,0.004665379665379665,0.571911196911197,31080
Effusion,positive,1,48,ve,136,0.004375804375804376,0.5762870012870013,31080
Effusion,positive,1,49,present,134,0.004311454311454311,0.5805984555984556,31080
Effusion,positive,1,50,large,134,0.004311454311454311,0.5849099099099099,31080
Effusion,positive,1,51,derecede,133,0.004279279279279279,0.5891891891891892,31080
Effusion,positive,1,52,epanchement,132,0.0042471042471042475,0.5934362934362934,31080
Effusion,positive,1,53,articulaire,129,0.0041505791505791504,0.5975868725868726,31080
Effusion,positive,1,54,right,128,0.004118404118404118,0.6017052767052767,31080
Effusion,positive,1,55,μικρη,128,0.004118404118404118,0.6058236808236809,31080
Effusion,positive,1,56,con,127,0.004086229086229087,0.6099099099099099,31080
Effusion,positive,1,57,sinovitis,127,0.004086229086229087,0.613996138996139,31080
Effusion,positive,1,58,seen,124,0.00398970398970399,0.617985842985843,31080
Effusion,positive,1,59,izljeva,122,0.003925353925353926,0.6219111969111969,31080
Effusion,positive,1,60,some,120,0.003861003861003861,0.6257722007722007,31080
Effusion,positive,1,61,geringer,117,0.0037644787644787645,0.6295366795366796,31080
Effusion,positive,1,62,baker,116,0.003732303732303732,0.6332689832689833,31080
Effusion,positive,1,63,eklem,114,0.003667953667953668,0.636936936936937,31080
Effusion,positive,1,64,lateral,114,0.003667953667953668,0.6406048906048906,31080
Effusion,positive,1,65,trace,111,0.0035714285714285713,0.6441763191763191,31080
Effusion,positive,1,66,intra,104,0.0033462033462033462,0.6475225225225225,31080
Effusion,positive,1,67,kolicina,100,0.0032175032175032173,0.6507400257400258,31080
Effusion,positive,1,68,ενδαρθρικα,96,0.003088803088803089,0.6538288288288289,31080
Effusion,positive,1,69,synovial,94,0.0030244530244530245,0.6568532818532818,31080
Effusion,positive,1,70,in,94,0.0030244530244530245,0.6598777348777348,31080
Effusion,positive,1,71,de,88,0.0028314028314028314,0.6627091377091378,31080
Effusion,positive,1,72,mesafesinde,87,0.002799227799227799,0.6655083655083656,31080
Effusion,positive,1,73,uz,87,0.002799227799227799,0.6683075933075933,31080
Effusion,positive,1,74,малък,85,0.0027348777348777348,0.6710424710424711,31080
Effusion,positive,1,75,ενδαρθρικη,83,0.0026705276705276705,0.6737129987129987,31080
Effusion,positive,1,76,bursada,81,0.0026061776061776063,0.6763191763191764,31080
Effusion,positive,1,77,the,81,0.0026061776061776063,0.6789253539253539,31080
Effusion,positive,1,78,данни,80,0.002574002574002574,0.6814993564993564,31080
Effusion,positive,1,79,και,80,0.002574002574002574,0.6840733590733591,31080
Effusion,positive,1,80,за,79,0.002541827541827542,0.6866151866151866,31080
Effusion,positive,1,81,на,79,0.002541827541827542,0.6891570141570141,31080
Effusion,positive,1,82,находка,76,0.0024453024453024454,0.6916023166023166,31080
Effusion,positive,1,83,izlenmistir,76,0.0024453024453024454,0.694047619047619,31080
Effusion,positive,1,84,und,74,0.002380952380952381,0.6964285714285714,31080
Effusion,positive,1,85,hydrops,73,0.002348777348777349,0.6987773487773488,31080
Effusion,positive,1,86,του,72,0.0023166023166023165,0.7010939510939511,31080
Effusion,positive,1,87,manji,71,0.0022844272844272846,0.7033783783783784,31080
Effusion,positive,1,88,κυστη,69,0.00222007722007722,0.7055984555984556,31080
Effusion,positive,1,89,υδραρθρο,67,0.0021557271557271556,0.7077541827541828,31080
Effusion,positive,1,90,συνοβιακη,66,0.0021235521235521237,0.7098777348777349,31080
Effusion,positive,1,91,ευρηματα,65,0.0020913770913770914,0.711969111969112,31080
Effusion,positive,1,92,difusa,65,0.0020913770913770914,0.714060489060489,31080
Effusion,positive,1,93,zglobu,64,0.002059202059202059,0.7161196911196911,31080
Effusion,positive,1,94,koljenu,64,0.002059202059202059,0.7181788931788932,31080
Effusion,positive,1,95,i,62,0.001994851994851995,0.7201737451737452,31080
Effusion,positive,1,96,muskulatur,62,0.001994851994851995,0.7221685971685972,31080
Effusion,positive,1,97,weichteile,62,0.001994851994851995,0.7241634491634492,31080
Effusion,positive,1,98,εσω,62,0.001994851994851995,0.7261583011583012,31080
Effusion,positive,1,99,moderado,61,0.001962676962676963,0.7281209781209781,31080
Effusion,positive,1,100,to,61,0.001962676962676963,0.7300836550836551,31080
Effusion,positive,2,1,joint effusion,1234,0.045996719844938125,0.045996719844938125,26828
Effusion,positive,2,2,knee effusion,600,0.022364693603697628,0.06836141344863575,26828
Effusion,positive,2,3,diz eklemi,391,0.014574325331742955,0.08293573878037871,26828
Effusion,positive,2,4,there is,372,0.01386611003429253,0.09680184881467124,26828
Effusion,positive,2,5,is a,364,0.013567914119576563,0.1103697629342478,26828
Effusion,positive,2,6,ici sivi,341,0.012710600864768152,0.12308036379901595,26828
Effusion,positive,2,7,eklemi ici,339,0.012636051886089161,0.13571641568510512,26828
Effusion,positive,2,8,sivi miktari,336,0.012524228418070672,0.14824064410317578,26828
Effusion,positive,2,9,effusion and,311,0.011592366184583272,0.15983301028775906,26828
Effusion,positive,2,10,joint space,296,0.01103324884449083,0.1708662591322499,26828
Effusion,positive,2,11,effusion with,291,0.01084687639779335,0.18171313553004323,26828
Effusion,positive,2,12,amount of,255,0.009504994781571493,0.19121813031161472,26828
Effusion,positive,2,13,findings there,248,0.00924407335619502,0.20046220366780976,26828
Effusion,positive,2,14,derrame articular,240,0.008945877441479051,0.2094080811092888,26828
Effusion,positive,2,15,and suprapatellar,237,0.008834053973460564,0.21824213508274937,26828
Effusion,positive,2,16,suprapatellar bursitis,235,0.008759504994781571,0.22700164007753093,26828
Effusion,positive,2,17,συλλογη υγρου,232,0.008647681526763084,0.23564932160429403,26828
Effusion,positive,2,18,ставен излив,229,0.008535858058744595,0.24418517966303863,26828
Effusion,positive,2,19,knee joint,219,0.008163113165349635,0.2523482928283883,26828
Effusion,positive,2,20,small joint,214,0.007976740718652155,0.2603250335470404,26828
Effusion,positive,2,21,bursitis with,213,0.007939466229312658,0.2682644997763531,26828
Effusion,positive,2,22,with suprapatellar,203,0.0075667213359176975,0.27583122111227076,26828
Effusion,positive,2,23,effusion is,192,0.007156701953183241,0.282987923065454,26828
Effusion,positive,2,24,and medial,190,0.007082152974504249,0.29007007603995827,26828
Effusion,positive,2,25,medial plicae,182,0.006783957059788281,0.2968540330997465,26828
Effusion,positive,2,26,minor knee,159,0.0059266438049798715,0.30278067690472643,26828
Effusion,positive,2,27,space small,156,0.005814820336961383,0.3085954972416878,26828
Effusion,positive,2,28,a minor,150,0.005591173400924407,0.3141866706426122,26828
Effusion,positive,2,29,izljev u,144,0.005367526464887431,0.3195541971074996,26828
Effusion,positive,2,30,miktari normal,142,0.005292977486208439,0.32484717459370804,26828
Effusion,positive,2,31,sivi artisi,141,0.0052557029968689425,0.330102877590577,26828
Effusion,positive,2,32,left knee,140,0.005218428507529447,0.33532130609810645,26828
Effusion,positive,2,33,miktari hafif,137,0.005106605039510959,0.3404279111376174,26828
Effusion,positive,2,34,moderate joint,135,0.005032056060831966,0.3454599671984494,26828
Effusion,positive,2,35,derecede artmis,132,0.004920232592813478,0.35038019979126284,26828
Effusion,positive,2,36,is present,131,0.004882958103473983,0.35526315789473684,26828
Effusion,positive,2,37,minimal joint,130,0.004845683614134486,0.36010884150887135,26828
Effusion,positive,2,38,with synovitis,129,0.00480840912479499,0.3649172506336663,26828
Effusion,positive,2,39,a mild,128,0.0047711346354554944,0.3696883852691218,26828
Effusion,positive,2,40,right knee,126,0.004696585656776502,0.37438497092589834,26828
Effusion,positive,2,41,suprapatellar bursa,123,0.004584762188758014,0.3789697331146563,26828
Effusion,positive,2,42,suprapatellar and,118,0.004398389742060534,0.38336812285671684,26828
Effusion,positive,2,43,mild knee,117,0.004361115252721038,0.3877292381094379,26828
Effusion,positive,2,44,of left,114,0.00424929178470255,0.39197852989414045,26828
Effusion,positive,2,45,geringer gelenkerguss,114,0.00424929178470255,0.396227821678843,26828
Effusion,positive,2,46,is seen,112,0.004174742806023557,0.40040256448486655,26828
Effusion,positive,2,47,leve derrame,109,0.004062919338005069,0.4044654838228716,26828
Effusion,positive,2,48,moderate knee,108,0.004025644848665574,0.4084911286715372,26828
Effusion,positive,2,49,hafif derecede,103,0.003839272401968093,0.41233040107350527,26828
Effusion,positive,2,50,articular con,101,0.003764723423289101,0.41609512449679437,26828
Effusion,positive,2,51,minimal amount,95,0.0035410764872521247,0.4196362009840465,26828
Effusion,positive,2,52,some amount,93,0.0034665275085731325,0.42310272849261965,26828
Effusion,positive,2,53,kolicina izljeva,92,0.0034292530192336365,0.4265319815118533,26828
Effusion,positive,2,54,ve diz,89,0.0033174295512151484,0.42984941106306845,26828
Effusion,positive,2,55,of right,87,0.003242880572536156,0.4330922916356046,26828
Effusion,positive,2,56,eklem mesafesinde,86,0.0032056060831966602,0.43629789771880123,26828
Effusion,positive,2,57,малък ставен,85,0.0031683315938571643,0.43946622931265844,26828
Effusion,positive,2,58,ενδαρθρικη συλλογη,83,0.003093782615178172,0.4425600119278366,26828
Effusion,positive,2,59,small knee,82,0.003056508125838676,0.44561652005367525,26828
Effusion,positive,2,60,мр данни,78,0.0029074101684806917,0.448523930222156,26828
Effusion,positive,2,61,данни за,78,0.0029074101684806917,0.45143134039063665,26828
Effusion,positive,2,62,мр находка,76,0.0028328611898017,0.45426420158043834,26828
Effusion,positive,2,63,diz eklem,74,0.0027583122111227076,0.45702251379156106,26828
Effusion,positive,2,64,izljeva u,74,0.0027583122111227076,0.4597808260026838,26828
Effusion,positive,2,65,epanchement intra,74,0.0027583122111227076,0.4625391382138065,26828
Effusion,positive,2,66,intra articulaire,74,0.0027583122111227076,0.4652974504249292,26828
Effusion,positive,2,67,suprapatellar bursada,72,0.0026837632324437154,0.4679812136573729,26828
Effusion,positive,2,68,lateral and,72,0.0026837632324437154,0.4706649768898166,26828
Effusion,positive,2,69,con sinovitis,71,0.0026464887431042194,0.4733114656329208,26828
Effusion,positive,2,70,suprapatellar lateral,68,0.0025346652750857313,0.47584613090800654,26828
Effusion,positive,2,71,κυστη baker,67,0.0024973907857462354,0.47834352169375277,26828
Effusion,positive,2,72,space moderate,66,0.002460116296406739,0.4808036379901595,26828
Effusion,positive,2,73,sinovitis difusa,65,0.002422841807067243,0.48322647979722677,26828
Effusion,positive,2,74,υγρου παρατηρειται,65,0.002422841807067243,0.485649321604294,26828
Effusion,positive,2,75,manji izljev,64,0.0023855673177277472,0.4880348889220218,26828
Effusion,positive,2,76,u koljenu,64,0.0023855673177277472,0.4904204562397495,26828
Effusion,positive,2,77,συνοβιακη κυστη,63,0.002348292828388251,0.4927687490681378,26828
Effusion,positive,2,78,muskulatur und,62,0.002311018339048755,0.4950797674071865,26828
Effusion,positive,2,79,bursa ve,60,0.0022364693603697627,0.49731623676755626,26828
Effusion,positive,2,80,наличие на,60,0.0022364693603697627,0.49955270612792607,26828
Effusion,positive,2,81,trace joint,60,0.0022364693603697627,0.5017891754882958,26828
Effusion,positive,2,82,und ubrige,60,0.0022364693603697627,0.5040256448486655,26828
Effusion,positive,2,83,ubrige weichteile,60,0.0022364693603697627,0.5062621142090353,26828
Effusion,positive,2,84,moderado derrame,57,0.002124645892351275,0.5083867601013866,26828
Effusion,positive,2,85,μικρη συλλογη,57,0.002124645892351275,0.5105114059937379,26828
Effusion,positive,2,86,epanchement articulaire,54,0.002012822424332787,0.5125242284180707,26828
Effusion,positive,2,87,manja kolicina,54,0.002012822424332787,0.5145370508424034,26828
Effusion,positive,2,88,artisi izlenmistir,53,0.0019755479349932905,0.5165125987773967,26828
Effusion,positive,2,89,large amount,52,0.0019382734456537946,0.5184508722230505,26828
Effusion,positive,2,90,mesafesinde sivi,52,0.0019382734456537946,0.5203891456687043,26828
Effusion,positive,2,91,of joint,52,0.0019382734456537946,0.5223274191143581,26828
Effusion,positive,2,92,minimo derrame,51,0.0019009989563142985,0.5242284180706724,26828
Effusion,positive,2,93,находка мр,50,0.0018637244669748023,0.5260921425376472,26828
Effusion,positive,2,94,joint fluid,50,0.0018637244669748023,0.527955867004622,26828
Effusion,positive,2,95,artisi izlendi,48,0.0017891754882958103,0.5297450424929179,26828
Effusion,positive,2,96,y a,47,0.0017519009989563144,0.5314969434918742,26828
Effusion,positive,2,97,space trace,45,0.0016773520202773221,0.5331742955121515,26828
Effusion,positive,2,98,σε επικοινωνια,44,0.0016400775309378262,0.5348143730430893,26828
Effusion,positive,2,99,επικοινωνια με,44,0.0016400775309378262,0.5364544505740272,26828
Effusion,positive,2,100,u zglobu,42,0.001565528552258834,0.538019979126286,26828
Effusion,uncertain,1,1,the,8,0.0392156862745098,0.0392156862745098,204
Effusion,uncertain,1,2,lateral,6,0.029411764705882353,0.06862745098039216,204
Effusion,uncertain,1,3,to,6,0.029411764705882353,0.09803921568627451,204
Effusion,uncertain,1,4,effusion,4,0.0196078431372549,0.11764705882352941,204
Effusion,uncertain,1,5,with,4,0.0196078431372549,0.13725490196078433,204
Effusion,uncertain,1,6,tibial,4,0.0196078431372549,0.1568627450980392,204
Effusion,uncertain,1,7,plateau,4,0.0196078431372549,0.17647058823529413,204
Effusion,uncertain,1,8,and,4,0.0196078431372549,0.19607843137254902,204
Effusion,uncertain,1,9,signal,4,0.0196078431372549,0.21568627450980393,204
Effusion,uncertain,1,10,on,4,0.0196078431372549,0.23529411764705882,204
Effusion,uncertain,1,11,fat,4,0.0196078431372549,0.2549019607843137,204
Effusion,uncertain,1,12,sat,4,0.0196078431372549,0.27450980392156865,204
Effusion,uncertain,1,13,of,3,0.014705882352941176,0.28921568627450983,204
Effusion,uncertain,1,14,joint,3,0.014705882352941176,0.30392156862745096,204
Effusion,uncertain,1,15,is,3,0.014705882352941176,0.31862745098039214,204
Effusion,uncertain,1,16,likely,3,0.014705882352941176,0.3333333333333333,204
Effusion,uncertain,1,17,within,3,0.014705882352941176,0.3480392156862745,204
Effusion,uncertain,1,18,minimal,2,0.00980392156862745,0.35784313725490197,204
Effusion,uncertain,1,19,amount,2,0.00980392156862745,0.36764705882352944,204
Effusion,uncertain,1,20,right,2,0.00980392156862745,0.37745098039215685,204
Effusion,uncertain,1,21,knee,2,0.00980392156862745,0.3872549019607843,204
Effusion,uncertain,1,22,synovitis,2,0.00980392156862745,0.39705882352941174,204
Effusion,uncertain,1,23,present,2,0.00980392156862745,0.4068627450980392,204
Effusion,uncertain,1,24,severe,2,0.00980392156862745,0.4166666666666667,204
Effusion,uncertain,1,25,bone,2,0.00980392156862745,0.4264705882352941,204
Effusion,uncertain,1,26,marrow,2,0.00980392156862745,0.4362745098039216,204
Effusion,uncertain,1,27,edema,2,0.00980392156862745,0.44607843137254904,204
Effusion,uncertain,1,28,at,2,0.00980392156862745,0.45588235294117646,204
Effusion,uncertain,1,29,posterior,2,0.00980392156862745,0.46568627450980393,204
Effusion,uncertain,1,30,femoral,2,0.00980392156862745,0.47549019607843135,204
Effusion,uncertain,1,31,condyle,2,0.00980392156862745,0.4852941176470588,204
Effusion,uncertain,1,32,suspect,2,0.00980392156862745,0.4950980392156863,204
Effusion,uncertain,1,33,split,2,0.00980392156862745,0.5049019607843137,204
Effusion,uncertain,1,34,non,2,0.00980392156862745,0.5147058823529411,204
Effusion,uncertain,1,35,displaced,2,0.00980392156862745,0.5245098039215687,204
Effusion,uncertain,1,36,fracture,2,0.00980392156862745,0.5343137254901961,204
Effusion,uncertain,1,37,postero,2,0.00980392156862745,0.5441176470588235,204
Effusion,uncertain,1,38,in,2,0.00980392156862745,0.553921568627451,204
Effusion,uncertain,1,39,addition,2,0.00980392156862745,0.5637254901960784,204
Effusion,uncertain,1,40,adjacent,2,0.00980392156862745,0.5735294117647058,204
Effusion,uncertain,1,41,this,2,0.00980392156862745,0.5833333333333334,204
Effusion,uncertain,1,42,there,2,0.00980392156862745,0.5931372549019608,204
Effusion,uncertain,1,43,are,2,0.00980392156862745,0.6029411764705882,204
Effusion,uncertain,1,44,several,2,0.00980392156862745,0.6127450980392157,204
Effusion,uncertain,1,45,rounded,2,0.00980392156862745,0.6225490196078431,204
Effusion,uncertain,1,46,or,2,0.00980392156862745,0.6323529411764706,204
Effusion,uncertain,1,47,ovoid,2,0.00980392156862745,0.6421568627450981,204
Effusion,uncertain,1,48,areas,2,0.00980392156862745,0.6519607843137255,204
Effusion,uncertain,1,49,hemarthrosis,2,0.00980392156862745,0.6617647058823529,204
Effusion,uncertain,1,50,reduced,2,0.00980392156862745,0.6715686274509803,204
Effusion,uncertain,1,51,characteristics,2,0.00980392156862745,0.6813725490196079,204
Effusion,uncertain,1,52,sequences,2,0.00980392156862745,0.6911764705882353,204
Effusion,uncertain,1,53,intermediate,2,0.00980392156862745,0.7009803921568627,204
Effusion,uncertain,1,54,high,2,0.00980392156862745,0.7107843137254902,204
Effusion,uncertain,1,55,intensity,2,0.00980392156862745,0.7205882352941176,204
Effusion,uncertain,1,56,nonfat,2,0.00980392156862745,0.7303921568627451,204
Effusion,uncertain,1,57,pd,2,0.00980392156862745,0.7401960784313726,204
Effusion,uncertain,1,58,images,2,0.00980392156862745,0.75,204
Effusion,uncertain,1,59,which,2,0.00980392156862745,0.7598039215686274,204
Effusion,uncertain,1,60,represents,2,0.00980392156862745,0.7696078431372549,204
Effusion,uncertain,1,61,some,2,0.00980392156862745,0.7794117647058824,204
Effusion,uncertain,1,62,residual,2,0.00980392156862745,0.7892156862745098,204
Effusion,uncertain,1,63,related,2,0.00980392156862745,0.7990196078431373,204
Effusion,uncertain,1,64,previously,2,0.00980392156862745,0.8088235294117647,204
Effusion,uncertain,1,65,identified,2,0.00980392156862745,0.8186274509803921,204
Effusion,uncertain,1,66,lipohemarthrosis,2,0.00980392156862745,0.8284313725490197,204
Effusion,uncertain,1,67,izljev,2,0.00980392156862745,0.8382352941176471,204
Effusion,uncertain,1,68,moguce,2,0.00980392156862745,0.8480392156862745,204
Effusion,uncertain,1,69,small,1,0.004901960784313725,0.8529411764705882,204
Effusion,uncertain,1,70,volume,1,0.004901960784313725,0.8578431372549019,204
Effusion,uncertain,1,71,fluid,1,0.004901960784313725,0.8627450980392157,204
Effusion,uncertain,1,72,normal,1,0.004901960784313725,0.8676470588235294,204
Effusion,uncertain,1,73,physiological,1,0.004901960784313725,0.8725490196078431,204
Effusion,uncertain,1,74,limits,1,0.004901960784313725,0.8774509803921569,204
Effusion,uncertain,1,75,lokulirani,1,0.004901960784313725,0.8823529411764706,204
Effusion,uncertain,1,76,uz,1,0.004901960784313725,0.8872549019607843,204
Effusion,uncertain,1,77,iliotibijalni,1,0.004901960784313725,0.8921568627450981,204
Effusion,uncertain,1,78,trakt,1,0.004901960784313725,0.8970588235294118,204
Effusion,uncertain,1,79,u,1,0.004901960784313725,0.9019607843137255,204
Effusion,uncertain,1,80,sklopu,1,0.004901960784313725,0.9068627450980392,204
Effusion,uncertain,1,81,sindroma,1,0.004901960784313725,0.9117647058823529,204
Effusion,uncertain,1,82,iliotibijalnog,1,0.004901960784313725,0.9166666666666666,204
Effusion,uncertain,1,83,trakta,1,0.004901960784313725,0.9215686274509803,204
Effusion,uncertain,1,84,gastrocnemius,1,0.004901960784313725,0.9264705882352942,204
Effusion,uncertain,1,85,manji,1,0.004901960784313725,0.9313725490196079,204
Effusion,uncertain,1,86,i,1,0.004901960784313725,0.9362745098039216,204
Effusion,uncertain,1,87,subfascijalno,1,0.004901960784313725,0.9411764705882353,204
Effusion,uncertain,1,88,ddg,1,0.004901960784313725,0.946078431372549,204
Effusion,uncertain,1,89,besluit,1,0.004901960784313725,0.9509803921568627,204
Effusion,uncertain,1,90,sterk,1,0.004901960784313725,0.9558823529411765,204
Effusion,uncertain,1,91,vermoeden,1,0.004901960784313725,0.9607843137254902,204
Effusion,uncertain,1,92,beginnend,1,0.004901960784313725,0.9656862745098039,204
Effusion,uncertain,1,93,femoropatellair,1,0.004901960784313725,0.9705882352941176,204
Effusion,uncertain,1,94,kraakbeenlijden,1,0.004901960784313725,0.9754901960784313,204
Effusion,uncertain,1,95,graad,1,0.004901960784313725,0.9803921568627451,204
Effusion,uncertain,1,96,2,1,0.004901960784313725,0.9852941176470589,204
Effusion,uncertain,1,97,met,1,0.004901960784313725,0.9901960784313726,204
Effusion,uncertain,1,98,lichte,1,0.004901960784313725,0.9950980392156863,204
Effusion,uncertain,1,99,hydrops,1,0.004901960784313725,1.0,204
Effusion,uncertain,2,1,lateral tibial,4,0.02040816326530612,0.02040816326530612,196
Effusion,uncertain,2,2,tibial plateau,4,0.02040816326530612,0.04081632653061224,196
Effusion,uncertain,2,3,on the,4,0.02040816326530612,0.061224489795918366,196
Effusion,uncertain,2,4,minimal amount,2,0.01020408163265306,0.07142857142857142,196
Effusion,uncertain,2,5,amount of,2,0.01020408163265306,0.08163265306122448,196
Effusion,uncertain,2,6,of right,2,0.01020408163265306,0.09183673469387756,196
Effusion,uncertain,2,7,right knee,2,0.01020408163265306,0.10204081632653061,196
Effusion,uncertain,2,8,knee effusion,2,0.01020408163265306,0.11224489795918367,196
Effusion,uncertain,2,9,effusion with,2,0.01020408163265306,0.12244897959183673,196
Effusion,uncertain,2,10,with synovitis,2,0.01020408163265306,0.1326530612244898,196
Effusion,uncertain,2,11,synovitis is,2,0.01020408163265306,0.14285714285714285,196
Effusion,uncertain,2,12,is present,2,0.01020408163265306,0.15306122448979592,196
Effusion,uncertain,2,13,present severe,2,0.01020408163265306,0.16326530612244897,196
Effusion,uncertain,2,14,severe bone,2,0.01020408163265306,0.17346938775510204,196
Effusion,uncertain,2,15,bone marrow,2,0.01020408163265306,0.1836734693877551,196
Effusion,uncertain,2,16,marrow edema,2,0.01020408163265306,0.19387755102040816,196
Effusion,uncertain,2,17,edema at,2,0.01020408163265306,0.20408163265306123,196
Effusion,uncertain,2,18,at posterior,2,0.01020408163265306,0.21428571428571427,196
Effusion,uncertain,2,19,posterior lateral,2,0.01020408163265306,0.22448979591836735,196
Effusion,uncertain,2,20,plateau and,2,0.01020408163265306,0.23469387755102042,196
Effusion,uncertain,2,21,and lateral,2,0.01020408163265306,0.24489795918367346,196
Effusion,uncertain,2,22,lateral femoral,2,0.01020408163265306,0.25510204081632654,196
Effusion,uncertain,2,23,femoral condyle,2,0.01020408163265306,0.2653061224489796,196
Effusion,uncertain,2,24,condyle suspect,2,0.01020408163265306,0.2755102040816326,196
Effusion,uncertain,2,25,suspect split,2,0.01020408163265306,0.2857142857142857,196
Effusion,uncertain,2,26,split non,2,0.01020408163265306,0.29591836734693877,196
Effusion,uncertain,2,27,non displaced,2,0.01020408163265306,0.30612244897959184,196
Effusion,uncertain,2,28,displaced fracture,2,0.01020408163265306,0.3163265306122449,196
Effusion,uncertain,2,29,fracture postero,2,0.01020408163265306,0.32653061224489793,196
Effusion,uncertain,2,30,postero lateral,2,0.01020408163265306,0.336734693877551,196
Effusion,uncertain,2,31,in addition,2,0.01020408163265306,0.3469387755102041,196
Effusion,uncertain,2,32,addition adjacent,2,0.01020408163265306,0.35714285714285715,196
Effusion,uncertain,2,33,adjacent to,2,0.01020408163265306,0.3673469387755102,196
Effusion,uncertain,2,34,to this,2,0.01020408163265306,0.37755102040816324,196
Effusion,uncertain,2,35,this there,2,0.01020408163265306,0.3877551020408163,196
Effusion,uncertain,2,36,there are,2,0.01020408163265306,0.3979591836734694,196
Effusion,uncertain,2,37,are several,2,0.01020408163265306,0.40816326530612246,196
Effusion,uncertain,2,38,several rounded,2,0.01020408163265306,0.41836734693877553,196
Effusion,uncertain,2,39,rounded or,2,0.01020408163265306,0.42857142857142855,196
Effusion,uncertain,2,40,or ovoid,2,0.01020408163265306,0.4387755102040816,196
Effusion,uncertain,2,41,ovoid areas,2,0.01020408163265306,0.4489795918367347,196
Effusion,uncertain,2,42,areas within,2,0.01020408163265306,0.45918367346938777,196
Effusion,uncertain,2,43,within the,2,0.01020408163265306,0.46938775510204084,196
Effusion,uncertain,2,44,the joint,2,0.01020408163265306,0.47959183673469385,196
Effusion,uncertain,2,45,joint effusion,2,0.01020408163265306,0.4897959183673469,196
Effusion,uncertain,2,46,effusion hemarthrosis,2,0.01020408163265306,0.5,196
Effusion,uncertain,2,47,hemarthrosis with,2,0.01020408163265306,0.5102040816326531,196
Effusion,uncertain,2,48,with reduced,2,0.01020408163265306,0.5204081632653061,196
Effusion,uncertain,2,49,reduced signal,2,0.01020408163265306,0.5306122448979592,196
Effusion,uncertain,2,50,signal characteristics,2,0.01020408163265306,0.5408163265306123,196
Effusion,uncertain,2,51,characteristics on,2,0.01020408163265306,0.5510204081632653,196
Effusion,uncertain,2,52,the fat,2,0.01020408163265306,0.5612244897959183,196
Effusion,uncertain,2,53,fat sat,2,0.01020408163265306,0.5714285714285714,196
Effusion,uncertain,2,54,sat sequences,2,0.01020408163265306,0.5816326530612245,196
Effusion,uncertain,2,55,sequences and,2,0.01020408163265306,0.5918367346938775,196
Effusion,uncertain,2,56,and intermediate,2,0.01020408163265306,0.6020408163265306,196
Effusion,uncertain,2,57,intermediate to,2,0.01020408163265306,0.6122448979591837,196
Effusion,uncertain,2,58,to high,2,0.01020408163265306,0.6224489795918368,196
Effusion,uncertain,2,59,high signal,2,0.01020408163265306,0.6326530612244898,196
Effusion,uncertain,2,60,signal intensity,2,0.01020408163265306,0.6428571428571429,196
Effusion,uncertain,2,61,intensity on,2,0.01020408163265306,0.6530612244897959,196
Effusion,uncertain,2,62,the nonfat,2,0.01020408163265306,0.6632653061224489,196
Effusion,uncertain,2,63,nonfat sat,2,0.01020408163265306,0.673469387755102,196
Effusion,uncertain,2,64,sat pd,2,0.01020408163265306,0.6836734693877551,196
Effusion,uncertain,2,65,pd images,2,0.01020408163265306,0.6938775510204082,196
Effusion,uncertain,2,66,images which,2,0.01020408163265306,0.7040816326530612,196
Effusion,uncertain,2,67,which likely,2,0.01020408163265306,0.7142857142857143,196
Effusion,uncertain,2,68,likely represents,2,0.01020408163265306,0.7244897959183674,196
Effusion,uncertain,2,69,represents some,2,0.01020408163265306,0.7346938775510204,196
Effusion,uncertain,2,70,some residual,2,0.01020408163265306,0.7448979591836735,196
Effusion,uncertain,2,71,residual fat,2,0.01020408163265306,0.7551020408163265,196
Effusion,uncertain,2,72,fat related,2,0.01020408163265306,0.7653061224489796,196
Effusion,uncertain,2,73,related to,2,0.01020408163265306,0.7755102040816326,196
Effusion,uncertain,2,74,to the,2,0.01020408163265306,0.7857142857142857,196
Effusion,uncertain,2,75,the previously,2,0.01020408163265306,0.7959183673469388,196
Effusion,uncertain,2,76,previously identified,2,0.01020408163265306,0.8061224489795918,196
Effusion,uncertain,2,77,identified lipohemarthrosis,2,0.01020408163265306,0.8163265306122449,196
Effusion,uncertain,2,78,small volume,1,0.00510204081632653,0.8214285714285714,196
Effusion,uncertain,2,79,volume of,1,0.00510204081632653,0.826530612244898,196
Effusion,uncertain,2,80,of joint,1,0.00510204081632653,0.8316326530612245,196
Effusion,uncertain,2,81,joint fluid,1,0.00510204081632653,0.8367346938775511,196
Effusion,uncertain,2,82,fluid is,1,0.00510204081632653,0.8418367346938775,196
Effusion,uncertain,2,83,is likely,1,0.00510204081632653,0.8469387755102041,196
Effusion,uncertain,2,84,likely within,1,0.00510204081632653,0.8520408163265306,196
Effusion,uncertain,2,85,within normal,1,0.00510204081632653,0.8571428571428571,196
Effusion,uncertain,2,86,normal physiological,1,0.00510204081632653,0.8622448979591837,196
Effusion,uncertain,2,87,physiological limits,1,0.00510204081632653,0.8673469387755102,196
Effusion,uncertain,2,88,lokulirani izljev,1,0.00510204081632653,0.8724489795918368,196
Effusion,uncertain,2,89,izljev uz,1,0.00510204081632653,0.8775510204081632,196
Effusion,uncertain,2,90,uz iliotibijalni,1,0.00510204081632653,0.8826530612244898,196
Effusion,uncertain,2,91,iliotibijalni trakt,1,0.00510204081632653,0.8877551020408163,196
Effusion,uncertain,2,92,trakt moguce,1,0.00510204081632653,0.8928571428571429,196
Effusion,uncertain,2,93,moguce u,1,0.00510204081632653,0.8979591836734694,196
Effusion,uncertain,2,94,u sklopu,1,0.00510204081632653,0.9030612244897959,196
Effusion,uncertain,2,95,sklopu sindroma,1,0.00510204081632653,0.9081632653061225,196
Effusion,uncertain,2,96,sindroma iliotibijalnog,1,0.00510204081632653,0.9132653061224489,196
Effusion,uncertain,2,97,iliotibijalnog trakta,1,0.00510204081632653,0.9183673469387755,196
Effusion,uncertain,2,98,gastrocnemius manji,1,0.00510204081632653,0.923469387755102,196
Effusion,uncertain,2,99,manji izljev,1,0.00510204081632653,0.9285714285714286,196
Effusion,uncertain,2,100,izljev moguce,1,0.00510204081632653,0.9336734693877551,196
Fracture,negative,1,1,fracture,964,0.13164003823569576,0.13164003823569576,7323
Fracture,negative,1,2,no,952,0.1300013655605626,0.2616414037962584,7323
Fracture,negative,1,3,or,784,0.10705994810869862,0.368701351904957,7323
Fracture,negative,1,4,bone,729,0.09954936501433839,0.4682507169192954,7323
Fracture,negative,1,5,acute,587,0.08015840502526288,0.5484091219445583,7323
Fracture,negative,1,6,bruise,515,0.07032636897446402,0.6187354909190222,7323
Fracture,negative,1,7,is,247,0.03372934589649051,0.6524648368155128,7323
Fracture,negative,1,8,contusion,209,0.028540215758568892,0.6810050525740816,7323
Fracture,negative,1,9,there,165,0.022531749283080705,0.7035368018571624,7323
Fracture,negative,1,10,fraktur,75,0.010241704219582138,0.7137785060767445,7323
Fracture,negative,1,11,osseous,70,0.009558923938276663,0.7233374300150212,7323
Fracture,negative,1,12,seen,69,0.009422367882015567,0.7327597978970367,7323
Fracture,negative,1,13,fractures,52,0.007100914925576949,0.7398607128226137,7323
Fracture,negative,1,14,marrow,45,0.0061450225317492835,0.746005735354363,7323
Fracture,negative,1,15,aucune,44,0.0060084664754881875,0.7520142018298511,7323
Fracture,negative,1,16,gross,44,0.0060084664754881875,0.7580226683053394,7323
Fracture,negative,1,17,kein,44,0.0060084664754881875,0.7640311347808275,7323
Fracture,negative,1,18,keine,40,0.005462242250443807,0.7694933770312713,7323
Fracture,negative,1,19,destruction,39,0.005325686194182712,0.774819063225454,7323
Fracture,negative,1,20,eine,29,0.00396012563157176,0.7787791888570258,7323
Fracture,negative,1,21,the,28,0.003823569575310665,0.7826027584323365,7323
Fracture,negative,1,22,edema,28,0.003823569575310665,0.7864263280076471,7323
Fracture,negative,1,23,hinweis,28,0.003823569575310665,0.7902498975829578,7323
Fracture,negative,1,24,auf,28,0.003823569575310665,0.7940734671582684,7323
Fracture,negative,1,25,oder,25,0.0034139014065273795,0.7974873685647959,7323
Fracture,negative,1,26,de,24,0.0032773453502662844,0.8007647139150621,7323
Fracture,negative,1,27,stress,23,0.0031407892940051893,0.8039055032090673,7323
Fracture,negative,1,28,constatations,22,0.0030042332377440938,0.8069097364468114,7323
Fracture,negative,1,29,lesion,22,0.0030042332377440938,0.8099139696845555,7323
Fracture,negative,1,30,infiltration,22,0.0030042332377440938,0.8129182029222995,7323
Fracture,negative,1,31,tibial,21,0.0028676771814829987,0.8157858801037826,7323
Fracture,negative,1,32,ein,21,0.0028676771814829987,0.8186535572852656,7323
Fracture,negative,1,33,frische,20,0.0027311211252219036,0.8213846784104875,7323
Fracture,negative,1,34,reaction,20,0.0027311211252219036,0.8241157995357095,7323
Fracture,negative,1,35,detected,18,0.0024580090126997134,0.8265738085484091,7323
Fracture,negative,1,36,за,16,0.0021848969001775228,0.8287587054485867,7323
Fracture,negative,1,37,фрактура,16,0.0021848969001775228,0.8309436023487642,7323
Fracture,negative,1,38,del,16,0.0021848969001775228,0.8331284992489417,7323
Fracture,negative,1,39,of,15,0.0020483408439164277,0.8351768400928581,7323
Fracture,negative,1,40,medial,15,0.0020483408439164277,0.8372251809367746,7323
Fracture,negative,1,41,данни,14,0.0019117847876553326,0.8391369657244299,7323
Fracture,negative,1,42,bones,14,0.0019117847876553326,0.8410487505120852,7323
Fracture,negative,1,43,without,13,0.0017752287313942373,0.8428239792434794,7323
Fracture,negative,1,44,subchondral,13,0.0017752287313942373,0.8445992079748736,7323
Fracture,negative,1,45,line,12,0.0016386726751331422,0.8462378806500068,7323
Fracture,negative,1,46,lateral,12,0.0016386726751331422,0.84787655332514,7323
Fracture,negative,1,47,y,11,0.0015021166188720469,0.849378669944012,7323
Fracture,negative,1,48,posterior,10,0.0013655605626109518,0.850744230506623,7323
Fracture,negative,1,49,няма,10,0.0013655605626109518,0.8521097910692339,7323
Fracture,negative,1,50,nachweis,10,0.0013655605626109518,0.8534753516318448,7323
Fracture,negative,1,51,mr,9,0.0012290045063498567,0.8547043561381947,7323
Fracture,negative,1,52,einer,9,0.0012290045063498567,0.8559333606445446,7323
Fracture,negative,1,53,pas,9,0.0012290045063498567,0.8571623651508944,7323
Fracture,negative,1,54,with,9,0.0012290045063498567,0.8583913696572443,7323
Fracture,negative,1,55,fractuur,9,0.0012290045063498567,0.8596203741635942,7323
Fracture,negative,1,56,articular,9,0.0012290045063498567,0.860849378669944,7323
Fracture,negative,1,57,femoral,9,0.0012290045063498567,0.8620783831762938,7323
Fracture,negative,1,58,condyle,8,0.0010924484500887614,0.8631708316263826,7323
Fracture,negative,1,59,discrete,8,0.0010924484500887614,0.8642632800764714,7323
Fracture,negative,1,60,a,8,0.0010924484500887614,0.8653557285265602,7323
Fracture,negative,1,61,niet,8,0.0010924484500887614,0.8664481769766489,7323
Fracture,negative,1,62,verplaatste,8,0.0010924484500887614,0.8675406254267377,7323
Fracture,negative,1,63,fracturas,8,0.0010924484500887614,0.8686330738768264,7323
Fracture,negative,1,64,frakturnachweis,7,0.0009558923938276663,0.8695889662706541,7323
Fracture,negative,1,65,костите,7,0.0009558923938276663,0.8705448586644817,7323
Fracture,negative,1,66,il,7,0.0009558923938276663,0.8715007510583095,7323
Fracture,negative,1,67,n,7,0.0009558923938276663,0.8724566434521371,7323
Fracture,negative,1,68,plateau,7,0.0009558923938276663,0.8734125358459648,7323
Fracture,negative,1,69,tibiaplateau,7,0.0009558923938276663,0.8743684282397924,7323
Fracture,negative,1,70,categoricas,7,0.0009558923938276663,0.8753243206336201,7323
Fracture,negative,1,71,findings,6,0.0008193363375665711,0.8761436569711867,7323
Fracture,negative,1,72,study,6,0.0008193363375665711,0.8769629933087533,7323
Fracture,negative,1,73,reveals,6,0.0008193363375665711,0.8777823296463199,7323
Fracture,negative,1,74,noted,6,0.0008193363375665711,0.8786016659838863,7323
Fracture,negative,1,75,aspect,6,0.0008193363375665711,0.8794210023214529,7323
Fracture,negative,1,76,at,6,0.0008193363375665711,0.8802403386590195,7323
Fracture,negative,1,77,kleine,6,0.0008193363375665711,0.8810596749965861,7323
Fracture,negative,1,78,het,6,0.0008193363375665711,0.8818790113341527,7323
Fracture,negative,1,79,met,6,0.0008193363375665711,0.8826983476717193,7323
Fracture,negative,1,80,t1,6,0.0008193363375665711,0.8835176840092858,7323
Fracture,negative,1,81,без,6,0.0008193363375665711,0.8843370203468524,7323
Fracture,negative,1,82,oseo,6,0.0008193363375665711,0.8851563566844189,7323
Fracture,negative,1,83,periferico,6,0.0008193363375665711,0.8859756930219855,7323
Fracture,negative,1,84,sin,6,0.0008193363375665711,0.8867950293595521,7323
Fracture,negative,1,85,bez,6,0.0008193363375665711,0.8876143656971187,7323
Fracture,negative,1,86,znakova,6,0.0008193363375665711,0.8884337020346852,7323
Fracture,negative,1,87,frakture,6,0.0008193363375665711,0.8892530383722518,7323
Fracture,negative,1,88,normal,6,0.0008193363375665711,0.8900723747098184,7323
Fracture,negative,1,89,van,6,0.0008193363375665711,0.890891711047385,7323
Fracture,negative,1,90,ou,6,0.0008193363375665711,0.8917110473849515,7323
Fracture,negative,1,91,con,6,0.0008193363375665711,0.8925303837225181,7323
Fracture,negative,1,92,structures,5,0.0006827802813054759,0.8932131640038236,7323
Fracture,negative,1,93,anterior,5,0.0006827802813054759,0.8938959442851291,7323
Fracture,negative,1,94,and,5,0.0006827802813054759,0.8945787245664345,7323
Fracture,negative,1,95,на,5,0.0006827802813054759,0.89526150484774,7323
Fracture,negative,1,96,формиращи,5,0.0006827802813054759,0.8959442851290454,7323
Fracture,negative,1,97,става,5,0.0006827802813054759,0.896627065410351,7323
Fracture,negative,1,98,cortical,5,0.0006827802813054759,0.8973098456916564,7323
Fracture,negative,1,99,stepping,5,0.0006827802813054759,0.8979926259729619,7323
Fracture,negative,1,100,insufficiency,5,0.0006827802813054759,0.8986754062542673,7323
Fracture,negative,2,1,fracture or,752,0.12188006482982172,0.12188006482982172,6170
Fracture,negative,2,2,or bone,685,0.11102106969205834,0.23290113452188008,6170
Fracture,negative,2,3,no acute,587,0.09513776337115074,0.3280388978930308,6170
Fracture,negative,2,4,acute fracture,587,0.09513776337115074,0.4231766612641815,6170
Fracture,negative,2,5,bone bruise,515,0.08346839546191248,0.5066450567260941,6170
Fracture,negative,2,6,no fracture,291,0.047163695299837924,0.5538087520259319,6170
Fracture,negative,2,7,bone contusion,198,0.032090761750405185,0.5858995137763371,6170
Fracture,negative,2,8,there is,165,0.02674230145867099,0.6126418152350082,6170
Fracture,negative,2,9,is no,164,0.026580226904376014,0.6392220421393842,6170
Fracture,negative,2,10,is seen,64,0.010372771474878443,0.6495948136142625,6170
Fracture,negative,2,11,or osseous,59,0.009562398703403566,0.6591572123176661,6170
Fracture,negative,2,12,fractures aucune,44,0.00713128038897893,0.666288492706645,6170
Fracture,negative,2,13,gross fracture,44,0.00713128038897893,0.673419773095624,6170
Fracture,negative,2,14,no gross,39,0.006320907617504052,0.679740680713128,6170
Fracture,negative,2,15,osseous destruction,39,0.006320907617504052,0.6860615883306321,6170
Fracture,negative,2,16,eine fraktur,29,0.004700162074554295,0.6907617504051864,6170
Fracture,negative,2,17,contusion is,28,0.00453808752025932,0.6952998379254457,6170
Fracture,negative,2,18,hinweis auf,28,0.00453808752025932,0.699837925445705,6170
Fracture,negative,2,19,kein hinweis,27,0.0043760129659643435,0.7042139384116693,6170
Fracture,negative,2,20,auf eine,27,0.0043760129659643435,0.7085899513776337,6170
Fracture,negative,2,21,fracture is,26,0.004213938411669368,0.7128038897893031,6170
Fracture,negative,2,22,constatations fractures,22,0.003565640194489465,0.7163695299837926,6170
Fracture,negative,2,23,osseous lesion,22,0.003565640194489465,0.719935170178282,6170
Fracture,negative,2,24,lesion is,22,0.003565640194489465,0.7235008103727715,6170
Fracture,negative,2,25,or marrow,22,0.003565640194489465,0.7270664505672609,6170
Fracture,negative,2,26,marrow infiltration,22,0.003565640194489465,0.7306320907617504,6170
Fracture,negative,2,27,fraktur oder,21,0.0034035656401944893,0.7340356564019449,6170
Fracture,negative,2,28,oder ein,21,0.0034035656401944893,0.7374392220421394,6170
Fracture,negative,2,29,ein bone,21,0.0034035656401944893,0.7408427876823339,6170
Fracture,negative,2,30,keine frische,20,0.0032414910858995136,0.7440842787682334,6170
Fracture,negative,2,31,frische fraktur,20,0.0032414910858995136,0.7473257698541329,6170
Fracture,negative,2,32,fracture stress,20,0.0032414910858995136,0.7505672609400325,6170
Fracture,negative,2,33,stress reaction,20,0.0032414910858995136,0.7538087520259319,6170
Fracture,negative,2,34,reaction or,20,0.0032414910858995136,0.7570502431118314,6170
Fracture,negative,2,35,keine fraktur,18,0.002917341977309562,0.759967585089141,6170
Fracture,negative,2,36,bone marrow,14,0.00226904376012966,0.7622366288492707,6170
Fracture,negative,2,37,marrow edema,14,0.00226904376012966,0.7645056726094003,6170
Fracture,negative,2,38,данни за,14,0.00226904376012966,0.76677471636953,6170
Fracture,negative,2,39,за фрактура,14,0.00226904376012966,0.7690437601296597,6170
Fracture,negative,2,40,is detected,12,0.0019448946515397082,0.7709886547811994,6170
Fracture,negative,2,41,fracture line,12,0.0019448946515397082,0.7729335494327391,6170
Fracture,negative,2,42,bones no,12,0.0019448946515397082,0.7748784440842788,6170
Fracture,negative,2,43,nachweis einer,9,0.001458670988654781,0.7763371150729336,6170
Fracture,negative,2,44,pas de,9,0.001458670988654781,0.7777957860615883,6170
Fracture,negative,2,45,marrow no,8,0.0012965964343598054,0.7790923824959481,6170
Fracture,negative,2,46,няма данни,8,0.0012965964343598054,0.7803889789303079,6170
Fracture,negative,2,47,kein nachweis,8,0.0012965964343598054,0.7816855753646678,6170
Fracture,negative,2,48,de fracture,8,0.0012965964343598054,0.7829821717990275,6170
Fracture,negative,2,49,niet verplaatste,8,0.0012965964343598054,0.7842787682333874,6170
Fracture,negative,2,50,verplaatste fractuur,8,0.0012965964343598054,0.7855753646677471,6170
Fracture,negative,2,51,il n,7,0.00113452188006483,0.786709886547812,6170
Fracture,negative,2,52,n y,7,0.00113452188006483,0.7878444084278768,6170
Fracture,negative,2,53,y a,7,0.00113452188006483,0.7889789303079416,6170
Fracture,negative,2,54,a pas,7,0.00113452188006483,0.7901134521880064,6170
Fracture,negative,2,55,tibial plateau,7,0.00113452188006483,0.7912479740680713,6170
Fracture,negative,2,56,fracturas categoricas,7,0.00113452188006483,0.7923824959481361,6170
Fracture,negative,2,57,or fracture,7,0.00113452188006483,0.7935170178282009,6170
Fracture,negative,2,58,the study,6,0.0009724473257698541,0.7944894651539708,6170
Fracture,negative,2,59,study reveals,6,0.0009724473257698541,0.7954619124797406,6170
Fracture,negative,2,60,of the,6,0.0009724473257698541,0.7964343598055106,6170
Fracture,negative,2,61,at the,6,0.0009724473257698541,0.7974068071312804,6170
Fracture,negative,2,62,edema oseo,6,0.0009724473257698541,0.7983792544570503,6170
Fracture,negative,2,63,oseo periferico,6,0.0009724473257698541,0.7993517017828201,6170
Fracture,negative,2,64,periferico del,6,0.0009724473257698541,0.80032414910859,6170
Fracture,negative,2,65,medial sin,6,0.0009724473257698541,0.8012965964343598,6170
Fracture,negative,2,66,edema or,6,0.0009724473257698541,0.8022690437601296,6170
Fracture,negative,2,67,bez znakova,6,0.0009724473257698541,0.8032414910858995,6170
Fracture,negative,2,68,znakova frakture,6,0.0009724473257698541,0.8042139384116693,6170
Fracture,negative,2,69,lateral femoral,6,0.0009724473257698541,0.8051863857374392,6170
Fracture,negative,2,70,femoral condyle,6,0.0009724473257698541,0.8061588330632091,6170
Fracture,negative,2,71,osseous structures,5,0.0008103727714748784,0.8069692058346839,6170
Fracture,negative,2,72,discrete fracture,5,0.0008103727714748784,0.8077795786061588,6170
Fracture,negative,2,73,фрактура на,5,0.0008103727714748784,0.8085899513776337,6170
Fracture,negative,2,74,костите формиращи,5,0.0008103727714748784,0.8094003241491086,6170
Fracture,negative,2,75,no cortical,5,0.0008103727714748784,0.8102106969205835,6170
Fracture,negative,2,76,cortical stepping,5,0.0008103727714748784,0.8110210696920583,6170
Fracture,negative,2,77,stepping gross,5,0.0008103727714748784,0.8118314424635332,6170
Fracture,negative,2,78,fracture seen,5,0.0008103727714748784,0.8126418152350081,6170
Fracture,negative,2,79,subchondral marrow,5,0.0008103727714748784,0.813452188006483,6170
Fracture,negative,2,80,plateau without,5,0.0008103727714748784,0.8142625607779579,6170
Fracture,negative,2,81,t1 hypo,5,0.0008103727714748784,0.8150729335494328,6170
Fracture,negative,2,82,sin fracturas,5,0.0008103727714748784,0.8158833063209077,6170
Fracture,negative,2,83,mr morphologisch,5,0.0008103727714748784,0.8166936790923824,6170
Fracture,negative,2,84,morphologisch kein,5,0.0008103727714748784,0.8175040518638573,6170
Fracture,negative,2,85,structures no,4,0.0006482982171799027,0.8181523500810373,6170
Fracture,negative,2,86,reveals anterior,4,0.0006482982171799027,0.8188006482982172,6170
Fracture,negative,2,87,anterior tibial,4,0.0006482982171799027,0.8194489465153971,6170
Fracture,negative,2,88,tibial translation,4,0.0006482982171799027,0.820097244732577,6170
Fracture,negative,2,89,translation no,4,0.0006482982171799027,0.8207455429497569,6170
Fracture,negative,2,90,fracture detected,4,0.0006482982171799027,0.8213938411669368,6170
Fracture,negative,2,91,is noted,4,0.0006482982171799027,0.8220421393841167,6170
Fracture,negative,2,92,the medial,4,0.0006482982171799027,0.8226904376012966,6170
Fracture,negative,2,93,no discrete,4,0.0006482982171799027,0.8233387358184765,6170
Fracture,negative,2,94,einer fraktur,4,0.0006482982171799027,0.8239870340356564,6170
Fracture,negative,2,95,without discrete,4,0.0006482982171799027,0.8246353322528363,6170
Fracture,negative,2,96,kleine niet,4,0.0006482982171799027,0.8252836304700162,6170
Fracture,negative,2,97,laterale tibiaplateau,4,0.0006482982171799027,0.8259319286871961,6170
Fracture,negative,2,98,без данни,4,0.0006482982171799027,0.826580226904376,6170
Fracture,negative,2,99,del platillo,4,0.0006482982171799027,0.8272285251215559,6170
Fracture,negative,2,100,platillo tibial,4,0.0006482982171799027,0.8278768233387358,6170
Fracture,positive,1,1,fracture,172,0.024826789838337183,0.024826789838337183,6928
Fracture,positive,1,2,tibial,159,0.022950346420323325,0.04777713625866051,6928
Fracture,positive,1,3,of,154,0.022228637413394918,0.07000577367205543,6928
Fracture,positive,1,4,lateral,141,0.020352193995381063,0.09035796766743649,6928
Fracture,positive,1,5,medial,135,0.019486143187066974,0.10984411085450346,6928
Fracture,positive,1,6,de,122,0.01760969976905312,0.12745381062355657,6928
Fracture,positive,1,7,edema,119,0.017176674364896075,0.14463048498845266,6928
Fracture,positive,1,8,the,109,0.01573325635103926,0.1603637413394919,6928
Fracture,positive,1,9,femoral,109,0.01573325635103926,0.17609699769053117,6928
Fracture,positive,1,10,del,93,0.01342378752886836,0.18952078521939955,6928
Fracture,positive,1,11,with,84,0.01212471131639723,0.20164549653579678,6928
Fracture,positive,1,12,plateau,76,0.010969976905311778,0.21261547344110854,6928
Fracture,positive,1,13,bone,65,0.009382217090069284,0.22199769053117782,6928
Fracture,positive,1,14,fractura,65,0.009382217090069284,0.2313799076212471,6928
Fracture,positive,1,15,and,64,0.009237875288683603,0.24061778290993072,6928
Fracture,positive,1,16,con,64,0.009237875288683603,0.24985565819861433,6928
Fracture,positive,1,17,subchondral,63,0.009093533487297922,0.25894919168591224,6928
Fracture,positive,1,18,condyle,61,0.00880484988452656,0.2677540415704388,6928
Fracture,positive,1,19,y,59,0.008516166281755196,0.27627020785219397,6928
Fracture,positive,1,20,at,57,0.008227482678983834,0.28449769053117785,6928
Fracture,positive,1,21,la,56,0.008083140877598153,0.292580831408776,6928
Fracture,positive,1,22,oseo,55,0.007938799076212472,0.3005196304849885,6928
Fracture,positive,1,23,marrow,49,0.007072748267898383,0.30759237875288686,6928
Fracture,positive,1,24,posterior,48,0.006928406466512702,0.3145207852193995,6928
Fracture,positive,1,25,a,48,0.006928406466512702,0.32144919168591224,6928
Fracture,positive,1,26,του,47,0.0067840646651270205,0.3282332563510393,6928
Fracture,positive,1,27,εσω,43,0.006206697459584296,0.3344399538106236,6928
Fracture,positive,1,28,на,43,0.006206697459584296,0.3406466512702079,6928
Fracture,positive,1,29,condilo,42,0.006062355658198615,0.34670900692840645,6928
Fracture,positive,1,30,και,39,0.005629330254041571,0.35233833718244806,6928
Fracture,positive,1,31,της,37,0.005340646651270208,0.35767898383371827,6928
Fracture,positive,1,32,platillo,37,0.005340646651270208,0.3630196304849885,6928
Fracture,positive,1,33,contusion,35,0.005051963048498845,0.3680715935334873,6928
Fracture,positive,1,34,subcortical,34,0.004907621247113164,0.3729792147806005,6928
Fracture,positive,1,35,en,31,0.00447459584295612,0.3774538106235566,6928
Fracture,positive,1,36,με,30,0.0043302540415704385,0.38178406466512704,6928
Fracture,positive,1,37,fracturas,30,0.0043302540415704385,0.38611431870669743,6928
Fracture,positive,1,38,καταγμα,29,0.0041859122401847575,0.3903002309468822,6928
Fracture,positive,1,39,anterior,28,0.0040415704387990765,0.3943418013856813,6928
Fracture,positive,1,40,in,27,0.003897228637413395,0.3982390300230947,6928
Fracture,positive,1,41,tibia,26,0.0037528868360277136,0.4019919168591224,6928
Fracture,positive,1,42,ανεπαρκειας,26,0.0037528868360277136,0.4057448036951501,6928
Fracture,positive,1,43,impaction,26,0.0037528868360277136,0.40949769053117785,6928
Fracture,positive,1,44,is,25,0.003608545034642032,0.4131062355658199,6928
Fracture,positive,1,45,ve,24,0.003464203233256351,0.41657043879907624,6928
Fracture,positive,1,46,εξω,24,0.003464203233256351,0.42003464203233254,6928
Fracture,positive,1,47,proximal,23,0.0033198614318706698,0.4233545034642032,6928
Fracture,positive,1,48,οιδημα,23,0.0033198614318706698,0.4266743648960739,6928
Fracture,positive,1,49,ευρηματα,22,0.0031755196304849883,0.42984988452655887,6928
Fracture,positive,1,50,στην,22,0.0031755196304849883,0.4330254041570439,6928
Fracture,positive,1,51,данни,22,0.0031755196304849883,0.4362009237875289,6928
Fracture,positive,1,52,за,22,0.0031755196304849883,0.43937644341801385,6928
Fracture,positive,1,53,aspecto,22,0.0031755196304849883,0.44255196304849886,6928
Fracture,positive,1,54,there,22,0.0031755196304849883,0.4457274826789838,6928
Fracture,positive,1,55,periferico,22,0.0031755196304849883,0.44890300230946883,6928
Fracture,positive,1,56,aspect,21,0.0030311778290993074,0.4519341801385681,6928
Fracture,positive,1,57,associated,21,0.0030311778290993074,0.45496535796766746,6928
Fracture,positive,1,58,фрактура,21,0.0030311778290993074,0.45799653579676675,6928
Fracture,positive,1,59,мр,21,0.0030311778290993074,0.46102771362586603,6928
Fracture,positive,1,60,insufficiency,21,0.0030311778290993074,0.46405889145496537,6928
Fracture,positive,1,61,articular,19,0.0027424942263279445,0.4668013856812933,6928
Fracture,positive,1,62,asociado,19,0.0027424942263279445,0.46954387990762125,6928
Fracture,positive,1,63,pequena,19,0.0027424942263279445,0.4722863741339492,6928
Fracture,positive,1,64,kemik,19,0.0027424942263279445,0.47502886836027713,6928
Fracture,positive,1,65,meseta,19,0.0027424942263279445,0.4777713625866051,6928
Fracture,positive,1,66,fraktur,19,0.0027424942263279445,0.480513856812933,6928
Fracture,positive,1,67,patella,18,0.002598152424942263,0.4831120092378753,6928
Fracture,positive,1,68,1,18,0.002598152424942263,0.48571016166281755,6928
Fracture,positive,1,69,osteochondral,16,0.0023094688221709007,0.4880196304849885,6928
Fracture,positive,1,70,в,16,0.0023094688221709007,0.49032909930715934,6928
Fracture,positive,1,71,σε,16,0.0023094688221709007,0.49263856812933027,6928
Fracture,positive,1,72,stress,16,0.0023094688221709007,0.49494803695150114,6928
Fracture,positive,1,73,οστεομυελικο,16,0.0023094688221709007,0.49725750577367206,6928
Fracture,positive,1,74,κονδυλου,16,0.0023094688221709007,0.499566974595843,6928
Fracture,positive,1,75,avulsion,15,0.0021651270207852192,0.5017321016166282,6928
Fracture,positive,1,76,femur,15,0.0021651270207852192,0.5038972286374134,6928
Fracture,positive,1,77,el,15,0.0021651270207852192,0.5060623556581986,6928
Fracture,positive,1,78,regional,15,0.0021651270207852192,0.5082274826789839,6928
Fracture,positive,1,79,osea,15,0.0021651270207852192,0.5103926096997691,6928
Fracture,positive,1,80,subcorticales,15,0.0021651270207852192,0.5125577367205543,6928
Fracture,positive,1,81,zona,15,0.0021651270207852192,0.5147228637413395,6928
Fracture,positive,1,82,carga,15,0.0021651270207852192,0.5168879907621247,6928
Fracture,positive,1,83,se,15,0.0021651270207852192,0.51905311778291,6928
Fracture,positive,1,84,komsu,15,0.0021651270207852192,0.5212182448036952,6928
Fracture,positive,1,85,patellar,14,0.0020207852193995382,0.5232390300230947,6928
Fracture,positive,1,86,about,14,0.0020207852193995382,0.5252598152424942,6928
Fracture,positive,1,87,μικροδοκιδωδες,14,0.0020207852193995382,0.5272806004618937,6928
Fracture,positive,1,88,r,14,0.0020207852193995382,0.5293013856812933,6928
Fracture,positive,1,89,o,14,0.0020207852193995382,0.5313221709006929,6928
Fracture,positive,1,90,καταγματος,14,0.0020207852193995382,0.5333429561200924,6928
Fracture,positive,1,91,παρατηρειται,14,0.0020207852193995382,0.5353637413394919,6928
Fracture,positive,1,92,regionales,14,0.0020207852193995382,0.5373845265588915,6928
Fracture,positive,1,93,κονδυλο,14,0.0020207852193995382,0.539405311778291,6928
Fracture,positive,1,94,impresion,14,0.0020207852193995382,0.5414260969976905,6928
Fracture,positive,1,95,mm,13,0.0018764434180138568,0.5433025404157044,6928
Fracture,positive,1,96,region,13,0.0018764434180138568,0.5451789838337182,6928
Fracture,positive,1,97,las,13,0.0018764434180138568,0.5470554272517321,6928
Fracture,positive,1,98,partes,13,0.0018764434180138568,0.5489318706697459,6928
Fracture,positive,1,99,blandas,13,0.0018764434180138568,0.5508083140877598,6928
Fracture,positive,1,100,resultados,13,0.0018764434180138568,0.5526847575057737,6928
Fracture,positive,2,1,tibial plateau,66,0.010099464422341239,0.010099464422341239,6535
Fracture,positive,2,2,fracture of,59,0.0090283091048202,0.019127773527161437,6535
Fracture,positive,2,3,femoral condyle,58,0.008875286916602908,0.028003060443764344,6535
Fracture,positive,2,4,edema oseo,54,0.008263198163733741,0.03626625860749809,6535
Fracture,positive,2,5,of the,48,0.007345065034429992,0.04361132364192808,6535
Fracture,positive,2,6,condilo femoral,42,0.006426931905126243,0.05003825554705432,6535
Fracture,positive,2,7,marrow edema,41,0.006273909716908952,0.05631216526396327,6535
Fracture,positive,2,8,the medial,40,0.00612088752869166,0.06243305279265494,6535
Fracture,positive,2,9,lateral femoral,39,0.0059678653404743685,0.0684009181331293,6535
Fracture,positive,2,10,bone marrow,36,0.0055087987758224944,0.0739097169089518,6535
Fracture,positive,2,11,platillo tibial,36,0.0055087987758224944,0.07941851568477429,6535
Fracture,positive,2,12,del condilo,36,0.0055087987758224944,0.08492731446059679,6535
Fracture,positive,2,13,de la,35,0.005355776587605203,0.090283091048202,6535
Fracture,positive,2,14,tibial lateral,33,0.0050497322111706195,0.0953328232593726,6535
Fracture,positive,2,15,fractura subcortical,32,0.004896710022953328,0.10022953328232594,6535
Fracture,positive,2,16,fracture at,28,0.004284621270084162,0.1045141545524101,6535
Fracture,positive,2,17,lateral tibial,24,0.003672532517214996,0.1081866870696251,6535
Fracture,positive,2,18,at the,24,0.003672532517214996,0.11185921958684009,6535
Fracture,positive,2,19,subchondral fracture,23,0.0035195103289977045,0.1153787299158378,6535
Fracture,positive,2,20,данни за,22,0.0033664881407804133,0.11874521805661821,6535
Fracture,positive,2,21,medial tibial,22,0.0033664881407804133,0.12211170619739863,6535
Fracture,positive,2,22,femoral medial,22,0.0033664881407804133,0.12547819433817903,6535
Fracture,positive,2,23,medial femoral,21,0.0032134659525631217,0.12869166029074217,6535
Fracture,positive,2,24,tibial medial,21,0.0032134659525631217,0.13190512624330528,6535
Fracture,positive,2,25,femoral lateral,21,0.0032134659525631217,0.13511859219586841,6535
Fracture,positive,2,26,the lateral,20,0.00306044376434583,0.13817903596021422,6535
Fracture,positive,2,27,del platillo,20,0.00306044376434583,0.14123947972456005,6535
Fracture,positive,2,28,aspecto posterior,20,0.00306044376434583,0.14429992348890588,6535
Fracture,positive,2,29,posterior de,20,0.00306044376434583,0.14736036725325172,6535
Fracture,positive,2,30,there is,20,0.00306044376434583,0.15042081101759755,6535
Fracture,positive,2,31,aspect of,19,0.002907421576128539,0.15332823259372608,6535
Fracture,positive,2,32,pequena fractura,19,0.002907421576128539,0.15623565416985463,6535
Fracture,positive,2,33,la meseta,19,0.002907421576128539,0.15914307574598316,6535
Fracture,positive,2,34,meseta tibial,19,0.002907421576128539,0.16205049732211171,6535
Fracture,positive,2,35,bone contusion,18,0.0027543993879112472,0.16480489671002296,6535
Fracture,positive,2,36,of lateral,18,0.0027543993879112472,0.1675592960979342,6535
Fracture,positive,2,37,del aspecto,18,0.0027543993879112472,0.17031369548584543,6535
Fracture,positive,2,38,plateau with,18,0.0027543993879112472,0.17306809487375668,6535
Fracture,positive,2,39,medial con,18,0.0027543993879112472,0.17582249426166793,6535
Fracture,positive,2,40,insufficiency fracture,18,0.0027543993879112472,0.17857689364957918,6535
Fracture,positive,2,41,periferico del,17,0.0026013771996939556,0.18117827084927315,6535
Fracture,positive,2,42,subchondral insufficiency,17,0.0026013771996939556,0.1837796480489671,6535
Fracture,positive,2,43,oseo periferico,17,0.0026013771996939556,0.18638102524866107,6535
Fracture,positive,2,44,мр данни,16,0.002448355011476664,0.1888293802601377,6535
Fracture,positive,2,45,οστεομυελικο οιδημα,16,0.002448355011476664,0.19127773527161437,6535
Fracture,positive,2,46,asociado a,15,0.0022953328232593728,0.19357306809487376,6535
Fracture,positive,2,47,en la,15,0.0022953328232593728,0.19586840091813312,6535
Fracture,positive,2,48,impaction fracture,15,0.0022953328232593728,0.1981637337413925,6535
Fracture,positive,2,49,fracturas subcorticales,15,0.0022953328232593728,0.20045906656465187,6535
Fracture,positive,2,50,zona de,15,0.0022953328232593728,0.20275439938791126,6535
Fracture,positive,2,51,de carga,15,0.0022953328232593728,0.20504973221117062,6535
Fracture,positive,2,52,de platillo,15,0.0022953328232593728,0.20734506503442998,6535
Fracture,positive,2,53,lateral con,15,0.0022953328232593728,0.20964039785768937,6535
Fracture,positive,2,54,μικροδοκιδωδες καταγμα,14,0.002142310635042081,0.21178270849273145,6535
Fracture,positive,2,55,r o,14,0.002142310635042081,0.21392501912777354,6535
Fracture,positive,2,56,lateral y,14,0.002142310635042081,0.21606732976281562,6535
Fracture,positive,2,57,of medial,13,0.0019892884468247895,0.2180566182096404,6535
Fracture,positive,2,58,stress fracture,13,0.0019892884468247895,0.2200459066564652,6535
Fracture,positive,2,59,edema las,13,0.0019892884468247895,0.22203519510328998,6535
Fracture,positive,2,60,las partes,13,0.0019892884468247895,0.22402448355011476,6535
Fracture,positive,2,61,partes blandas,13,0.0019892884468247895,0.22601377199693956,6535
Fracture,positive,2,62,fraktur ve,13,0.0019892884468247895,0.22800306044376434,6535
Fracture,positive,2,63,ve komsu,13,0.0019892884468247895,0.22999234889058914,6535
Fracture,positive,2,64,avulsion fracture,12,0.001836266258607498,0.23182861514919664,6535
Fracture,positive,2,65,proximal tibia,12,0.001836266258607498,0.23366488140780414,6535
Fracture,positive,2,66,καταγμα ανεπαρκειας,12,0.001836266258607498,0.23550114766641164,6535
Fracture,positive,2,67,subcortical regional,12,0.001836266258607498,0.23733741392501911,6535
Fracture,positive,2,68,του εσω,12,0.001836266258607498,0.2391736801836266,6535
Fracture,positive,2,69,komsu kemik,12,0.001836266258607498,0.2410099464422341,6535
Fracture,positive,2,70,fracture with,11,0.0016832440703902067,0.24269319051262433,6535
Fracture,positive,2,71,plateau fracture,11,0.0016832440703902067,0.24437643458301453,6535
Fracture,positive,2,72,with bone,11,0.0016832440703902067,0.24605967865340475,6535
Fracture,positive,2,73,заключение мр,11,0.0016832440703902067,0.24774292272379494,6535
Fracture,positive,2,74,fracturas trabeculares,11,0.0016832440703902067,0.24942616679418517,6535
Fracture,positive,2,75,condyle with,11,0.0016832440703902067,0.2511094108645754,6535
Fracture,positive,2,76,a edema,11,0.0016832440703902067,0.25279265493496555,6535
Fracture,positive,2,77,osteochondral fracture,10,0.001530221882172915,0.2543228768171385,6535
Fracture,positive,2,78,in favor,10,0.001530221882172915,0.2558530986993114,6535
Fracture,positive,2,79,favor of,10,0.001530221882172915,0.25738332058148433,6535
Fracture,positive,2,80,фрактура на,10,0.001530221882172915,0.2589135424636572,6535
Fracture,positive,2,81,con pequena,10,0.001530221882172915,0.26044376434583016,6535
Fracture,positive,2,82,contusion osea,10,0.001530221882172915,0.26197398622800305,6535
Fracture,positive,2,83,με συνοδο,10,0.001530221882172915,0.263504208110176,6535
Fracture,positive,2,84,with associated,10,0.001530221882172915,0.2650344299923489,6535
Fracture,positive,2,85,la zona,10,0.001530221882172915,0.26656465187452183,6535
Fracture,positive,2,86,of right,10,0.001530221882172915,0.2680948737566947,6535
Fracture,positive,2,87,condyle and,10,0.001530221882172915,0.26962509563886766,6535
Fracture,positive,2,88,subartikuler fraktur,10,0.001530221882172915,0.27115531752104055,6535
Fracture,positive,2,89,kemik iligi,10,0.001530221882172915,0.27268553940321344,6535
Fracture,positive,2,90,iligi odemi,10,0.001530221882172915,0.2742157612853864,6535
Fracture,positive,2,91,osea con,10,0.001530221882172915,0.27574598316755927,6535
Fracture,positive,2,92,oseo con,10,0.001530221882172915,0.2772762050497322,6535
Fracture,positive,2,93,con fracturas,10,0.001530221882172915,0.2788064269319051,6535
Fracture,positive,2,94,at lateral,9,0.0013771996939556236,0.28018362662586077,6535
Fracture,positive,2,95,la region,9,0.0013771996939556236,0.2815608263198164,6535
Fracture,positive,2,96,con fractura,9,0.0013771996939556236,0.282938026013772,6535
Fracture,positive,2,97,con edema,9,0.0013771996939556236,0.2843152257077276,6535
Fracture,positive,2,98,blandas regionales,9,0.0013771996939556236,0.28569242540168327,6535
Fracture,positive,2,99,impresion fractura,9,0.0013771996939556236,0.2870696250956389,6535
Fracture,positive,2,100,con imagen,9,0.0013771996939556236,0.2884468247895945,6535
Fracture,uncertain,1,1,fracture,37,0.05666156202143951,0.05666156202143951,653
Fracture,uncertain,1,2,the,23,0.03522205206738132,0.09188361408882083,653
Fracture,uncertain,1,3,no,20,0.030627871362940276,0.1225114854517611,653
Fracture,uncertain,1,4,definite,19,0.02909647779479326,0.15160796324655437,653
Fracture,uncertain,1,5,lateral,17,0.026033690658499236,0.1776416539050536,653
Fracture,uncertain,1,6,line,17,0.026033690658499236,0.20367534456355282,653
Fracture,uncertain,1,7,study,14,0.021439509954058193,0.225114854517611,653
Fracture,uncertain,1,8,reveals,14,0.021439509954058193,0.24655436447166923,653
Fracture,uncertain,1,9,knee,13,0.019908116385911178,0.2664624808575804,653
Fracture,uncertain,1,10,tibial,13,0.019908116385911178,0.28637059724349156,653
Fracture,uncertain,1,11,bone,12,0.018376722817764167,0.30474732006125577,653
Fracture,uncertain,1,12,joint,12,0.018376722817764167,0.3231240428790199,653
Fracture,uncertain,1,13,normal,11,0.016845329249617153,0.33996937212863704,653
Fracture,uncertain,1,14,alignment,11,0.016845329249617153,0.3568147013782542,653
Fracture,uncertain,1,15,noted,10,0.015313935681470138,0.3721286370597244,653
Fracture,uncertain,1,16,femoral,8,0.01225114854517611,0.38437978560490044,653
Fracture,uncertain,1,17,condyle,8,0.01225114854517611,0.39663093415007655,653
Fracture,uncertain,1,18,is,8,0.01225114854517611,0.40888208269525267,653
Fracture,uncertain,1,19,patellar,7,0.010719754977029096,0.41960183767228176,653
Fracture,uncertain,1,20,of,7,0.010719754977029096,0.43032159264931086,653
Fracture,uncertain,1,21,with,7,0.010719754977029096,0.44104134762633995,653
Fracture,uncertain,1,22,medial,7,0.010719754977029096,0.45176110260336905,653
Fracture,uncertain,1,23,plateau,6,0.009188361408882083,0.4609494640122512,653
Fracture,uncertain,1,24,probable,6,0.009188361408882083,0.47013782542113325,653
Fracture,uncertain,1,25,contusion,6,0.009188361408882083,0.4793261868300153,653
Fracture,uncertain,1,26,edema,6,0.009188361408882083,0.4885145482388974,653
Fracture,uncertain,1,27,del,6,0.009188361408882083,0.49770290964777947,653
Fracture,uncertain,1,28,at,5,0.007656967840735069,0.5053598774885145,653
Fracture,uncertain,1,29,posterior,5,0.007656967840735069,0.5130168453292496,653
Fracture,uncertain,1,30,or,5,0.007656967840735069,0.5206738131699847,653
Fracture,uncertain,1,31,suspect,5,0.007656967840735069,0.5283307810107197,653
Fracture,uncertain,1,32,detected,5,0.007656967840735069,0.5359877488514548,653
Fracture,uncertain,1,33,and,4,0.006125574272588055,0.5421133231240429,653
Fracture,uncertain,1,34,fractura,4,0.006125574272588055,0.5482388973966309,653
Fracture,uncertain,1,35,osteochondral,4,0.006125574272588055,0.554364471669219,653
Fracture,uncertain,1,36,suspicious,3,0.004594180704441042,0.55895865237366,653
Fracture,uncertain,1,37,along,3,0.004594180704441042,0.5635528330781011,653
Fracture,uncertain,1,38,suspected,3,0.004594180704441042,0.5681470137825421,653
Fracture,uncertain,1,39,patella,3,0.004594180704441042,0.5727411944869831,653
Fracture,uncertain,1,40,possible,3,0.004594180704441042,0.5773353751914242,653
Fracture,uncertain,1,41,minimal,3,0.004594180704441042,0.5819295558958653,653
Fracture,uncertain,1,42,lesion,3,0.004594180704441042,0.5865237366003063,653
Fracture,uncertain,1,43,oseo,3,0.004594180704441042,0.5911179173047473,653
Fracture,uncertain,1,44,platillo,3,0.004594180704441042,0.5957120980091883,653
Fracture,uncertain,1,45,subcortical,3,0.004594180704441042,0.6003062787136294,653
Fracture,uncertain,1,46,platosunda,3,0.004594180704441042,0.6049004594180705,653
Fracture,uncertain,1,47,serilerde,3,0.004594180704441042,0.6094946401225115,653
Fracture,uncertain,1,48,hipointens,3,0.004594180704441042,0.6140888208269525,653
Fracture,uncertain,1,49,supheli,3,0.004594180704441042,0.6186830015313936,653
Fracture,uncertain,1,50,kemik,3,0.004594180704441042,0.6232771822358346,653
Fracture,uncertain,1,51,iligi,3,0.004594180704441042,0.6278713629402757,653
Fracture,uncertain,1,52,odemi,3,0.004594180704441042,0.6324655436447167,653
Fracture,uncertain,1,53,dikkati,3,0.004594180704441042,0.6370597243491577,653
Fracture,uncertain,1,54,anterior,3,0.004594180704441042,0.6416539050535988,653
Fracture,uncertain,1,55,translation,3,0.004594180704441042,0.6462480857580398,653
Fracture,uncertain,1,56,for,2,0.0030627871362940277,0.6493108728943339,653
Fracture,uncertain,1,57,impaction,2,0.0030627871362940277,0.6523736600306279,653
Fracture,uncertain,1,58,aspect,2,0.0030627871362940277,0.655436447166922,653
Fracture,uncertain,1,59,impression,2,0.0030627871362940277,0.6584992343032159,653
Fracture,uncertain,1,60,involving,2,0.0030627871362940277,0.6615620214395099,653
Fracture,uncertain,1,61,without,2,0.0030627871362940277,0.664624808575804,653
Fracture,uncertain,1,62,right,2,0.0030627871362940277,0.667687595712098,653
Fracture,uncertain,1,63,likely,2,0.0030627871362940277,0.6707503828483921,653
Fracture,uncertain,1,64,mild,2,0.0030627871362940277,0.6738131699846861,653
Fracture,uncertain,1,65,occult,2,0.0030627871362940277,0.6768759571209801,653
Fracture,uncertain,1,66,insufficiency,2,0.0030627871362940277,0.6799387442572741,653
Fracture,uncertain,1,67,aspecto,2,0.0030627871362940277,0.6830015313935681,653
Fracture,uncertain,1,68,con,2,0.0030627871362940277,0.6860643185298622,653
Fracture,uncertain,1,69,de,2,0.0030627871362940277,0.6891271056661562,653
Fracture,uncertain,1,70,marrow,2,0.0030627871362940277,0.6921898928024502,653
Fracture,uncertain,1,71,tibia,2,0.0030627871362940277,0.6952526799387443,653
Fracture,uncertain,1,72,ve,2,0.0030627871362940277,0.6983154670750383,653
Fracture,uncertain,1,73,t2a,2,0.0030627871362940277,0.7013782542113323,653
Fracture,uncertain,1,74,fraktur,2,0.0030627871362940277,0.7044410413476263,653
Fracture,uncertain,1,75,subchondral,2,0.0030627871362940277,0.7075038284839203,653
Fracture,uncertain,1,76,nondisplaced,2,0.0030627871362940277,0.7105666156202144,653
Fracture,uncertain,1,77,acisindan,2,0.0030627871362940277,0.7136294027565084,653
Fracture,uncertain,1,78,lineer,2,0.0030627871362940277,0.7166921898928025,653
Fracture,uncertain,1,79,s,2,0.0030627871362940277,0.7197549770290965,653
Fracture,uncertain,1,80,1,2,0.0030627871362940277,0.7228177641653905,653
Fracture,uncertain,1,81,avulsion,2,0.0030627871362940277,0.7258805513016845,653
Fracture,uncertain,1,82,retinaculum,2,0.0030627871362940277,0.7289433384379785,653
Fracture,uncertain,1,83,srs,2,0.0030627871362940277,0.7320061255742726,653
Fracture,uncertain,1,84,img,2,0.0030627871362940277,0.7350689127105666,653
Fracture,uncertain,1,85,id,2,0.0030627871362940277,0.7381316998468607,653
Fracture,uncertain,1,86,9,2,0.0030627871362940277,0.7411944869831547,653
Fracture,uncertain,1,87,bruise,2,0.0030627871362940277,0.7442572741194488,653
Fracture,uncertain,1,88,subtle,2,0.0030627871362940277,0.7473200612557427,653
Fracture,uncertain,1,89,arrowed,2,0.0030627871362940277,0.7503828483920367,653
Fracture,uncertain,1,90,geassocieerd,1,0.0015313935681470138,0.7519142419601837,653
Fracture,uncertain,1,91,botoedeem,1,0.0015313935681470138,0.7534456355283308,653
Fracture,uncertain,1,92,posterieure,1,0.0015313935681470138,0.7549770290964778,653
Fracture,uncertain,1,93,aflijning,1,0.0015313935681470138,0.7565084226646248,653
Fracture,uncertain,1,94,tibiaplateau,1,0.0015313935681470138,0.7580398162327718,653
Fracture,uncertain,1,95,mediaal,1,0.0015313935681470138,0.7595712098009189,653
Fracture,uncertain,1,96,aldaar,1,0.0015313935681470138,0.7611026033690659,653
Fracture,uncertain,1,97,vermoeden,1,0.0015313935681470138,0.7626339969372129,653
Fracture,uncertain,1,98,van,1,0.0015313935681470138,0.7641653905053599,653
Fracture,uncertain,1,99,een,1,0.0015313935681470138,0.7656967840735069,653
Fracture,uncertain,1,100,kleine,1,0.0015313935681470138,0.7672281776416539,653
Fracture,uncertain,2,1,no definite,19,0.03140495867768595,0.03140495867768595,605
Fracture,uncertain,2,2,definite fracture,17,0.02809917355371901,0.05950413223140496,605
Fracture,uncertain,2,3,fracture line,17,0.02809917355371901,0.08760330578512397,605
Fracture,uncertain,2,4,the study,14,0.023140495867768594,0.11074380165289256,605
Fracture,uncertain,2,5,study reveals,14,0.023140495867768594,0.13388429752066117,605
Fracture,uncertain,2,6,normal knee,11,0.01818181818181818,0.15206611570247933,605
Fracture,uncertain,2,7,knee joint,11,0.01818181818181818,0.17024793388429751,605
Fracture,uncertain,2,8,joint alignment,11,0.01818181818181818,0.1884297520661157,605
Fracture,uncertain,2,9,alignment no,11,0.01818181818181818,0.2066115702479339,605
Fracture,uncertain,2,10,reveals normal,10,0.01652892561983471,0.2231404958677686,605
Fracture,uncertain,2,11,femoral condyle,8,0.013223140495867768,0.23636363636363636,605
Fracture,uncertain,2,12,tibial plateau,6,0.009917355371900827,0.2462809917355372,605
Fracture,uncertain,2,13,lateral femoral,6,0.009917355371900827,0.256198347107438,605
Fracture,uncertain,2,14,line noted,5,0.008264462809917356,0.2644628099173554,605
Fracture,uncertain,2,15,lateral tibial,5,0.008264462809917356,0.2727272727272727,605
Fracture,uncertain,2,16,bone contusion,5,0.008264462809917356,0.2809917355371901,605
Fracture,uncertain,2,17,of the,4,0.006611570247933884,0.28760330578512394,605
Fracture,uncertain,2,18,or bone,4,0.006611570247933884,0.29421487603305785,605
Fracture,uncertain,2,19,is noted,4,0.006611570247933884,0.30082644628099175,605
Fracture,uncertain,2,20,fracture at,3,0.0049586776859504135,0.30578512396694213,605
Fracture,uncertain,2,21,and lateral,3,0.0049586776859504135,0.31074380165289256,605
Fracture,uncertain,2,22,fracture or,3,0.0049586776859504135,0.315702479338843,605
Fracture,uncertain,2,23,edema oseo,3,0.0049586776859504135,0.32066115702479336,605
Fracture,uncertain,2,24,del platillo,3,0.0049586776859504135,0.3256198347107438,605
Fracture,uncertain,2,25,platillo tibial,3,0.0049586776859504135,0.3305785123966942,605
Fracture,uncertain,2,26,probable fractura,3,0.0049586776859504135,0.33553719008264465,605
Fracture,uncertain,2,27,fractura subcortical,3,0.0049586776859504135,0.34049586776859503,605
Fracture,uncertain,2,28,kemik iligi,3,0.0049586776859504135,0.34545454545454546,605
Fracture,uncertain,2,29,iligi odemi,3,0.0049586776859504135,0.3504132231404959,605
Fracture,uncertain,2,30,reveals anterior,3,0.0049586776859504135,0.35537190082644626,605
Fracture,uncertain,2,31,anterior tibial,3,0.0049586776859504135,0.3603305785123967,605
Fracture,uncertain,2,32,tibial translation,3,0.0049586776859504135,0.3652892561983471,605
Fracture,uncertain,2,33,translation no,3,0.0049586776859504135,0.3702479338842975,605
Fracture,uncertain,2,34,fracture detected,3,0.0049586776859504135,0.3752066115702479,605
Fracture,uncertain,2,35,suspicious for,2,0.003305785123966942,0.3785123966942149,605
Fracture,uncertain,2,36,for bone,2,0.003305785123966942,0.38181818181818183,605
Fracture,uncertain,2,37,bone fracture,2,0.003305785123966942,0.3851239669421488,605
Fracture,uncertain,2,38,fracture along,2,0.003305785123966942,0.3884297520661157,605
Fracture,uncertain,2,39,along lateral,2,0.003305785123966942,0.39173553719008264,605
Fracture,uncertain,2,40,lateral patellar,2,0.003305785123966942,0.3950413223140496,605
Fracture,uncertain,2,41,impaction fracture,2,0.003305785123966942,0.39834710743801655,605
Fracture,uncertain,2,42,the posterior,2,0.003305785123966942,0.40165289256198344,605
Fracture,uncertain,2,43,posterior aspect,2,0.003305785123966942,0.4049586776859504,605
Fracture,uncertain,2,44,the lateral,2,0.003305785123966942,0.40826446280991735,605
Fracture,uncertain,2,45,contusion involving,2,0.003305785123966942,0.4115702479338843,605
Fracture,uncertain,2,46,condyle and,2,0.003305785123966942,0.41487603305785126,605
Fracture,uncertain,2,47,right knee,2,0.003305785123966942,0.41818181818181815,605
Fracture,uncertain,2,48,condyle with,2,0.003305785123966942,0.4214876033057851,605
Fracture,uncertain,2,49,insufficiency fracture,2,0.003305785123966942,0.42479338842975206,605
Fracture,uncertain,2,50,fracture is,2,0.003305785123966942,0.428099173553719,605
Fracture,uncertain,2,51,contusion is,2,0.003305785123966942,0.43140495867768597,605
Fracture,uncertain,2,52,del aspecto,2,0.003305785123966942,0.43471074380165287,605
Fracture,uncertain,2,53,aspecto posterior,2,0.003305785123966942,0.4380165289256198,605
Fracture,uncertain,2,54,posterior del,2,0.003305785123966942,0.4413223140495868,605
Fracture,uncertain,2,55,tibial lateral,2,0.003305785123966942,0.4446280991735537,605
Fracture,uncertain,2,56,con probable,2,0.003305785123966942,0.4479338842975207,605
Fracture,uncertain,2,57,definite osteochondral,2,0.003305785123966942,0.4512396694214876,605
Fracture,uncertain,2,58,osteochondral fracture,2,0.003305785123966942,0.45454545454545453,605
Fracture,uncertain,2,59,bone marrow,2,0.003305785123966942,0.4578512396694215,605
Fracture,uncertain,2,60,marrow edema,2,0.003305785123966942,0.46115702479338844,605
Fracture,uncertain,2,61,t2a serilerde,2,0.003305785123966942,0.4644628099173554,605
Fracture,uncertain,2,62,subchondral fracture,2,0.003305785123966942,0.4677685950413223,605
Fracture,uncertain,2,63,line is,2,0.003305785123966942,0.47107438016528924,605
Fracture,uncertain,2,64,the medial,2,0.003305785123966942,0.4743801652892562,605
Fracture,uncertain,2,65,medial femoral,2,0.003305785123966942,0.47768595041322315,605
Fracture,uncertain,2,66,nondisplaced osteochondral,2,0.003305785123966942,0.4809917355371901,605
Fracture,uncertain,2,67,osteochondral lesion,2,0.003305785123966942,0.484297520661157,605
Fracture,uncertain,2,68,acisindan supheli,2,0.003305785123966942,0.48760330578512395,605
Fracture,uncertain,2,69,lineer hipointens,2,0.003305785123966942,0.4909090909090909,605
Fracture,uncertain,2,70,line detected,2,0.003305785123966942,0.49421487603305786,605
Fracture,uncertain,2,71,1 suspect,2,0.003305785123966942,0.4975206611570248,605
Fracture,uncertain,2,72,suspect patellar,2,0.003305785123966942,0.5008264462809917,605
Fracture,uncertain,2,73,patellar avulsion,2,0.003305785123966942,0.5041322314049587,605
Fracture,uncertain,2,74,avulsion fracture,2,0.003305785123966942,0.5074380165289256,605
Fracture,uncertain,2,75,at medial,2,0.003305785123966942,0.5107438016528926,605
Fracture,uncertain,2,76,medial patellar,2,0.003305785123966942,0.5140495867768595,605
Fracture,uncertain,2,77,patellar retinaculum,2,0.003305785123966942,0.5173553719008265,605
Fracture,uncertain,2,78,retinaculum srs,2,0.003305785123966942,0.5206611570247934,605
Fracture,uncertain,2,79,srs img,2,0.003305785123966942,0.5239669421487604,605
Fracture,uncertain,2,80,img id,2,0.003305785123966942,0.5272727272727272,605
Fracture,uncertain,2,81,id 9,2,0.003305785123966942,0.5305785123966942,605
Fracture,uncertain,2,82,bone bruise,2,0.003305785123966942,0.5338842975206611,605
Fracture,uncertain,2,83,bruise with,2,0.003305785123966942,0.5371900826446281,605
Fracture,uncertain,2,84,with suspected,2,0.003305785123966942,0.540495867768595,605
Fracture,uncertain,2,85,suspected subtle,2,0.003305785123966942,0.543801652892562,605
Fracture,uncertain,2,86,subtle fracture,2,0.003305785123966942,0.547107438016529,605
Fracture,uncertain,2,87,line arrowed,2,0.003305785123966942,0.5504132231404959,605
Fracture,uncertain,2,88,geassocieerd botoedeem,1,0.001652892561983471,0.5520661157024793,605
Fracture,uncertain,2,89,botoedeem posterieure,1,0.001652892561983471,0.5537190082644629,605
Fracture,uncertain,2,90,posterieure aflijning,1,0.001652892561983471,0.5553719008264463,605
Fracture,uncertain,2,91,aflijning tibiaplateau,1,0.001652892561983471,0.5570247933884298,605
Fracture,uncertain,2,92,tibiaplateau mediaal,1,0.001652892561983471,0.5586776859504132,605
Fracture,uncertain,2,93,mediaal aldaar,1,0.001652892561983471,0.5603305785123966,605
Fracture,uncertain,2,94,aldaar vermoeden,1,0.001652892561983471,0.5619834710743802,605
Fracture,uncertain,2,95,vermoeden van,1,0.001652892561983471,0.5636363636363636,605
Fracture,uncertain,2,96,van een,1,0.001652892561983471,0.5652892561983471,605
Fracture,uncertain,2,97,een kleine,1,0.001652892561983471,0.5669421487603306,605
Fracture,uncertain,2,98,kleine subchondrale,1,0.001652892561983471,0.5685950413223141,605
Fracture,uncertain,2,99,subchondrale fractuur,1,0.001652892561983471,0.5702479338842975,605
Fracture,uncertain,2,100,fractuur meer,1,0.001652892561983471,0.571900826446281,605
Lateral Meniscus,negative,1,1,lateral,3075,0.12574629917395927,0.12574629917395927,24454
Lateral Meniscus,negative,1,2,normal,1508,0.06166680297701808,0.18741310215097734,24454
Lateral Meniscus,negative,1,3,meniscus,1480,0.06052179602519015,0.2479348981761675,24454
Lateral Meniscus,negative,1,4,and,984,0.04023881573566697,0.28817371391183444,24454
Lateral Meniscus,negative,1,5,in,657,0.026866770262533736,0.3150404841743682,24454
Lateral Meniscus,negative,1,6,compartment,613,0.025067473623947,0.3401079577983152,24454
Lateral Meniscus,negative,1,7,meniskus,600,0.024535863253455466,0.3646438210517707,24454
Lateral Meniscus,negative,1,8,signal,598,0.024454077042610618,0.3890978980943813,24454
Lateral Meniscus,negative,1,9,morphology,554,0.022654780404023883,0.4117526784984052,24454
Lateral Meniscus,negative,1,10,de,546,0.022327635560644474,0.4340803140590496,24454
Lateral Meniscus,negative,1,11,menisci,468,0.019137973337695263,0.4532182873967449,24454
Lateral Meniscus,negative,1,12,medial,422,0.01725689048826368,0.4704751778850086,24454
Lateral Meniscus,negative,1,13,intact,340,0.013903655843624765,0.48437883372863333,24454
Lateral Meniscus,negative,1,14,is,338,0.013821869632779914,0.49820070336141326,24454
Lateral Meniscus,negative,1,15,the,323,0.013208473051443527,0.5114091764128568,24454
Lateral Meniscus,negative,1,16,normaldir,268,0.01095935225321011,0.5223685286660669,24454
Lateral Meniscus,negative,1,17,morfologia,255,0.010427741882718574,0.5327962705487854,24454
Lateral Meniscus,negative,1,18,lateralni,254,0.010386848777296148,0.5431831193260817,24454
Lateral Meniscus,negative,1,19,menisk,252,0.010305062566451296,0.5534881818925329,24454
Lateral Meniscus,negative,1,20,senal,250,0.010223276355606445,0.5637114582481394,24454
Lateral Meniscus,negative,1,21,sin,248,0.010141490144761593,0.5738529483929009,24454
Lateral Meniscus,negative,1,22,y,247,0.010100597039339167,0.5839535454322401,24454
Lateral Meniscus,negative,1,23,rotura,245,0.010018810828494316,0.5939723562607344,24454
Lateral Meniscus,negative,1,24,conservada,217,0.008873803876666394,0.6028461601374009,24454
Lateral Meniscus,negative,1,25,of,206,0.00842397971701971,0.6112701398544206,24454
Lateral Meniscus,negative,1,26,bulgular,206,0.00842397971701971,0.6196941195714403,24454
Lateral Meniscus,negative,1,27,i,196,0.008015048662795453,0.6277091682342357,24454
Lateral Meniscus,negative,1,28,ve,184,0.007524331397726344,0.6352334996319621,24454
Lateral Meniscus,negative,1,29,на,173,0.00707450723807966,0.6423080068700417,24454
Lateral Meniscus,negative,1,30,менискус,173,0.00707450723807966,0.6493825141081214,24454
Lateral Meniscus,negative,1,31,aussenmeniskus,168,0.006870041710967531,0.6562525558190889,24454
Lateral Meniscus,negative,1,32,нормално,163,0.006665576183855402,0.6629181320029442,24454
Lateral Meniscus,negative,1,33,изобразяване,163,0.006665576183855402,0.6695837081867997,24454
Lateral Meniscus,negative,1,34,no,156,0.006379324445898422,0.6759630326326981,24454
Lateral Meniscus,negative,1,35,medyal,150,0.006133965813363867,0.682096998446062,24454
Lateral Meniscus,negative,1,36,και,147,0.00601128649709659,0.6881082849431586,24454
Lateral Meniscus,negative,1,37,bez,147,0.00601128649709659,0.6941195714402552,24454
Lateral Meniscus,negative,1,38,rupture,146,0.005970393391674164,0.7000899648319293,24454
Lateral Meniscus,negative,1,39,латералния,146,0.005970393391674164,0.7060603582236035,24454
Lateral Meniscus,negative,1,40,znakova,145,0.005929500286251738,0.7119898585098552,24454
Lateral Meniscus,negative,1,41,signala,132,0.005397889915760203,0.7173877484256155,24454
Lateral Meniscus,negative,1,42,menisco,131,0.005356996810337777,0.7227447452359532,24454
Lateral Meniscus,negative,1,43,meniscos,131,0.005356996810337777,0.728101742046291,24454
Lateral Meniscus,negative,1,44,tear,129,0.005275210599492926,0.733376952645784,24454
Lateral Meniscus,negative,1,45,intenziteta,129,0.005275210599492926,0.7386521632452768,24454
Lateral Meniscus,negative,1,46,signos,122,0.004988958861535945,0.7436411221068128,24454
Lateral Meniscus,negative,1,47,criterios,117,0.004784493334423816,0.7484256154412366,24454
Lateral Meniscus,negative,1,48,morfologije,117,0.004784493334423816,0.7532101087756604,24454
Lateral Meniscus,negative,1,49,uredne,108,0.0044164553856219846,0.7576265641612824,24454
Lateral Meniscus,negative,1,50,degeneracije,104,0.004252882963932281,0.7618794471252147,24454
Lateral Meniscus,negative,1,51,intakter,102,0.004171096753087429,0.7660505438783021,24454
Lateral Meniscus,negative,1,52,evidence,94,0.0038439519097080233,0.7698944957880102,24454
Lateral Meniscus,negative,1,53,or,92,0.003762165698863172,0.7736566614868733,24454
Lateral Meniscus,negative,1,54,οι,90,0.0036803794880183203,0.7773370409748916,24454
Lateral Meniscus,negative,1,55,ili,90,0.0036803794880183203,0.78101742046291,24454
Lateral Meniscus,negative,1,56,laterale,87,0.0035577001717510427,0.784575120634661,24454
Lateral Meniscus,negative,1,57,el,84,0.0034350208554837654,0.7880101414901448,24454
Lateral Meniscus,negative,1,58,je,83,0.0033941277500613397,0.7914042692402061,24454
Lateral Meniscus,negative,1,59,categoricos,81,0.003312341539216488,0.7947166107794226,24454
Lateral Meniscus,negative,1,60,εξω,81,0.003312341539216488,0.7980289523186391,24454
Lateral Meniscus,negative,1,61,menisque,78,0.003189662222949211,0.8012186145415883,24454
Lateral Meniscus,negative,1,62,ο,76,0.003107876012104359,0.8043264905536927,24454
Lateral Meniscus,negative,1,63,noted,72,0.002944303590414656,0.8072707941441073,24454
Lateral Meniscus,negative,1,64,es,72,0.002944303590414656,0.8102150977345219,24454
Lateral Meniscus,negative,1,65,του,69,0.002821624274147379,0.8130367220086694,24454
Lateral Meniscus,negative,1,66,either,67,0.0027398380633025274,0.8157765600719719,24454
Lateral Meniscus,negative,1,67,intacte,66,0.0026989449578801016,0.818475505029852,24454
Lateral Meniscus,negative,1,68,medijalni,64,0.0026171587470352497,0.8210926637768872,24454
Lateral Meniscus,negative,1,69,su,63,0.002576265641612824,0.8236689294185,24454
Lateral Meniscus,negative,1,70,collateral,63,0.002576265641612824,0.8262451950601128,24454
Lateral Meniscus,negative,1,71,ligaments,63,0.002576265641612824,0.8288214607017257,24454
Lateral Meniscus,negative,1,72,le,58,0.0023718001145006952,0.8311932608162264,24454
Lateral Meniscus,negative,1,73,συνδεσμοι,53,0.002167334587388566,0.833360595403615,24454
Lateral Meniscus,negative,1,74,πλαγιοι,52,0.0021264414819661404,0.8354870368855811,24454
Lateral Meniscus,negative,1,75,preserved,51,0.0020855483765437146,0.8375725852621249,24454
Lateral Meniscus,negative,1,76,externe,51,0.0020855483765437146,0.8396581336386685,24454
Lateral Meniscus,negative,1,77,ευρηματα,50,0.002044655271121289,0.8417027889097898,24454
Lateral Meniscus,negative,1,78,are,49,0.002003762165698863,0.8437065510754886,24454
Lateral Meniscus,negative,1,79,not,47,0.0019219759548540116,0.8456285270303426,24454
Lateral Meniscus,negative,1,80,φυσιολογικα,47,0.0019219759548540116,0.8475505029851967,24454
Lateral Meniscus,negative,1,81,torn,46,0.001881082849431586,0.8494315858346283,24454
Lateral Meniscus,negative,1,82,der,45,0.0018401897440091602,0.8512717755786374,24454
Lateral Meniscus,negative,1,83,μηνισκος,45,0.0018401897440091602,0.8531119653226465,24454
Lateral Meniscus,negative,1,84,απεικονιζονται,45,0.0018401897440091602,0.8549521550666558,24454
Lateral Meniscus,negative,1,85,intakt,43,0.0017584035331643085,0.85671055859982,24454
Lateral Meniscus,negative,1,86,normaal,42,0.0017175104277418827,0.858428069027562,24454
Lateral Meniscus,negative,1,87,χιαστοι,40,0.0016357242168970312,0.860063793244459,24454
Lateral Meniscus,negative,1,88,sans,38,0.0015539380060521795,0.8616177312505111,24454
Lateral Meniscus,negative,1,89,with,37,0.0015130449006297538,0.8631307761511409,24454
Lateral Meniscus,negative,1,90,παθολογικα,34,0.0013903655843624766,0.8645211417355034,24454
Lateral Meniscus,negative,1,91,μηνισκοι,33,0.0013494724789400508,0.8658706142144434,24454
Lateral Meniscus,negative,1,92,voorkomen,33,0.0013494724789400508,0.8672200866933835,24454
Lateral Meniscus,negative,1,93,καθως,33,0.0013494724789400508,0.8685695591723236,24454
Lateral Meniscus,negative,1,94,shape,31,0.0012676862680951991,0.8698372454404187,24454
Lateral Meniscus,negative,1,95,observed,31,0.0012676862680951991,0.871104931708514,24454
Lateral Meniscus,negative,1,96,knee,30,0.0012267931626727734,0.8723317248711867,24454
Lateral Meniscus,negative,1,97,appears,29,0.0011859000572503476,0.8735176249284371,24454
Lateral Meniscus,negative,1,98,μηνισκου,29,0.0011859000572503476,0.8747035249856874,24454
Lateral Meniscus,negative,1,99,dogaldir,28,0.0011450069518279219,0.8758485319375153,24454
Lateral Meniscus,negative,1,100,cruciate,28,0.0011450069518279219,0.8769935388893433,24454
Lateral Meniscus,negative,2,1,lateral meniscus,1367,0.06549758037468258,0.06549758037468258,20871
Lateral Meniscus,negative,2,2,lateral compartment,613,0.029370897417469215,0.0948684777921518,20871
Lateral Meniscus,negative,2,3,compartment lateral,580,0.027789756120933352,0.12265823391308514,20871
Lateral Meniscus,negative,2,4,meniscus normal,575,0.027550189257821857,0.150208423170907,20871
Lateral Meniscus,negative,2,5,lateral meniskus,562,0.026927315413731973,0.17713573858463896,20871
Lateral Meniscus,negative,2,6,and signal,557,0.026687748550620477,0.20382348713525944,20871
Lateral Meniscus,negative,2,7,morphology and,554,0.02654400843275358,0.23036749556801303,20871
Lateral Meniscus,negative,2,8,normal in,553,0.026496095060131283,0.2568635906281443,20871
Lateral Meniscus,negative,2,9,in morphology,553,0.026496095060131283,0.2833596856882756,20871
Lateral Meniscus,negative,2,10,and lateral,353,0.016913420535671506,0.3002731062239471,20871
Lateral Meniscus,negative,2,11,medial and,336,0.016098893201092423,0.3163719994250395,20871
Lateral Meniscus,negative,2,12,lateral menisci,325,0.015571846102247136,0.3319438455272867,20871
Lateral Meniscus,negative,2,13,normal medial,297,0.014230271668822769,0.3461741171961094,20871
Lateral Meniscus,negative,2,14,meniskus normaldir,268,0.0128407838627761,0.35901490105888556,20871
Lateral Meniscus,negative,2,15,meniskus normal,264,0.012649130372286906,0.37166403143117244,20871
Lateral Meniscus,negative,2,16,lateralni menisk,251,0.01202625652819702,0.38369028795936944,20871
Lateral Meniscus,negative,2,17,de morfologia,250,0.01197834315557472,0.39566863111494416,20871
Lateral Meniscus,negative,2,18,morfologia y,243,0.01164294954721863,0.40731158066216283,20871
Lateral Meniscus,negative,2,19,y senal,243,0.01164294954721863,0.41895453020938145,20871
Lateral Meniscus,negative,2,20,meniscus is,242,0.01159503617459633,0.4305495663839778,20871
Lateral Meniscus,negative,2,21,the lateral,239,0.011451296056729433,0.4420008624407072,20871
Lateral Meniscus,negative,2,22,de rotura,224,0.01073259546739495,0.45273345790810215,20871
Lateral Meniscus,negative,2,23,normal lateral,220,0.010540941976905754,0.4632743998850079,20871
Lateral Meniscus,negative,2,24,senal conservada,214,0.01025346174117196,0.4735278616261799,20871
Lateral Meniscus,negative,2,25,conservada sin,212,0.010157634995927364,0.48368549662210725,20871
Lateral Meniscus,negative,2,26,bulgular lateral,200,0.009582674524459777,0.493268171146567,20871
Lateral Meniscus,negative,2,27,нормално изобразяване,163,0.007809879737434718,0.5010780508840017,20871
Lateral Meniscus,negative,2,28,ve lateral,156,0.007474486129078626,0.5085525370130803,20871
Lateral Meniscus,negative,2,29,изобразяване на,155,0.007426572756456327,0.5159791097695366,20871
Lateral Meniscus,negative,2,30,латералния менискус,146,0.006995352402855637,0.5229744621723923,20871
Lateral Meniscus,negative,2,31,bez znakova,142,0.0068036989123664415,0.5297781610847587,20871
Lateral Meniscus,negative,2,32,is intact,141,0.006755785539744143,0.5365339466245029,20871
Lateral Meniscus,negative,2,33,на латералния,140,0.006707872167121843,0.5432418187916247,20871
Lateral Meniscus,negative,2,34,menisco lateral,130,0.006228738440898855,0.5494705572325236,20871
Lateral Meniscus,negative,2,35,intenziteta signala,129,0.006180825068276556,0.5556513823008001,20871
Lateral Meniscus,negative,2,36,sin signos,122,0.005845431459920464,0.5614968137607206,20871
Lateral Meniscus,negative,2,37,signos de,118,0.005653777969431268,0.5671505917301519,20871
Lateral Meniscus,negative,2,38,medyal ve,118,0.005653777969431268,0.5728043696995831,20871
Lateral Meniscus,negative,2,39,sin criterios,117,0.00560586459680897,0.5784102342963922,20871
Lateral Meniscus,negative,2,40,morfologije i,110,0.005270470988452877,0.583680705284845,20871
Lateral Meniscus,negative,2,41,i intenziteta,110,0.005270470988452877,0.5889511762732978,20871
Lateral Meniscus,negative,2,42,menisk bez,108,0.00517464424320828,0.5941258205165062,20871
Lateral Meniscus,negative,2,43,meniscos de,105,0.005030904125341383,0.5991567246418475,20871
Lateral Meniscus,negative,2,44,intakter aussenmeniskus,100,0.0047913372622298885,0.6039480619040775,20871
Lateral Meniscus,negative,2,45,menisk uredne,97,0.004647597144362992,0.6085956590484404,20871
Lateral Meniscus,negative,2,46,evidence of,93,0.004455943653873796,0.6130516027023142,20871
Lateral Meniscus,negative,2,47,of tear,92,0.004408030281251497,0.6174596329835658,20871
Lateral Meniscus,negative,2,48,znakova rupture,91,0.004360116908629199,0.6218197498921949,20871
Lateral Meniscus,negative,2,49,laterale meniscus,85,0.004072636672895405,0.6258923865650903,20871
Lateral Meniscus,negative,2,50,el menisco,84,0.004024723300273106,0.6299171098653634,20871
Lateral Meniscus,negative,2,51,categoricos de,81,0.0038809831824062097,0.6337980930477697,20871
Lateral Meniscus,negative,2,52,criterios categoricos,77,0.003689329691917014,0.6374874227396866,20871
Lateral Meniscus,negative,2,53,lateral es,72,0.0034497628288055198,0.6409371855684922,20871
Lateral Meniscus,negative,2,54,es de,72,0.0034497628288055198,0.6443869483972977,20871
Lateral Meniscus,negative,2,55,medial or,71,0.0034018494561832207,0.6477887978534809,20871
Lateral Meniscus,negative,2,56,or lateral,71,0.0034018494561832207,0.6511906473096641,20871
Lateral Meniscus,negative,2,57,meniscus intact,71,0.0034018494561832207,0.6545924967658473,20871
Lateral Meniscus,negative,2,58,no evidence,70,0.0033539360835609217,0.6579464328494082,20871
Lateral Meniscus,negative,2,59,noted in,70,0.0033539360835609217,0.6613003689329692,20871
Lateral Meniscus,negative,2,60,of the,69,0.003306022710938623,0.6646063916439078,20871
Lateral Meniscus,negative,2,61,tear is,68,0.003258109338316324,0.6678645009822242,20871
Lateral Meniscus,negative,2,62,is noted,68,0.003258109338316324,0.6711226103205404,20871
Lateral Meniscus,negative,2,63,in either,67,0.003210195965694025,0.6743328062862345,20871
Lateral Meniscus,negative,2,64,either medial,67,0.003210195965694025,0.6775430022519285,20871
Lateral Meniscus,negative,2,65,intacte laterale,65,0.0031143692204494275,0.6806573714723779,20871
Lateral Meniscus,negative,2,66,i lateralni,63,0.00301854247520483,0.6836759139475828,20871
Lateral Meniscus,negative,2,67,medijalni i,62,0.002970629102582531,0.6866465430501653,20871
Lateral Meniscus,negative,2,68,intact lateral,54,0.00258732212160414,0.6892338651717694,20871
Lateral Meniscus,negative,2,69,znakova degeneracije,53,0.002539408748981841,0.6917732739207513,20871
Lateral Meniscus,negative,2,70,degeneracije ili,53,0.002539408748981841,0.6943126826697331,20871
Lateral Meniscus,negative,2,71,ili rupture,53,0.002539408748981841,0.696852091418715,20871
Lateral Meniscus,negative,2,72,uredne su,52,0.002491495376359542,0.6993435867950745,20871
Lateral Meniscus,negative,2,73,su morfologije,52,0.002491495376359542,0.7018350821714341,20871
Lateral Meniscus,negative,2,74,is not,47,0.0022519285132480476,0.704087010684682,20871
Lateral Meniscus,negative,2,75,not torn,46,0.0022040151406257486,0.7062910258253079,20871
Lateral Meniscus,negative,2,76,εξω μηνισκος,45,0.0021561017680034496,0.7084471275933113,20871
Lateral Meniscus,negative,2,77,je morfologije,44,0.002108188395381151,0.7105553159886925,20871
Lateral Meniscus,negative,2,78,uredne je,42,0.002012361650136553,0.712567677638829,20871
Lateral Meniscus,negative,2,79,ο εξω,42,0.002012361650136553,0.7145800392889655,20871
Lateral Meniscus,negative,2,80,πλαγιοι συνδεσμοι,41,0.0019644482775142543,0.7165444875664798,20871
Lateral Meniscus,negative,2,81,lateral de,40,0.0019165349048919553,0.7184610224713718,20871
Lateral Meniscus,negative,2,82,menisque lateral,38,0.0018207081596473575,0.7202817306310191,20871
Lateral Meniscus,negative,2,83,lateral normal,38,0.0018207081596473575,0.7221024387906665,20871
Lateral Meniscus,negative,2,84,και οι,38,0.0018207081596473575,0.7239231469503138,20871
Lateral Meniscus,negative,2,85,menisque externe,38,0.0018207081596473575,0.7257438551099612,20871
Lateral Meniscus,negative,2,86,le menisque,37,0.0017727947870250587,0.7275166498969863,20871
Lateral Meniscus,negative,2,87,meniskus ve,36,0.0017248814144027599,0.729241531311389,20871
Lateral Meniscus,negative,2,88,rupture ili,36,0.0017248814144027599,0.7309664127257918,20871
Lateral Meniscus,negative,2,89,φυσιολογικα απεικονιζονται,36,0.0017248814144027599,0.7326912941401945,20871
Lateral Meniscus,negative,2,90,ili degeneracije,35,0.0016769680417804609,0.734368262181975,20871
Lateral Meniscus,negative,2,91,criterios de,34,0.001629054669158162,0.7359973168511331,20871
Lateral Meniscus,negative,2,92,παθολογικα ευρηματα,34,0.001629054669158162,0.7376263715202913,20871
Lateral Meniscus,negative,2,93,οι μηνισκοι,33,0.0015811412965358632,0.7392075128168272,20871
Lateral Meniscus,negative,2,94,signal of,33,0.0015811412965358632,0.740788654113363,20871
Lateral Meniscus,negative,2,95,menisk je,33,0.0015811412965358632,0.7423697954098989,20871
Lateral Meniscus,negative,2,96,the medial,33,0.0015811412965358632,0.7439509367064348,20871
Lateral Meniscus,negative,2,97,καθως και,32,0.0015332279239135642,0.7454841646303483,20871
Lateral Meniscus,negative,2,98,medyal meniskus,32,0.0015332279239135642,0.7470173925542619,20871
Lateral Meniscus,negative,2,99,οι χιαστοι,31,0.0014853145512912654,0.7485027071055531,20871
Lateral Meniscus,negative,2,100,collateral ligaments,31,0.0014853145512912654,0.7499880216568444,20871
Lateral Meniscus,positive,1,1,lateral,1197,0.06327307326355852,0.06327307326355852,18918
Lateral Meniscus,positive,1,2,the,741,0.039169045353631464,0.10244211861718998,18918
Lateral Meniscus,positive,1,3,of,629,0.03324875779680728,0.13569087641399724,18918
Lateral Meniscus,positive,1,4,meniscus,625,0.033037318955492126,0.16872819536948938,18918
Lateral Meniscus,positive,1,5,tear,488,0.02579553864044825,0.19452373400993764,18918
Lateral Meniscus,positive,1,6,posterior,453,0.02394544877894069,0.2184691827888783,18918
Lateral Meniscus,positive,1,7,horn,407,0.02151390210381647,0.2399830848926948,18918
Lateral Meniscus,positive,1,8,del,320,0.01691510730521197,0.25689819219790677,18918
Lateral Meniscus,positive,1,9,anterior,307,0.016227931070937732,0.2731261232688445,18918
Lateral Meniscus,positive,1,10,grade,251,0.013267787292525637,0.28639391056137015,18918
Lateral Meniscus,positive,1,11,menisco,239,0.012633470768580188,0.2990273813299503,18918
Lateral Meniscus,positive,1,12,and,223,0.01178771540331959,0.3108150967332699,18918
Lateral Meniscus,positive,1,13,at,205,0.010836240617401417,0.3216513373506713,18918
Lateral Meniscus,positive,1,14,de,188,0.009937625541812031,0.33158896289248335,18918
Lateral Meniscus,positive,1,15,rotura,180,0.009514747859181731,0.34110371075166507,18918
Lateral Meniscus,positive,1,16,body,171,0.009039010466222646,0.35014272121788775,18918
Lateral Meniscus,positive,1,17,dejenerasyon,154,0.00814039539063326,0.35828311660852097,18918
Lateral Meniscus,positive,1,18,with,149,0.007876096838989322,0.3661592134475103,18918
Lateral Meniscus,positive,1,19,meniska,145,0.0076646579976741725,0.3738238714451845,18918
Lateral Meniscus,positive,1,20,medial,141,0.0074532191563590235,0.3812770906015435,18918
Lateral Meniscus,positive,1,21,meniskuste,141,0.0074532191563590235,0.3887303097579025,18918
Lateral Meniscus,positive,1,22,horizontal,140,0.007400359446030236,0.39613066920393275,18918
Lateral Meniscus,positive,1,23,meniscal,140,0.007400359446030236,0.403531028649963,18918
Lateral Meniscus,positive,1,24,cuerno,139,0.007347499735701448,0.41087852838566447,18918
Lateral Meniscus,positive,1,25,ii,130,0.006871762342742361,0.4177502907284068,18918
Lateral Meniscus,positive,1,26,is,121,0.006396024949783276,0.4241463156781901,18918
Lateral Meniscus,positive,1,27,y,121,0.006396024949783276,0.43054234062797336,18918
Lateral Meniscus,positive,1,28,lateralnog,121,0.006396024949783276,0.4369383655777566,18918
Lateral Meniscus,positive,1,29,radial,120,0.006343165239454488,0.4432815308172111,18918
Lateral Meniscus,positive,1,30,ve,119,0.0062903055291257,0.4495718363463368,18918
Lateral Meniscus,positive,1,31,compartment,117,0.006184586108468126,0.45575642245480497,18918
Lateral Meniscus,positive,1,32,meniskus,116,0.006131726398139338,0.46188814885294427,18918
Lateral Meniscus,positive,1,33,degeneration,111,0.005867427846495401,0.4677555766994397,18918
Lateral Meniscus,positive,1,34,a,111,0.005867427846495401,0.4736230045459351,18918
Lateral Meniscus,positive,1,35,in,106,0.0056031292948514645,0.47922613384078655,18918
Lateral Meniscus,positive,1,36,con,104,0.005497409874193889,0.48472354371498044,18918
Lateral Meniscus,positive,1,37,there,103,0.005444550163865102,0.4901680938788455,18918
Lateral Meniscus,positive,1,38,i,98,0.005180251612221165,0.4953483454910667,18918
Lateral Meniscus,positive,1,39,cuerpo,97,0.005127391901892378,0.5004757373929591,18918
Lateral Meniscus,positive,1,40,complex,97,0.005127391901892378,0.5056031292948515,18918
Lateral Meniscus,positive,1,41,extrusion,88,0.004651654508933291,0.5102547838037848,18918
Lateral Meniscus,positive,1,42,roga,85,0.004493075377946929,0.5147478591817317,18918
Lateral Meniscus,positive,1,43,bulgular,83,0.0043873559572893545,0.5191352151390211,18918
Lateral Meniscus,positive,1,44,εξω,82,0.004334496246960567,0.5234697113859816,18918
Lateral Meniscus,positive,1,45,yirtik,73,0.00385875885400148,0.5273284702399831,18918
Lateral Meniscus,positive,1,46,του,72,0.003805899143672693,0.5311343693836558,18918
Lateral Meniscus,positive,1,47,la,70,0.003700179723015118,0.5348345491066709,18918
Lateral Meniscus,positive,1,48,small,69,0.0036473200126863306,0.5384818691193572,18918
Lateral Meniscus,positive,1,49,vertical,67,0.0035416005920287557,0.5420234697113859,18918
Lateral Meniscus,positive,1,50,izlendi,65,0.0034358811713711807,0.5454593508827572,18918
Lateral Meniscus,positive,1,51,signal,64,0.0033830214610423934,0.5488423723437995,18918
Lateral Meniscus,positive,1,52,ruptura,64,0.0033830214610423934,0.5522253938048419,18918
Lateral Meniscus,positive,1,53,ρηξη,58,0.003065863199069669,0.5552912570039116,18918
Lateral Meniscus,positive,1,54,rupture,58,0.003065863199069669,0.5583571202029813,18918
Lateral Meniscus,positive,1,55,marginal,57,0.0030130034887408817,0.5613701236917221,18918
Lateral Meniscus,positive,1,56,prednjeg,56,0.0029601437784120945,0.5643302674701343,18918
Lateral Meniscus,positive,1,57,bez,54,0.0028544243577545195,0.5671846918278888,18918
Lateral Meniscus,positive,1,58,u,54,0.0028544243577545195,0.5700391161856433,18918
Lateral Meniscus,positive,1,59,izlenmistir,52,0.0027487049370969446,0.5727878211227403,18918
Lateral Meniscus,positive,1,60,meniskopati,52,0.0027487049370969446,0.5755365260598372,18918
Lateral Meniscus,positive,1,61,на,51,0.0026958452267681573,0.5782323712866053,18918
Lateral Meniscus,positive,1,62,without,49,0.0025901258061105823,0.5808224970927159,18918
Lateral Meniscus,positive,1,63,και,49,0.0025901258061105823,0.5834126228988266,18918
Lateral Meniscus,positive,1,64,μηνισκου,49,0.0025901258061105823,0.5860027487049371,18918
Lateral Meniscus,positive,1,65,govde,48,0.002537266095781795,0.5885400148007189,18918
Lateral Meniscus,positive,1,66,root,47,0.002484406385453008,0.5910244211861719,18918
Lateral Meniscus,positive,1,67,intrasubstance,46,0.00243154667512422,0.5934559678612962,18918
Lateral Meniscus,positive,1,68,znakova,45,0.002378686964795433,0.5958346548260915,18918
Lateral Meniscus,positive,1,69,менискус,45,0.002378686964795433,0.598213341790887,18918
Lateral Meniscus,positive,1,70,straznjeg,44,0.0023258272544666456,0.6005391690453536,18918
Lateral Meniscus,positive,1,71,degenerative,42,0.0022201078338090706,0.6027592768791628,18918
Lateral Meniscus,positive,1,72,externo,41,0.0021672481234802834,0.604926525002643,18918
Lateral Meniscus,positive,1,73,lateralni,40,0.002114388413151496,0.6070409134157945,18918
Lateral Meniscus,positive,1,74,menisk,40,0.002114388413151496,0.609155301828946,18918
Lateral Meniscus,positive,1,75,tearing,40,0.002114388413151496,0.6112696902420974,18918
Lateral Meniscus,positive,1,76,oblique,40,0.002114388413151496,0.613384078655249,18918
Lateral Meniscus,positive,1,77,compleja,40,0.002114388413151496,0.6154984670684005,18918
Lateral Meniscus,positive,1,78,iii,38,0.002008668992493921,0.6175071360608944,18918
Lateral Meniscus,positive,1,79,to,38,0.002008668992493921,0.6195158050533883,18918
Lateral Meniscus,positive,1,80,longitudinal,38,0.002008668992493921,0.6215244740458822,18918
Lateral Meniscus,positive,1,81,parte,37,0.001955809282165134,0.6234802833280474,18918
Lateral Meniscus,positive,1,82,impresion,35,0.001850089861507559,0.6253303731895549,18918
Lateral Meniscus,positive,1,83,conclusion,35,0.001850089861507559,0.6271804630510625,18918
Lateral Meniscus,positive,1,84,extending,34,0.0017972301511787715,0.6289776932022413,18918
Lateral Meniscus,positive,1,85,uz,34,0.0017972301511787715,0.63077492335342,18918
Lateral Meniscus,positive,1,86,intensity,33,0.0017443704408499842,0.63251929379427,18918
Lateral Meniscus,positive,1,87,je,33,0.0017443704408499842,0.63426366423512,18918
Lateral Meniscus,positive,1,88,van,33,0.0017443704408499842,0.63600803467597,18918
Lateral Meniscus,positive,1,89,εκφυλιση,33,0.0017443704408499842,0.63775240511682,18918
Lateral Meniscus,positive,1,90,promjene,33,0.0017443704408499842,0.6394967755576699,18918
Lateral Meniscus,positive,1,91,se,33,0.0017443704408499842,0.6412411459985199,18918
Lateral Meniscus,positive,1,92,into,32,0.0016915107305211967,0.6429326567290411,18918
Lateral Meniscus,positive,1,93,favor,32,0.0016915107305211967,0.6446241674595623,18918
Lateral Meniscus,positive,1,94,degenerativne,32,0.0016915107305211967,0.6463156781900835,18918
Lateral Meniscus,positive,1,95,en,32,0.0016915107305211967,0.6480071889206047,18918
Lateral Meniscus,positive,1,96,в,31,0.0016386510201924092,0.6496458399407972,18918
Lateral Meniscus,positive,1,97,рог,31,0.0016386510201924092,0.6512844909609895,18918
Lateral Meniscus,positive,1,98,латералния,31,0.0016386510201924092,0.652923141981182,18918
Lateral Meniscus,positive,1,99,linear,30,0.001585791309863622,0.6545089332910455,18918
Lateral Meniscus,positive,1,100,o,30,0.001585791309863622,0.6560947246009092,18918
Lateral Meniscus,positive,2,1,lateral meniscus,558,0.03185476965233773,0.03185476965233773,17517
Lateral Meniscus,positive,2,2,of the,405,0.02312039732830964,0.05497516698064737,17517
Lateral Meniscus,positive,2,3,the lateral,362,0.020665639093452075,0.07564080607409944,17517
Lateral Meniscus,positive,2,4,posterior horn,253,0.014443112405092197,0.09008391847919164,17517
Lateral Meniscus,positive,2,5,horn of,243,0.013872238396985785,0.10395615687617743,17517
Lateral Meniscus,positive,2,6,tear at,171,0.009761945538619627,0.11371810241479706,17517
Lateral Meniscus,positive,2,7,menisco lateral,160,0.009133984129702575,0.12285208654449963,17517
Lateral Meniscus,positive,2,8,at the,153,0.008734372324028086,0.1315864588685277,17517
Lateral Meniscus,positive,2,9,del menisco,153,0.008734372324028086,0.1403208311925558,17517
Lateral Meniscus,positive,2,10,anterior horn,150,0.008563110121596164,0.14888394131415197,17517
Lateral Meniscus,positive,2,11,grade ii,128,0.0073071873037620595,0.15619112861791404,17517
Lateral Meniscus,positive,2,12,tear of,127,0.007250099902951419,0.16344122852086546,17517
Lateral Meniscus,positive,2,13,the posterior,124,0.007078837700519495,0.17052006622138494,17517
Lateral Meniscus,positive,2,14,lateralnog meniska,118,0.006736313295655649,0.1772563795170406,17517
Lateral Meniscus,positive,2,15,lateral compartment,115,0.006565051093223725,0.18382143061026432,17517
Lateral Meniscus,positive,2,16,lateral meniskuste,113,0.006450876291602443,0.19027230690186675,17517
Lateral Meniscus,positive,2,17,lateral meniskus,112,0.006393788890791802,0.19666609579265856,17517
Lateral Meniscus,positive,2,18,del cuerno,105,0.005994177085117315,0.20266027287777588,17517
Lateral Meniscus,positive,2,19,of lateral,104,0.005937089684306673,0.20859736256208256,17517
Lateral Meniscus,positive,2,20,meniskuste grade,101,0.0057658274818747505,0.2143631900439573,17517
Lateral Meniscus,positive,2,21,there is,89,0.005080778672147057,0.21944396871610436,17517
Lateral Meniscus,positive,2,22,ii dejenerasyon,88,0.005023691271336416,0.22446765998744078,17517
Lateral Meniscus,positive,2,23,the anterior,88,0.005023691271336416,0.22949135125877718,17517
Lateral Meniscus,positive,2,24,radial tear,87,0.004966603870525775,0.23445795512930295,17517
Lateral Meniscus,positive,2,25,cuerno posterior,87,0.004966603870525775,0.23942455899982873,17517
Lateral Meniscus,positive,2,26,the body,74,0.0042244676599874405,0.24364902665981616,17517
Lateral Meniscus,positive,2,27,bulgular lateral,70,0.003996118056744876,0.24764514471656104,17517
Lateral Meniscus,positive,2,28,horizontal tear,70,0.003996118056744876,0.25164126277330595,17517
Lateral Meniscus,positive,2,29,body and,70,0.003996118056744876,0.25563738083005083,17517
Lateral Meniscus,positive,2,30,meniscus with,69,0.003939030655934235,0.25957641148598504,17517
Lateral Meniscus,positive,2,31,lateral con,68,0.0038819432551235942,0.2634583547411086,17517
Lateral Meniscus,positive,2,32,and posterior,66,0.003767768453502312,0.267226123194611,17517
Lateral Meniscus,positive,2,33,posterior del,64,0.0036535936518810297,0.270879716846492,17517
Lateral Meniscus,positive,2,34,meniskus anterior,60,0.0034252440486384657,0.27430496089513046,17517
Lateral Meniscus,positive,2,35,compartment lateral,54,0.003082719643774619,0.27738768053890506,17517
Lateral Meniscus,positive,2,36,complex tear,54,0.003082719643774619,0.28047040018267966,17517
Lateral Meniscus,positive,2,37,compartment there,52,0.0029685448421533367,0.283438945024833,17517
Lateral Meniscus,positive,2,38,cuerno anterior,52,0.0029685448421533367,0.28640748986698633,17517
Lateral Meniscus,positive,2,39,lateral meniscal,52,0.0029685448421533367,0.2893760347091397,17517
Lateral Meniscus,positive,2,40,marginal del,48,0.002740195238910772,0.2921162299480505,17517
Lateral Meniscus,positive,2,41,dejenerasyon izlendi,47,0.0026831078381001315,0.2947993377861506,17517
Lateral Meniscus,positive,2,42,del cuerpo,46,0.0026260204372894904,0.2974253582234401,17517
Lateral Meniscus,positive,2,43,του εξω,46,0.0026260204372894904,0.30005137866072956,17517
Lateral Meniscus,positive,2,44,degeneration of,45,0.0025689330364788493,0.30262031169720843,17517
Lateral Meniscus,positive,2,45,grade i,45,0.0025689330364788493,0.30518924473368725,17517
Lateral Meniscus,positive,2,46,εξω μηνισκου,45,0.0025689330364788493,0.3077581777701661,17517
Lateral Meniscus,positive,2,47,roga lateralnog,45,0.0025689330364788493,0.310327110806645,17517
Lateral Meniscus,positive,2,48,znakova rupture,44,0.002511845635668208,0.3128389564423132,17517
Lateral Meniscus,positive,2,49,vertical tear,42,0.002397670834046926,0.3152366272763601,17517
Lateral Meniscus,positive,2,50,dejenerasyon izlenmistir,41,0.0023405834332362848,0.3175772107095964,17517
Lateral Meniscus,positive,2,51,prednjeg roga,41,0.0023405834332362848,0.31991779414283267,17517
Lateral Meniscus,positive,2,52,menisco externo,41,0.0023405834332362848,0.32225837757606896,17517
Lateral Meniscus,positive,2,53,cuerpo del,40,0.0022834960324256436,0.3245418736084946,17517
Lateral Meniscus,positive,2,54,body of,40,0.0022834960324256436,0.32682536964092024,17517
Lateral Meniscus,positive,2,55,rotura compleja,40,0.0022834960324256436,0.3291088656733459,17517
Lateral Meniscus,positive,2,56,lateralni menisk,39,0.0022264086316150025,0.3313352743049609,17517
Lateral Meniscus,positive,2,57,straznjeg roga,39,0.0022264086316150025,0.3335616829365759,17517
Lateral Meniscus,positive,2,58,ve govde,38,0.0021693212308043614,0.3357310041673803,17517
Lateral Meniscus,positive,2,59,grade iii,38,0.0021693212308043614,0.3379003253981846,17517
Lateral Meniscus,positive,2,60,horn and,38,0.0021693212308043614,0.340069646628989,17517
Lateral Meniscus,positive,2,61,de la,37,0.0021122338299937203,0.3421818804589827,17517
Lateral Meniscus,positive,2,62,bez znakova,37,0.0021122338299937203,0.34429411428897644,17517
Lateral Meniscus,positive,2,63,cuerpo y,37,0.0021122338299937203,0.34640634811897014,17517
Lateral Meniscus,positive,2,64,y parte,36,0.002055146429183079,0.34846149454815323,17517
Lateral Meniscus,positive,2,65,and lateral,34,0.0019409716275617971,0.350402466175715,17517
Lateral Meniscus,positive,2,66,medial and,33,0.001883884226751156,0.3522863504024662,17517
Lateral Meniscus,positive,2,67,ii meniskopati,33,0.001883884226751156,0.3541702346292173,17517
Lateral Meniscus,positive,2,68,rotura menisco,33,0.001883884226751156,0.3560541188559685,17517
Lateral Meniscus,positive,2,69,signal intensity,32,0.0018267968259405149,0.357880915681909,17517
Lateral Meniscus,positive,2,70,horn body,32,0.0018267968259405149,0.3597077125078495,17517
Lateral Meniscus,positive,2,71,in favor,32,0.0018267968259405149,0.36153450933379006,17517
Lateral Meniscus,positive,2,72,parte del,32,0.0018267968259405149,0.36336130615973056,17517
Lateral Meniscus,positive,2,73,degenerativne promjene,32,0.0018267968259405149,0.36518810298567106,17517
Lateral Meniscus,positive,2,74,favor of,31,0.0017697094251298737,0.36695781241080094,17517
Lateral Meniscus,positive,2,75,meniscus without,31,0.0017697094251298737,0.3687275218359308,17517
Lateral Meniscus,positive,2,76,латералния менискус,31,0.0017697094251298737,0.3704972312610607,17517
Lateral Meniscus,positive,2,77,into the,30,0.0017126220243192328,0.3722098532853799,17517
Lateral Meniscus,positive,2,78,posterior root,30,0.0017126220243192328,0.37392247530969913,17517
Lateral Meniscus,positive,2,79,anterior posterior,30,0.0017126220243192328,0.3756350973340184,17517
Lateral Meniscus,positive,2,80,i dejenerasyon,30,0.0017126220243192328,0.3773477193583376,17517
Lateral Meniscus,positive,2,81,with a,30,0.0017126220243192328,0.3790603413826569,17517
Lateral Meniscus,positive,2,82,at posterior,29,0.0016555346235085917,0.38071587600616547,17517
Lateral Meniscus,positive,2,83,рог на,29,0.0016555346235085917,0.38237141062967406,17517
Lateral Meniscus,positive,2,84,bucket handle,29,0.0016555346235085917,0.38402694525318265,17517
Lateral Meniscus,positive,2,85,intensity in,28,0.0015984472226979506,0.38562539247588057,17517
Lateral Meniscus,positive,2,86,r o,28,0.0015984472226979506,0.38722383969857854,17517
Lateral Meniscus,positive,2,87,laterale meniscus,28,0.0015984472226979506,0.38882228692127646,17517
Lateral Meniscus,positive,2,88,rotura de,28,0.0015984472226979506,0.39042073414397443,17517
Lateral Meniscus,positive,2,89,meniska bez,28,0.0015984472226979506,0.39201918136667235,17517
Lateral Meniscus,positive,2,90,intrasubstance degeneration,28,0.0015984472226979506,0.3936176285893703,17517
Lateral Meniscus,positive,2,91,linear signal,27,0.0015413598218873095,0.39515898841125763,17517
Lateral Meniscus,positive,2,92,meniscus tear,27,0.0015413598218873095,0.39670034823314493,17517
Lateral Meniscus,positive,2,93,medial meniskuste,27,0.0015413598218873095,0.39824170805503223,17517
Lateral Meniscus,positive,2,94,extrusion meniscal,27,0.0015413598218873095,0.3997830678769196,17517
Lateral Meniscus,positive,2,95,ve lateral,26,0.0014842724210766683,0.4012673402979962,17517
Lateral Meniscus,positive,2,96,van de,26,0.0014842724210766683,0.4027516127190729,17517
Lateral Meniscus,positive,2,97,is a,26,0.0014842724210766683,0.4042358851401496,17517
Lateral Meniscus,positive,2,98,anterior cuerpo,26,0.0014842724210766683,0.40572015756122626,17517
Lateral Meniscus,positive,2,99,longitudinal vertical,26,0.0014842724210766683,0.4072044299823029,17517
Lateral Meniscus,positive,2,100,govde kesimde,25,0.0014271850202660272,0.40863161500256895,17517
Lateral Meniscus,uncertain,1,1,lateral,95,0.08112724167378309,0.08112724167378309,1171
Lateral Meniscus,uncertain,1,2,the,81,0.06917164816396243,0.1502988898377455,1171
Lateral Meniscus,uncertain,1,3,meniscus,74,0.0631938514090521,0.2134927412467976,1171
Lateral Meniscus,uncertain,1,4,of,68,0.05807002561912895,0.27156276686592656,1171
Lateral Meniscus,uncertain,1,5,tear,61,0.05209222886421862,0.32365499573014517,1171
Lateral Meniscus,uncertain,1,6,at,30,0.025619128949615714,0.3492741246797609,1171
Lateral Meniscus,uncertain,1,7,horn,29,0.024765157984628524,0.3740392826643894,1171
Lateral Meniscus,uncertain,1,8,posterior,28,0.02391118701964133,0.39795046968403075,1171
Lateral Meniscus,uncertain,1,9,small,21,0.017933390264730998,0.41588385994876176,1171
Lateral Meniscus,uncertain,1,10,no,20,0.017079419299743808,0.43296327924850553,1171
Lateral Meniscus,uncertain,1,11,suspected,20,0.017079419299743808,0.45004269854824935,1171
Lateral Meniscus,uncertain,1,12,compartment,19,0.016225448334756618,0.466268146883006,1171
Lateral Meniscus,uncertain,1,13,definite,18,0.015371477369769428,0.4816396242527754,1171
Lateral Meniscus,uncertain,1,14,anterior,18,0.015371477369769428,0.49701110162254486,1171
Lateral Meniscus,uncertain,1,15,radial,17,0.014517506404782237,0.511528608027327,1171
Lateral Meniscus,uncertain,1,16,is,16,0.013663535439795047,0.5251921434671221,1171
Lateral Meniscus,uncertain,1,17,suspicious,14,0.011955593509820665,0.5371477369769427,1171
Lateral Meniscus,uncertain,1,18,there,14,0.011955593509820665,0.5491033304867634,1171
Lateral Meniscus,uncertain,1,19,with,13,0.011101622544833475,0.5602049530315969,1171
Lateral Meniscus,uncertain,1,20,free,13,0.011101622544833475,0.5713065755764304,1171
Lateral Meniscus,uncertain,1,21,edge,13,0.011101622544833475,0.5824081981212639,1171
Lateral Meniscus,uncertain,1,22,body,13,0.011101622544833475,0.5935098206660974,1171
Lateral Meniscus,uncertain,1,23,in,12,0.010247651579846286,0.6037574722459437,1171
Lateral Meniscus,uncertain,1,24,medial,11,0.009393680614859094,0.6131511528608027,1171
Lateral Meniscus,uncertain,1,25,suspect,10,0.008539709649871904,0.6216908625106746,1171
Lateral Meniscus,uncertain,1,26,root,9,0.007685738684884714,0.6293766011955594,1171
Lateral Meniscus,uncertain,1,27,or,8,0.006831767719897523,0.6362083689154568,1171
Lateral Meniscus,uncertain,1,28,del,8,0.006831767719897523,0.6430401366353544,1171
Lateral Meniscus,uncertain,1,29,de,8,0.006831767719897523,0.6498719043552519,1171
Lateral Meniscus,uncertain,1,30,this,6,0.005123825789923143,0.6549957301451751,1171
Lateral Meniscus,uncertain,1,31,study,6,0.005123825789923143,0.6601195559350982,1171
Lateral Meniscus,uncertain,1,32,meniska,6,0.005123825789923143,0.6652433817250214,1171
Lateral Meniscus,uncertain,1,33,degeneration,6,0.005123825789923143,0.6703672075149445,1171
Lateral Meniscus,uncertain,1,34,for,6,0.005123825789923143,0.6754910333048676,1171
Lateral Meniscus,uncertain,1,35,probable,6,0.005123825789923143,0.6806148590947908,1171
Lateral Meniscus,uncertain,1,36,horizontal,6,0.005123825789923143,0.6857386848847139,1171
Lateral Meniscus,uncertain,1,37,lateralnog,5,0.004269854824935952,0.6900085397096499,1171
Lateral Meniscus,uncertain,1,38,signala,4,0.0034158838599487617,0.6934244235695987,1171
Lateral Meniscus,uncertain,1,39,into,4,0.0034158838599487617,0.6968403074295474,1171
Lateral Meniscus,uncertain,1,40,con,4,0.0034158838599487617,0.7002561912894961,1171
Lateral Meniscus,uncertain,1,41,rotura,4,0.0034158838599487617,0.703672075149445,1171
Lateral Meniscus,uncertain,1,42,cuerno,4,0.0034158838599487617,0.7070879590093937,1171
Lateral Meniscus,uncertain,1,43,menisco,4,0.0034158838599487617,0.7105038428693424,1171
Lateral Meniscus,uncertain,1,44,flip,4,0.0034158838599487617,0.7139197267292912,1171
Lateral Meniscus,uncertain,1,45,intercondylar,4,0.0034158838599487617,0.71733561058924,1171
Lateral Meniscus,uncertain,1,46,region,4,0.0034158838599487617,0.7207514944491887,1171
Lateral Meniscus,uncertain,1,47,meniscal,4,0.0034158838599487617,0.7241673783091375,1171
Lateral Meniscus,uncertain,1,48,and,4,0.0034158838599487617,0.7275832621690862,1171
Lateral Meniscus,uncertain,1,49,op,4,0.0034158838599487617,0.730999146029035,1171
Lateral Meniscus,uncertain,1,50,van,4,0.0034158838599487617,0.7344150298889838,1171
Lateral Meniscus,uncertain,1,51,without,3,0.0025619128949615714,0.7369769427839453,1171
Lateral Meniscus,uncertain,1,52,intenzitet,3,0.0025619128949615714,0.7395388556789069,1171
Lateral Meniscus,uncertain,1,53,roga,3,0.0025619128949615714,0.7421007685738685,1171
Lateral Meniscus,uncertain,1,54,moguce,3,0.0025619128949615714,0.7446626814688301,1171
Lateral Meniscus,uncertain,1,55,injury,3,0.0025619128949615714,0.7472245943637916,1171
Lateral Meniscus,uncertain,1,56,signal,3,0.0025619128949615714,0.7497865072587532,1171
Lateral Meniscus,uncertain,1,57,surface,3,0.0025619128949615714,0.7523484201537147,1171
Lateral Meniscus,uncertain,1,58,bone,3,0.0025619128949615714,0.7549103330486764,1171
Lateral Meniscus,uncertain,1,59,marginal,3,0.0025619128949615714,0.7574722459436379,1171
Lateral Meniscus,uncertain,1,60,6,3,0.0025619128949615714,0.7600341588385995,1171
Lateral Meniscus,uncertain,1,61,dd,3,0.0025619128949615714,0.762596071733561,1171
Lateral Meniscus,uncertain,1,62,im,3,0.0025619128949615714,0.7651579846285226,1171
Lateral Meniscus,uncertain,1,63,longitudinal,3,0.0025619128949615714,0.7677198975234842,1171
Lateral Meniscus,uncertain,1,64,vertical,3,0.0025619128949615714,0.7702818104184458,1171
Lateral Meniscus,uncertain,1,65,to,3,0.0025619128949615714,0.7728437233134073,1171
Lateral Meniscus,uncertain,1,66,scheur,3,0.0025619128949615714,0.7754056362083689,1171
Lateral Meniscus,uncertain,1,67,incomplete,2,0.0017079419299743809,0.7771135781383433,1171
Lateral Meniscus,uncertain,1,68,discoid,2,0.0017079419299743809,0.7788215200683177,1171
Lateral Meniscus,uncertain,1,69,povisen,2,0.0017079419299743809,0.7805294619982921,1171
Lateral Meniscus,uncertain,1,70,tijela,2,0.0017079419299743809,0.7822374039282665,1171
Lateral Meniscus,uncertain,1,71,i,2,0.0017079419299743809,0.7839453458582408,1171
Lateral Meniscus,uncertain,1,72,uslijed,2,0.0017079419299743809,0.7856532877882152,1171
Lateral Meniscus,uncertain,1,73,rupture,2,0.0017079419299743809,0.7873612297181896,1171
Lateral Meniscus,uncertain,1,74,oa,2,0.0017079419299743809,0.7890691716481639,1171
Lateral Meniscus,uncertain,1,75,linear,2,0.0017079419299743809,0.7907771135781383,1171
Lateral Meniscus,uncertain,1,76,intensity,2,0.0017079419299743809,0.7924850555081128,1171
Lateral Meniscus,uncertain,1,77,extending,2,0.0017079419299743809,0.7941929974380871,1171
Lateral Meniscus,uncertain,1,78,r,2,0.0017079419299743809,0.7959009393680615,1171
Lateral Meniscus,uncertain,1,79,o,2,0.0017079419299743809,0.7976088812980359,1171
Lateral Meniscus,uncertain,1,80,3,2,0.0017079419299743809,0.7993168232280102,1171
Lateral Meniscus,uncertain,1,81,fibrilacion,2,0.0017079419299743809,0.8010247651579846,1171
Lateral Meniscus,uncertain,1,82,partial,2,0.0017079419299743809,0.802732707087959,1171
Lateral Meniscus,uncertain,1,83,erosion,2,0.0017079419299743809,0.8044406490179334,1171
Lateral Meniscus,uncertain,1,84,subjacent,2,0.0017079419299743809,0.8061485909479078,1171
Lateral Meniscus,uncertain,1,85,fenomenos,2,0.0017079419299743809,0.8078565328778822,1171
Lateral Meniscus,uncertain,1,86,degenerativos,2,0.0017079419299743809,0.8095644748078565,1171
Lateral Meniscus,uncertain,1,87,marginales,2,0.0017079419299743809,0.8112724167378309,1171
Lateral Meniscus,uncertain,1,88,y,2,0.0017079419299743809,0.8129803586678053,1171
Lateral Meniscus,uncertain,1,89,parte,2,0.0017079419299743809,0.8146883005977796,1171
Lateral Meniscus,uncertain,1,90,la,2,0.0017079419299743809,0.816396242527754,1171
Lateral Meniscus,uncertain,1,91,raiz,2,0.0017079419299743809,0.8181041844577285,1171
Lateral Meniscus,uncertain,1,92,noted,2,0.0017079419299743809,0.8198121263877028,1171
Lateral Meniscus,uncertain,1,93,signalanhebung,2,0.0017079419299743809,0.8215200683176772,1171
Lateral Meniscus,uncertain,1,94,des,2,0.0017079419299743809,0.8232280102476516,1171
Lateral Meniscus,uncertain,1,95,mukoide,2,0.0017079419299743809,0.8249359521776259,1171
Lateral Meniscus,uncertain,1,96,srs,2,0.0017079419299743809,0.8266438941076003,1171
Lateral Meniscus,uncertain,1,97,id,2,0.0017079419299743809,0.8283518360375747,1171
Lateral Meniscus,uncertain,1,98,img,2,0.0017079419299743809,0.8300597779675492,1171
Lateral Meniscus,uncertain,1,99,bucket,2,0.0017079419299743809,0.8317677198975235,1171
Lateral Meniscus,uncertain,1,100,handle,2,0.0017079419299743809,0.8334756618274979,1171
Lateral Meniscus,uncertain,2,1,lateral meniscus,69,0.06347746090156393,0.06347746090156393,1087
Lateral Meniscus,uncertain,2,2,the lateral,45,0.04139834406623735,0.10487580496780129,1087
Lateral Meniscus,uncertain,2,3,of the,34,0.031278748850046,0.13615455381784727,1087
Lateral Meniscus,uncertain,2,4,at the,27,0.02483900643974241,0.1609935602575897,1087
Lateral Meniscus,uncertain,2,5,tear at,26,0.02391904323827047,0.18491260349586017,1087
Lateral Meniscus,uncertain,2,6,horn of,24,0.02207911683532659,0.20699172033118676,1087
Lateral Meniscus,uncertain,2,7,posterior horn,19,0.017479300827966882,0.22447102115915363,1087
Lateral Meniscus,uncertain,2,8,lateral compartment,18,0.01655933762649494,0.24103035878564857,1087
Lateral Meniscus,uncertain,2,9,no definite,18,0.01655933762649494,0.2575896964121435,1087
Lateral Meniscus,uncertain,2,10,definite tear,17,0.015639374425023,0.2732290708371665,1087
Lateral Meniscus,uncertain,2,11,tear of,16,0.014719411223551058,0.28794848206071755,1087
Lateral Meniscus,uncertain,2,12,suspected small,16,0.014719411223551058,0.30266789328426863,1087
Lateral Meniscus,uncertain,2,13,of lateral,15,0.013799448022079117,0.31646734130634774,1087
Lateral Meniscus,uncertain,2,14,small radial,14,0.012879484820607176,0.32934682612695493,1087
Lateral Meniscus,uncertain,2,15,compartment there,13,0.011959521619135235,0.34130634774609014,1087
Lateral Meniscus,uncertain,2,16,there is,13,0.011959521619135235,0.3532658693652254,1087
Lateral Meniscus,uncertain,2,17,free edge,13,0.011959521619135235,0.36522539098436063,1087
Lateral Meniscus,uncertain,2,18,body of,13,0.011959521619135235,0.37718491260349585,1087
Lateral Meniscus,uncertain,2,19,the posterior,12,0.011039558417663294,0.38822447102115915,1087
Lateral Meniscus,uncertain,2,20,radial free,12,0.011039558417663294,0.39926402943882244,1087
Lateral Meniscus,uncertain,2,21,edge tear,12,0.011039558417663294,0.41030358785648574,1087
Lateral Meniscus,uncertain,2,22,the body,11,0.010119595216191352,0.4204231830726771,1087
Lateral Meniscus,uncertain,2,23,anterior horn,10,0.00919963201471941,0.4296228150873965,1087
Lateral Meniscus,uncertain,2,24,of medial,9,0.00827966881324747,0.43790248390064396,1087
Lateral Meniscus,uncertain,2,25,is suspected,9,0.00827966881324747,0.44618215271389144,1087
Lateral Meniscus,uncertain,2,26,medial or,8,0.007359705611775529,0.45354185832566696,1087
Lateral Meniscus,uncertain,2,27,or lateral,8,0.007359705611775529,0.4609015639374425,1087
Lateral Meniscus,uncertain,2,28,meniscus no,7,0.006439742410303588,0.46734130634774607,1087
Lateral Meniscus,uncertain,2,29,meniscus in,6,0.005519779208831647,0.47286108555657774,1087
Lateral Meniscus,uncertain,2,30,in this,6,0.005519779208831647,0.47838086476540936,1087
Lateral Meniscus,uncertain,2,31,this study,6,0.005519779208831647,0.48390064397424104,1087
Lateral Meniscus,uncertain,2,32,meniscus with,6,0.005519779208831647,0.48942042318307266,1087
Lateral Meniscus,uncertain,2,33,of anterior,6,0.005519779208831647,0.49494020239190434,1087
Lateral Meniscus,uncertain,2,34,horizontal tear,6,0.005519779208831647,0.500459981600736,1087
Lateral Meniscus,uncertain,2,35,lateralnog meniska,5,0.004599816007359705,0.5050597976080957,1087
Lateral Meniscus,uncertain,2,36,tear with,5,0.004599816007359705,0.5096596136154554,1087
Lateral Meniscus,uncertain,2,37,radial tear,5,0.004599816007359705,0.5142594296228151,1087
Lateral Meniscus,uncertain,2,38,posterior root,4,0.0036798528058877645,0.5179392824287029,1087
Lateral Meniscus,uncertain,2,39,suspicious for,4,0.0036798528058877645,0.5216191352345906,1087
Lateral Meniscus,uncertain,2,40,con probable,4,0.0036798528058877645,0.5252989880404784,1087
Lateral Meniscus,uncertain,2,41,probable rotura,4,0.0036798528058877645,0.5289788408463661,1087
Lateral Meniscus,uncertain,2,42,del cuerno,4,0.0036798528058877645,0.5326586936522539,1087
Lateral Meniscus,uncertain,2,43,del menisco,4,0.0036798528058877645,0.5363385464581417,1087
Lateral Meniscus,uncertain,2,44,menisco lateral,4,0.0036798528058877645,0.5400183992640294,1087
Lateral Meniscus,uncertain,2,45,meniscus suspicious,4,0.0036798528058877645,0.5436982520699172,1087
Lateral Meniscus,uncertain,2,46,anterior root,4,0.0036798528058877645,0.547378104875805,1087
Lateral Meniscus,uncertain,2,47,with suspect,4,0.0036798528058877645,0.5510579576816927,1087
Lateral Meniscus,uncertain,2,48,intercondylar region,4,0.0036798528058877645,0.5547378104875805,1087
Lateral Meniscus,uncertain,2,49,small horizontal,4,0.0036798528058877645,0.5584176632934683,1087
Lateral Meniscus,uncertain,2,50,meniscus without,3,0.0027598896044158236,0.5611775528978841,1087
Lateral Meniscus,uncertain,2,51,is suspicious,3,0.0027598896044158236,0.5639374425022999,1087
Lateral Meniscus,uncertain,2,52,intenzitet signala,3,0.0027598896044158236,0.5666973321067157,1087
Lateral Meniscus,uncertain,2,53,root of,3,0.0027598896044158236,0.5694572217111316,1087
Lateral Meniscus,uncertain,2,54,rotura del,3,0.0027598896044158236,0.5722171113155474,1087
Lateral Meniscus,uncertain,2,55,at anterior,3,0.0027598896044158236,0.5749770009199632,1087
Lateral Meniscus,uncertain,2,56,vertical tear,3,0.0027598896044158236,0.577736890524379,1087
Lateral Meniscus,uncertain,2,57,scheur op,3,0.0027598896044158236,0.5804967801287948,1087
Lateral Meniscus,uncertain,2,58,op de,3,0.0027598896044158236,0.5832566697332107,1087
Lateral Meniscus,uncertain,2,59,van de,3,0.0027598896044158236,0.5860165593376265,1087
Lateral Meniscus,uncertain,2,60,suspicious incomplete,2,0.0018399264029438822,0.5878564857405704,1087
Lateral Meniscus,uncertain,2,61,incomplete discoid,2,0.0018399264029438822,0.5896964121435143,1087
Lateral Meniscus,uncertain,2,62,discoid lateral,2,0.0018399264029438822,0.5915363385464582,1087
Lateral Meniscus,uncertain,2,63,without tear,2,0.0018399264029438822,0.593376264949402,1087
Lateral Meniscus,uncertain,2,64,povisen intenzitet,2,0.0018399264029438822,0.5952161913523459,1087
Lateral Meniscus,uncertain,2,65,roga lateralnog,2,0.0018399264029438822,0.5970561177552898,1087
Lateral Meniscus,uncertain,2,66,meniska moguce,2,0.0018399264029438822,0.5988960441582337,1087
Lateral Meniscus,uncertain,2,67,moguce uslijed,2,0.0018399264029438822,0.6007359705611776,1087
Lateral Meniscus,uncertain,2,68,suspect posterior,2,0.0018399264029438822,0.6025758969641214,1087
Lateral Meniscus,uncertain,2,69,linear signal,2,0.0018399264029438822,0.6044158233670653,1087
Lateral Meniscus,uncertain,2,70,signal intensity,2,0.0018399264029438822,0.6062557497700092,1087
Lateral Meniscus,uncertain,2,71,intensity in,2,0.0018399264029438822,0.6080956761729531,1087
Lateral Meniscus,uncertain,2,72,with suspicious,2,0.0018399264029438822,0.609935602575897,1087
Lateral Meniscus,uncertain,2,73,extending into,2,0.0018399264029438822,0.6117755289788408,1087
Lateral Meniscus,uncertain,2,74,into the,2,0.0018399264029438822,0.6136154553817847,1087
Lateral Meniscus,uncertain,2,75,the surface,2,0.0018399264029438822,0.6154553817847286,1087
Lateral Meniscus,uncertain,2,76,surface r,2,0.0018399264029438822,0.6172953081876725,1087
Lateral Meniscus,uncertain,2,77,r o,2,0.0018399264029438822,0.6191352345906164,1087
Lateral Meniscus,uncertain,2,78,o degeneration,2,0.0018399264029438822,0.6209751609935602,1087
Lateral Meniscus,uncertain,2,79,injury at,2,0.0018399264029438822,0.6228150873965042,1087
Lateral Meniscus,uncertain,2,80,of posterior,2,0.0018399264029438822,0.624655013799448,1087
Lateral Meniscus,uncertain,2,81,suspect tear,2,0.0018399264029438822,0.6264949402023919,1087
Lateral Meniscus,uncertain,2,82,fibrilacion marginal,2,0.0018399264029438822,0.6283348666053358,1087
Lateral Meniscus,uncertain,2,83,marginal con,2,0.0018399264029438822,0.6301747930082797,1087
Lateral Meniscus,uncertain,2,84,cuerno anterior,2,0.0018399264029438822,0.6320147194112236,1087
Lateral Meniscus,uncertain,2,85,anterior del,2,0.0018399264029438822,0.6338546458141674,1087
Lateral Meniscus,uncertain,2,86,for anterior,2,0.0018399264029438822,0.6356945722171113,1087
Lateral Meniscus,uncertain,2,87,root partial,2,0.0018399264029438822,0.6375344986200552,1087
Lateral Meniscus,uncertain,2,88,partial tear,2,0.0018399264029438822,0.6393744250229991,1087
Lateral Meniscus,uncertain,2,89,with erosion,2,0.0018399264029438822,0.641214351425943,1087
Lateral Meniscus,uncertain,2,90,erosion of,2,0.0018399264029438822,0.6430542778288868,1087
Lateral Meniscus,uncertain,2,91,the subjacent,2,0.0018399264029438822,0.6448942042318307,1087
Lateral Meniscus,uncertain,2,92,subjacent bone,2,0.0018399264029438822,0.6467341306347746,1087
Lateral Meniscus,uncertain,2,93,compartment lateral,2,0.0018399264029438822,0.6485740570377185,1087
Lateral Meniscus,uncertain,2,94,horn lateral,2,0.0018399264029438822,0.6504139834406624,1087
Lateral Meniscus,uncertain,2,95,meniscus tear,2,0.0018399264029438822,0.6522539098436062,1087
Lateral Meniscus,uncertain,2,96,suspect flip,2,0.0018399264029438822,0.6540938362465502,1087
Lateral Meniscus,uncertain,2,97,flip into,2,0.0018399264029438822,0.655933762649494,1087
Lateral Meniscus,uncertain,2,98,into intercondylar,2,0.0018399264029438822,0.6577736890524379,1087
Lateral Meniscus,uncertain,2,99,fenomenos degenerativos,2,0.0018399264029438822,0.6596136154553818,1087
Lateral Meniscus,uncertain,2,100,degenerativos marginales,2,0.0018399264029438822,0.6614535418583257,1087
Lateral OA,negative,1,1,cartilage,1232,0.12065419645480364,0.12065419645480364,10211
Lateral OA,negative,1,2,lateral,909,0.08902164332582509,0.20967583978062873,10211
Lateral OA,negative,1,3,compartment,779,0.07629027519341887,0.2859661149740476,10211
Lateral OA,negative,1,4,no,569,0.05572421897953188,0.34169033395357945,10211
Lateral OA,negative,1,5,focal,557,0.054549015767309764,0.39623934972088926,10211
Lateral OA,negative,1,6,defects,454,0.04446185486240329,0.44070120458329254,10211
Lateral OA,negative,1,7,the,311,0.03045734991675644,0.47115855450004895,10211
Lateral OA,negative,1,8,is,269,0.026344138673979042,0.497502693174028,10211
Lateral OA,negative,1,9,de,252,0.02467926745666438,0.5221819606306924,10211
Lateral OA,negative,1,10,and,222,0.0217412594261091,0.5439232200568015,10211
Lateral OA,negative,1,11,meniscus,221,0.021643325825090588,0.565566545881892,10211
Lateral OA,negative,1,12,sin,187,0.01831358339046127,0.5838801292723533,10211
Lateral OA,negative,1,13,cartilagos,183,0.01792184898638723,0.6018019782587406,10211
Lateral OA,negative,1,14,alteraciones,183,0.01792184898638723,0.6197238272451278,10211
Lateral OA,negative,1,15,articular,175,0.017138380178239154,0.636862207423367,10211
Lateral OA,negative,1,16,y,174,0.017040446577220644,0.6539026540005876,10211
Lateral OA,negative,1,17,compartimentos,172,0.016844579375183626,0.6707472333757712,10211
Lateral OA,negative,1,18,femorotibiales,168,0.016452844971109586,0.6872000783468808,10211
Lateral OA,negative,1,19,normal,168,0.016452844971109586,0.7036529233179905,10211
Lateral OA,negative,1,20,los,167,0.01635491137009108,0.7200078346880815,10211
Lateral OA,negative,1,21,there,116,0.011360297718147096,0.7313681324062286,10211
Lateral OA,negative,1,22,chondrosis,110,0.01077269611203604,0.7421408285182646,10211
Lateral OA,negative,1,23,not,108,0.01057682890999902,0.7527176574282637,10211
Lateral OA,negative,1,24,torn,108,0.01057682890999902,0.7632944863382627,10211
Lateral OA,negative,1,25,or,106,0.010380961707962003,0.7736754480462247,10211
Lateral OA,negative,1,26,chondral,106,0.010380961707962003,0.7840564097541867,10211
Lateral OA,negative,1,27,injury,106,0.010380961707962003,0.7944373714621487,10211
Lateral OA,negative,1,28,femorotibial,90,0.00881402409166585,0.8032513955538145,10211
Lateral OA,negative,1,29,collateral,84,0.008226422485554793,0.8114778180393694,10211
Lateral OA,negative,1,30,preserved,79,0.007736754480462247,0.8192145725198315,10211
Lateral OA,negative,1,31,ligament,78,0.007638820879443737,0.8268533933992753,10211
Lateral OA,negative,1,32,complex,78,0.007638820879443737,0.834492214278719,10211
Lateral OA,negative,1,33,femoral,77,0.007540887278425228,0.8420331015571443,10211
Lateral OA,negative,1,34,la,76,0.007442953677406718,0.8494760552345509,10211
Lateral OA,negative,1,35,troclea,76,0.007442953677406718,0.8569190089119577,10211
Lateral OA,negative,1,36,patelofemoral,55,0.00538634805601802,0.8623053569679757,10211
Lateral OA,negative,1,37,intact,53,0.005190480853981001,0.8674958378219567,10211
Lateral OA,negative,1,38,appears,50,0.004896680050925473,0.8723925178728822,10211
Lateral OA,negative,1,39,medial,45,0.004407012045832925,0.8767995299187151,10211
Lateral OA,negative,1,40,tibiofemoral,39,0.0038194104397218684,0.880618940358437,10211
Lateral OA,negative,1,41,del,34,0.0033297424346293214,0.8839486827930663,10211
Lateral OA,negative,1,42,compartimento,30,0.0029380080305552833,0.8868866908236216,10211
Lateral OA,negative,1,43,including,30,0.0029380080305552833,0.8898246988541769,10211
Lateral OA,negative,1,44,patellofemoral,28,0.0027421408285182645,0.8925668396826951,10211
Lateral OA,negative,1,45,lateraal,28,0.0027421408285182645,0.8953089805112134,10211
Lateral OA,negative,1,46,femorotibiaal,28,0.0027421408285182645,0.8980511213397316,10211
Lateral OA,negative,1,47,patelofemorales,26,0.0025462736264812457,0.9005973949662129,10211
Lateral OA,negative,1,48,geen,26,0.0025462736264812457,0.9031436685926941,10211
Lateral OA,negative,1,49,majeure,26,0.0025462736264812457,0.9056899422191754,10211
Lateral OA,negative,1,50,kraakbeendefecten,26,0.0025462736264812457,0.9082362158456566,10211
Lateral OA,negative,1,51,significativas,23,0.0022524728234257175,0.9104886886690824,10211
Lateral OA,negative,1,52,keine,20,0.001958672020370189,0.9124473606894525,10211
Lateral OA,negative,1,53,lateralen,20,0.001958672020370189,0.9144060327098228,10211
Lateral OA,negative,1,54,mediaal,20,0.001958672020370189,0.9163647047301929,10211
Lateral OA,negative,1,55,και,19,0.0018607384193516795,0.9182254431495446,10211
Lateral OA,negative,1,56,εξω,19,0.0018607384193516795,0.9200861815688963,10211
Lateral OA,negative,1,57,chondropathie,19,0.0018607384193516795,0.921946919988248,10211
Lateral OA,negative,1,58,im,18,0.00176280481833317,0.9237097248065811,10211
Lateral OA,negative,1,59,kompartiment,18,0.00176280481833317,0.9254725296249143,10211
Lateral OA,negative,1,60,του,17,0.0016648712173146607,0.927137400842229,10211
Lateral OA,negative,1,61,cartilago,16,0.0015669376162961513,0.9287043384585251,10211
Lateral OA,negative,1,62,en,15,0.0014690040152776417,0.9301733424738028,10211
Lateral OA,negative,1,63,senal,14,0.0013710704142591323,0.9315444128880619,10211
Lateral OA,negative,1,64,διαμερισμα,14,0.0013710704142591323,0.932915483302321,10211
Lateral OA,negative,1,65,und,12,0.0011752032122221135,0.9340906865145432,10211
Lateral OA,negative,1,66,likewise,12,0.0011752032122221135,0.9352658897267653,10211
Lateral OA,negative,1,67,εσω,11,0.001077269611203604,0.9363431593379689,10211
Lateral OA,negative,1,68,of,11,0.001077269611203604,0.9374204289491724,10211
Lateral OA,negative,1,69,grosor,10,0.0009793360101850944,0.9383997649593575,10211
Lateral OA,negative,1,70,thickness,10,0.0009793360101850944,0.9393791009695427,10211
Lateral OA,negative,1,71,are,10,0.0009793360101850944,0.9403584369797278,10211
Lateral OA,negative,1,72,ευρηματα,10,0.0009793360101850944,0.9413377729899128,10211
Lateral OA,negative,1,73,wesentliche,10,0.0009793360101850944,0.9423171090000979,10211
Lateral OA,negative,1,74,σε,9,0.000881402409166585,0.9431985114092645,10211
Lateral OA,negative,1,75,δεν,9,0.000881402409166585,0.9440799138184311,10211
Lateral OA,negative,1,76,medialen,9,0.000881402409166585,0.9449613162275977,10211
Lateral OA,negative,1,77,femorotibialen,9,0.000881402409166585,0.9458427186367643,10211
Lateral OA,negative,1,78,αρθρικος,8,0.0007834688081480756,0.9466261874449123,10211
Lateral OA,negative,1,79,χονδρος,8,0.0007834688081480756,0.9474096562530604,10211
Lateral OA,negative,1,80,full,8,0.0007834688081480756,0.9481931250612085,10211
Lateral OA,negative,1,81,in,8,0.0007834688081480756,0.9489765938693566,10211
Lateral OA,negative,1,82,αρθρικου,8,0.0007834688081480756,0.9497600626775047,10211
Lateral OA,negative,1,83,χονδρου,8,0.0007834688081480756,0.9505435314856527,10211
Lateral OA,negative,1,84,compartiment,8,0.0007834688081480756,0.9513270002938008,10211
Lateral OA,negative,1,85,ο,7,0.0006855352071295661,0.9520125355009303,10211
Lateral OA,negative,1,86,espesor,6,0.0005876016061110567,0.9526001371070414,10211
Lateral OA,negative,1,87,deep,6,0.0005876016061110567,0.9531877387131524,10211
Lateral OA,negative,1,88,joint,6,0.0005876016061110567,0.9537753403192636,10211
Lateral OA,negative,1,89,trochlear,6,0.0005876016061110567,0.9543629419253746,10211
Lateral OA,negative,1,90,defect,6,0.0005876016061110567,0.9549505435314857,10211
Lateral OA,negative,1,91,ставният,6,0.0005876016061110567,0.9555381451375967,10211
Lateral OA,negative,1,92,хрущял,6,0.0005876016061110567,0.9561257467437078,10211
Lateral OA,negative,1,93,от,6,0.0005876016061110567,0.9567133483498188,10211
Lateral OA,negative,1,94,латералната,6,0.0005876016061110567,0.9573009499559298,10211
Lateral OA,negative,1,95,страна,6,0.0005876016061110567,0.9578885515620409,10211
Lateral OA,negative,1,96,на,6,0.0005876016061110567,0.958476153168152,10211
Lateral OA,negative,1,97,ставата,6,0.0005876016061110567,0.9590637547742631,10211
Lateral OA,negative,1,98,е,6,0.0005876016061110567,0.9596513563803741,10211
Lateral OA,negative,1,99,conservados,6,0.0005876016061110567,0.9602389579864852,10211
Lateral OA,negative,1,100,condrales,6,0.0005876016061110567,0.9608265595925962,10211
Lateral OA,negative,2,1,lateral compartment,771,0.08503363846917393,0.08503363846917393,9067
Lateral OA,negative,2,2,no focal,554,0.06110069482739605,0.14613433329656997,9067
Lateral OA,negative,2,3,compartment cartilage,484,0.05338039042682254,0.19951472372339252,9067
Lateral OA,negative,2,4,cartilage defects,454,0.05007168854086247,0.249586412264255,9067
Lateral OA,negative,2,5,cartilage no,448,0.049409948163670454,0.29899636042792543,9067
Lateral OA,negative,2,6,focal cartilage,442,0.04874820778647844,0.34774456821440386,9067
Lateral OA,negative,2,7,the lateral,187,0.020624241755817802,0.3683688099702217,9067
Lateral OA,negative,2,8,sin alteraciones,182,0.02007279144149112,0.3884416014117128,9067
Lateral OA,negative,2,9,articular cartilage,175,0.01930076100143377,0.4077423624131466,9067
Lateral OA,negative,2,10,compartimentos femorotibiales,168,0.01852873056137642,0.426271092974523,9067
Lateral OA,negative,2,11,los compartimentos,165,0.018197860372780414,0.4444689533473034,9067
Lateral OA,negative,2,12,de los,149,0.01643321936693504,0.46090217271423845,9067
Lateral OA,negative,2,13,femorotibiales y,145,0.015992059115473696,0.47689423182971213,9067
Lateral OA,negative,2,14,cartilagos de,138,0.015220028675416344,0.49211426050512846,9067
Lateral OA,negative,2,15,there is,110,0.012131906915186941,0.5042461674203155,9067
Lateral OA,negative,2,16,meniscus is,109,0.012021616852321606,0.5162677842726371,9067
Lateral OA,negative,2,17,compartment the,108,0.01191132678945627,0.5281791110620933,9067
Lateral OA,negative,2,18,the meniscus,108,0.01191132678945627,0.5400904378515495,9067
Lateral OA,negative,2,19,is not,108,0.01191132678945627,0.5520017646410058,9067
Lateral OA,negative,2,20,not torn,108,0.01191132678945627,0.5639130914304621,9067
Lateral OA,negative,2,21,torn and,108,0.01191132678945627,0.5758244182199184,9067
Lateral OA,negative,2,22,and there,108,0.01191132678945627,0.5877357450093746,9067
Lateral OA,negative,2,23,is no,108,0.01191132678945627,0.5996470717988309,9067
Lateral OA,negative,2,24,focal chondrosis,106,0.011690746663725599,0.6113378184625565,9067
Lateral OA,negative,2,25,chondrosis or,106,0.011690746663725599,0.6230285651262821,9067
Lateral OA,negative,2,26,or chondral,106,0.011690746663725599,0.6347193117900077,9067
Lateral OA,negative,2,27,chondral injury,106,0.011690746663725599,0.6464100584537333,9067
Lateral OA,negative,2,28,collateral ligament,78,0.008602624903496194,0.6550126833572295,9067
Lateral OA,negative,2,29,ligament complex,78,0.008602624903496194,0.6636153082607257,9067
Lateral OA,negative,2,30,y de,77,0.008492334840630859,0.6721076431013566,9067
Lateral OA,negative,2,31,de la,76,0.008382044777765524,0.6804896878791221,9067
Lateral OA,negative,2,32,la troclea,76,0.008382044777765524,0.6888717326568876,9067
Lateral OA,negative,2,33,troclea femoral,76,0.008382044777765524,0.6972537774346531,9067
Lateral OA,negative,2,34,compartment meniscus,76,0.008382044777765524,0.7056358222124186,9067
Lateral OA,negative,2,35,meniscus collateral,76,0.008382044777765524,0.7140178669901842,9067
Lateral OA,negative,2,36,complex cartilage,76,0.008382044777765524,0.7223999117679497,9067
Lateral OA,negative,2,37,cartilage normal,76,0.008382044777765524,0.7307819565457152,9067
Lateral OA,negative,2,38,femoral sin,75,0.008271754714900187,0.7390537112606154,9067
Lateral OA,negative,2,39,compartment articular,61,0.006727693834785485,0.7457814050954009,9067
Lateral OA,negative,2,40,y patelofemoral,55,0.006065953457593471,0.7518473585529943,9067
Lateral OA,negative,2,41,lateral femorotibial,50,0.005514503143266791,0.7573618616962612,9067
Lateral OA,negative,2,42,cartilage is,48,0.00529392301753612,0.7626557847137972,9067
Lateral OA,negative,2,43,patelofemoral sin,48,0.00529392301753612,0.7679497077313334,9067
Lateral OA,negative,2,44,and lateral,47,0.005183632954670784,0.7731333406860041,9067
Lateral OA,negative,2,45,medial and,44,0.004852762766074777,0.777986103452079,9067
Lateral OA,negative,2,46,femorotibial articular,42,0.004632182640344105,0.7826182860924231,9067
Lateral OA,negative,2,47,normal lateral,42,0.004632182640344105,0.7872504687327672,9067
Lateral OA,negative,2,48,lateral tibiofemoral,38,0.004191022388882762,0.79144149112165,9067
Lateral OA,negative,2,49,femorotibial lateral,34,0.0037498621374214185,0.7951913532590713,9067
Lateral OA,negative,2,50,meniscus and,33,0.0036395720745560824,0.7988309253336274,9067
Lateral OA,negative,2,51,is preserved,32,0.003529282011690747,0.8023602073453182,9067
Lateral OA,negative,2,52,preserved medial,30,0.003308701885960075,0.8056689092312782,9067
Lateral OA,negative,2,53,tibiofemoral and,30,0.003308701885960075,0.8089776111172383,9067
Lateral OA,negative,2,54,del compartimento,30,0.003308701885960075,0.8122863130031984,9067
Lateral OA,negative,2,55,compartimento femorotibial,30,0.003308701885960075,0.8155950148891585,9067
Lateral OA,negative,2,56,appears normal,30,0.003308701885960075,0.8189037167751185,9067
Lateral OA,negative,2,57,normal including,30,0.003308701885960075,0.8222124186610786,9067
Lateral OA,negative,2,58,including meniscus,30,0.003308701885960075,0.8255211205470387,9067
Lateral OA,negative,2,59,and articular,30,0.003308701885960075,0.8288298224329987,9067
Lateral OA,negative,2,60,and patellofemoral,28,0.0030881217602294034,0.8319179441932282,9067
Lateral OA,negative,2,61,patellofemoral articular,28,0.0030881217602294034,0.8350060659534576,9067
Lateral OA,negative,2,62,lateraal femorotibiaal,28,0.0030881217602294034,0.838094187713687,9067
Lateral OA,negative,2,63,cartilage intact,28,0.0030881217602294034,0.8411823094739164,9067
Lateral OA,negative,2,64,y patelofemorales,26,0.0028675416344987317,0.8440498511084151,9067
Lateral OA,negative,2,65,cartilagos del,26,0.0028675416344987317,0.8469173927429139,9067
Lateral OA,negative,2,66,geen majeure,26,0.0028675416344987317,0.8497849343774126,9067
Lateral OA,negative,2,67,majeure kraakbeendefecten,26,0.0028675416344987317,0.8526524760119113,9067
Lateral OA,negative,2,68,patelofemorales sin,25,0.0027572515716333956,0.8554097275835447,9067
Lateral OA,negative,2,69,alteraciones significativas,21,0.0023160913201720527,0.8577258189037168,9067
Lateral OA,negative,2,70,lateral sin,20,0.0022058012573067166,0.8599316201610235,9067
Lateral OA,negative,2,71,kraakbeendefecten mediaal,20,0.0022058012573067166,0.8621374214183302,9067
Lateral OA,negative,2,72,cartilage cartilage,20,0.0022058012573067166,0.8643432226756369,9067
Lateral OA,negative,2,73,cartilage appears,20,0.0022058012573067166,0.8665490239329436,9067
Lateral OA,negative,2,74,appears intact,20,0.0022058012573067166,0.8687548251902504,9067
Lateral OA,negative,2,75,cartilagos los,18,0.001985221131576045,0.8707400463218264,9067
Lateral OA,negative,2,76,compartment appears,18,0.001985221131576045,0.8727252674534024,9067
Lateral OA,negative,2,77,εξω διαμερισμα,14,0.0015440608801147017,0.8742693283335171,9067
Lateral OA,negative,2,78,femorotibiales sin,14,0.0015440608801147017,0.8758133892136318,9067
Lateral OA,negative,2,79,lateral y,14,0.0015440608801147017,0.8773574500937465,9067
Lateral OA,negative,2,80,cartilago de,13,0.0014337708172493658,0.8787912209109959,9067
Lateral OA,negative,2,81,y senal,13,0.0014337708172493658,0.8802249917282453,9067
Lateral OA,negative,2,82,mediaal en,13,0.0014337708172493658,0.8816587625454947,9067
Lateral OA,negative,2,83,en lateraal,13,0.0014337708172493658,0.8830925333627441,9067
Lateral OA,negative,2,84,και εξω,12,0.00132348075438403,0.884416014117128,9067
Lateral OA,negative,2,85,the medial,12,0.00132348075438403,0.885739494871512,9067
Lateral OA,negative,2,86,compartment likewise,12,0.00132348075438403,0.8870629756258961,9067
Lateral OA,negative,2,87,likewise appears,12,0.00132348075438403,0.8883864563802801,9067
Lateral OA,negative,2,88,εσω και,11,0.0012131906915186941,0.8895996470717988,9067
Lateral OA,negative,2,89,lateralen kompartiment,11,0.0012131906915186941,0.8908128377633175,9067
Lateral OA,negative,2,90,is normal,11,0.0012131906915186941,0.8920260284548363,9067
Lateral OA,negative,2,91,keine wesentliche,10,0.0011029006286533583,0.8931289290834896,9067
Lateral OA,negative,2,92,wesentliche chondropathie,10,0.0011029006286533583,0.894231829712143,9067
Lateral OA,negative,2,93,de grosor,9,0.0009926105657880224,0.8952244402779309,9067
Lateral OA,negative,2,94,grosor y,9,0.0009926105657880224,0.8962170508437189,9067
Lateral OA,negative,2,95,σε εσω,9,0.0009926105657880224,0.897209661409507,9067
Lateral OA,negative,2,96,im medialen,9,0.0009926105657880224,0.898202271975295,9067
Lateral OA,negative,2,97,medialen und,9,0.0009926105657880224,0.899194882541083,9067
Lateral OA,negative,2,98,und lateralen,9,0.0009926105657880224,0.9001874931068711,9067
Lateral OA,negative,2,99,im lateralen,9,0.0009926105657880224,0.9011801036726591,9067
Lateral OA,negative,2,100,lateralen femorotibialen,9,0.0009926105657880224,0.9021727142384471,9067
Lateral OA,positive,1,1,lateral,458,0.05015879969335232,0.05015879969335232,9131
Lateral OA,positive,1,2,compartment,248,0.027160223414740992,0.07731902310809331,9131
Lateral OA,positive,1,3,the,243,0.026612638265250246,0.10393166137334356,9131
Lateral OA,positive,1,4,cartilage,217,0.023765195487898367,0.12769685686124194,9131
Lateral OA,positive,1,5,de,214,0.02343664439820392,0.15113350125944586,9131
Lateral OA,positive,1,6,of,178,0.01949403132187055,0.17062753258131638,9131
Lateral OA,positive,1,7,and,168,0.018398861022889058,0.18902639360420545,9131
Lateral OA,positive,1,8,chondrosis,123,0.013470594677472346,0.2024969882816778,9131
Lateral OA,positive,1,9,femorotibial,105,0.011499288139305662,0.21399627642098346,9131
Lateral OA,positive,1,10,ve,95,0.01040411784032417,0.22440039426130765,9131
Lateral OA,positive,1,11,at,95,0.01040411784032417,0.2348045121016318,9131
Lateral OA,positive,1,12,femoral,94,0.01029460081042602,0.24509911291205783,9131
Lateral OA,positive,1,13,grade,94,0.01029460081042602,0.2553937137224839,9131
Lateral OA,positive,1,14,mild,86,0.009418464571240829,0.26481217829372466,9131
Lateral OA,positive,1,15,του,84,0.009199430511444529,0.2740116088051692,9131
Lateral OA,positive,1,16,with,82,0.00898039645164823,0.28299200525681745,9131
Lateral OA,positive,1,17,del,74,0.008104260212463039,0.29109626546928047,9131
Lateral OA,positive,1,18,εξω,70,0.007666192092870441,0.2987624575621509,9131
Lateral OA,positive,1,19,la,69,0.007556675062972292,0.3063191326251232,9131
Lateral OA,positive,1,20,osteoarthritis,69,0.007556675062972292,0.3138758076880955,9131
Lateral OA,positive,1,21,medial,67,0.007337641003175994,0.3212134486912715,9131
Lateral OA,positive,1,22,joint,65,0.007118606943379696,0.3283320556346512,9131
Lateral OA,positive,1,23,condropatia,65,0.007118606943379696,0.3354506625780309,9131
Lateral OA,positive,1,24,y,65,0.007118606943379696,0.3425692695214106,9131
Lateral OA,positive,1,25,και,64,0.007009089913481546,0.3495783594348921,9131
Lateral OA,positive,1,26,thickness,58,0.006351987734092651,0.35593034716898475,9131
Lateral OA,positive,1,27,tibial,57,0.006242470704194502,0.3621728178731793,9131
Lateral OA,positive,1,28,compartimento,55,0.006023436644398204,0.3681962545175775,9131
Lateral OA,positive,1,29,loss,54,0.005913919614500055,0.37411017413207753,9131
Lateral OA,positive,1,30,knee,54,0.005913919614500055,0.3800240937465776,9131
Lateral OA,positive,1,31,in,53,0.005804402584601905,0.3858284963311795,9131
Lateral OA,positive,1,32,eklem,52,0.005694885554703756,0.39152338188588326,9131
Lateral OA,positive,1,33,carga,52,0.005694885554703756,0.397218267440587,9131
Lateral OA,positive,1,34,patellofemoral,49,0.005366334465009309,0.4025846019055963,9131
Lateral OA,positive,1,35,zona,49,0.005366334465009309,0.40795093637060564,9131
Lateral OA,positive,1,36,is,47,0.00514730040521301,0.41309823677581864,9131
Lateral OA,positive,1,37,plateau,47,0.00514730040521301,0.41824553718103163,9131
Lateral OA,positive,1,38,severe,46,0.005037783375314861,0.4232833205563465,9131
Lateral OA,positive,1,39,grado,45,0.004928266345416712,0.4282115869017632,9131
Lateral OA,positive,1,40,condyle,45,0.004928266345416712,0.43313985324717996,9131
Lateral OA,positive,1,41,los,45,0.004928266345416712,0.43806811959259667,9131
Lateral OA,positive,1,42,compartimentos,45,0.004928266345416712,0.4429963859380134,9131
Lateral OA,positive,1,43,femorotibiales,45,0.004928266345416712,0.4479246522834301,9131
Lateral OA,positive,1,44,articular,44,0.004818749315518563,0.45274340159894866,9131
Lateral OA,positive,1,45,subchondral,43,0.004709232285620414,0.457452633884569,9131
Lateral OA,positive,1,46,low,42,0.004599715255722264,0.4620523491402913,9131
Lateral OA,positive,1,47,tibiofemoral,41,0.004490198225824115,0.46654254736611545,9131
Lateral OA,positive,1,48,moderate,41,0.004490198225824115,0.47103274559193953,9131
Lateral OA,positive,1,49,weightbearing,41,0.004490198225824115,0.47552294381776367,9131
Lateral OA,positive,1,50,thinning,39,0.004271164166027817,0.47979410798379146,9131
Lateral OA,positive,1,51,posterior,39,0.004271164166027817,0.4840652721498193,9131
Lateral OA,positive,1,52,tricompartmental,39,0.004271164166027817,0.4883364363158471,9131
Lateral OA,positive,1,53,ulceras,38,0.004161647136129668,0.49249808345197676,9131
Lateral OA,positive,1,54,fissuring,38,0.004161647136129668,0.4966597305881065,9131
Lateral OA,positive,1,55,medyal,38,0.004161647136129668,0.5008213777242361,9131
Lateral OA,positive,1,56,lesiones,36,0.0039426130763333695,0.5047639908005694,9131
Lateral OA,positive,1,57,3,36,0.0039426130763333695,0.5087066038769028,9131
Lateral OA,positive,1,58,condrales,36,0.0039426130763333695,0.5126492169532362,9131
Lateral OA,positive,1,59,full,36,0.0039426130763333695,0.5165918300295695,9131
Lateral OA,positive,1,60,2,35,0.0038330960464352205,0.5204249260760048,9131
Lateral OA,positive,1,61,espesor,34,0.0037235790165370715,0.5241485050925418,9131
Lateral OA,positive,1,62,en,33,0.0036140619866389225,0.5277625670791808,9131
Lateral OA,positive,1,63,στο,32,0.003504544956740773,0.5312671120359216,9131
Lateral OA,positive,1,64,i,32,0.003504544956740773,0.5347716569926624,9131
Lateral OA,positive,1,65,along,31,0.003395027926842624,0.538166684919505,9131
Lateral OA,positive,1,66,osteophytes,31,0.003395027926842624,0.5415617128463476,9131
Lateral OA,positive,1,67,to,30,0.003285510896944475,0.5448472237432921,9131
Lateral OA,positive,1,68,edema,30,0.003285510896944475,0.5481327346402366,9131
Lateral OA,positive,1,69,lateralnog,30,0.003285510896944475,0.551418245537181,9131
Lateral OA,positive,1,70,right,30,0.003285510896944475,0.5547037564341255,9131
Lateral OA,positive,1,71,more,29,0.0031759938670463256,0.5578797503011719,9131
Lateral OA,positive,1,72,trikompartmantal,28,0.0030664768371481766,0.56094622713832,9131
Lateral OA,positive,1,73,tam,28,0.0030664768371481766,0.5640127039754682,9131
Lateral OA,positive,1,74,karakterize,28,0.0030664768371481766,0.5670791808126163,9131
Lateral OA,positive,1,75,parcial,28,0.0030664768371481766,0.5701456576497645,9131
Lateral OA,positive,1,76,there,27,0.0029569598072500276,0.5731026174570145,9131
Lateral OA,positive,1,77,con,27,0.0029569598072500276,0.5760595772642646,9131
Lateral OA,positive,1,78,kompartmenta,27,0.0029569598072500276,0.5790165370715146,9131
Lateral OA,positive,1,79,diz,26,0.002847442777351878,0.5818639798488665,9131
Lateral OA,positive,1,80,eklemindeki,26,0.002847442777351878,0.5847114226262183,9131
Lateral OA,positive,1,81,marjinal,26,0.002847442777351878,0.5875588654035703,9131
Lateral OA,positive,1,82,chondral,26,0.002847442777351878,0.5904063081809221,9131
Lateral OA,positive,1,83,dejeneratif,25,0.002737925747453729,0.5931442339283759,9131
Lateral OA,positive,1,84,hastaligi,25,0.002737925747453729,0.5958821596758296,9131
Lateral OA,positive,1,85,belirgin,25,0.002737925747453729,0.5986200854232833,9131
Lateral OA,positive,1,86,fibrovaskuler,25,0.002737925747453729,0.6013580111707371,9131
Lateral OA,positive,1,87,aspect,25,0.002737925747453729,0.6040959369181907,9131
Lateral OA,positive,1,88,formation,25,0.002737925747453729,0.6068338626656445,9131
Lateral OA,positive,1,89,superficial,24,0.00262840871755558,0.6094622713832001,9131
Lateral OA,positive,1,90,χονδρου,24,0.00262840871755558,0.6120906801007556,9131
Lateral OA,positive,1,91,μηνισκου,24,0.00262840871755558,0.6147190888183113,9131
Lateral OA,positive,1,92,degisiklikler,23,0.0025188916876574307,0.6172379805059687,9131
Lateral OA,positive,1,93,high,23,0.0025188916876574307,0.6197568721936261,9131
Lateral OA,positive,1,94,total,23,0.0025188916876574307,0.6222757638812836,9131
Lateral OA,positive,1,95,4,23,0.0025188916876574307,0.624794655568941,9131
Lateral OA,positive,1,96,εκφυλιστικη,23,0.0025188916876574307,0.6273135472565984,9131
Lateral OA,positive,1,97,hrskavice,23,0.0025188916876574307,0.6298324389442558,9131
Lateral OA,positive,1,98,zgloba,23,0.0025188916876574307,0.6323513306319133,9131
Lateral OA,positive,1,99,compartments,23,0.0025188916876574307,0.6348702223195707,9131
Lateral OA,positive,1,100,meduller,22,0.0024093746577592817,0.6372795969773299,9131
Lateral OA,positive,2,1,lateral compartment,188,0.02202178751317793,0.02202178751317793,8537
Lateral OA,positive,2,2,compartment cartilage,88,0.010308070750849245,0.03232985826402718,8537
Lateral OA,positive,2,3,the lateral,77,0.009019561906993089,0.041349420171020265,8537
Lateral OA,positive,2,4,of the,69,0.008082464566006795,0.04943188473702706,8537
Lateral OA,positive,2,5,femorotibial lateral,64,0.00749677872789036,0.05692866346491742,8537
Lateral OA,positive,2,6,de la,64,0.00749677872789036,0.06442544219280778,8537
Lateral OA,positive,2,7,del compartimento,54,0.006325407051657491,0.07075084924446527,8537
Lateral OA,positive,2,8,compartimento femorotibial,52,0.0060911327164109175,0.07684198196087619,8537
Lateral OA,positive,2,9,de carga,52,0.0060911327164109175,0.0829331146772871,8537
Lateral OA,positive,2,10,at the,51,0.00597399554878763,0.08890711022607474,8537
Lateral OA,positive,2,11,la zona,49,0.005739721213541057,0.09464683143961579,8537
Lateral OA,positive,2,12,zona de,49,0.005739721213541057,0.10038655265315685,8537
Lateral OA,positive,2,13,cartilage loss,46,0.005388309710671196,0.10577486236382805,8537
Lateral OA,positive,2,14,tibial plateau,46,0.005388309710671196,0.11116317207449924,8537
Lateral OA,positive,2,15,los compartimentos,45,0.005271172543047909,0.11643434461754715,8537
Lateral OA,positive,2,16,compartimentos femorotibiales,45,0.005271172543047909,0.12170551716059505,8537
Lateral OA,positive,2,17,femoral condyle,44,0.005154035375424622,0.1268595525360197,8537
Lateral OA,positive,2,18,de los,44,0.005154035375424622,0.1320135879114443,8537
Lateral OA,positive,2,19,osteoarthritis of,44,0.005154035375424622,0.13716762328686893,8537
Lateral OA,positive,2,20,lateral femoral,43,0.005036898207801336,0.14220452149467025,8537
Lateral OA,positive,2,21,and lateral,42,0.004919761040178048,0.1471242825348483,8537
Lateral OA,positive,2,22,low grade,42,0.004919761040178048,0.15204404357502635,8537
Lateral OA,positive,2,23,in the,42,0.004919761040178048,0.1569638046152044,8537
Lateral OA,positive,2,24,lateral tibiofemoral,37,0.004334075202061615,0.161297879817266,8537
Lateral OA,positive,2,25,articular cartilage,37,0.004334075202061615,0.16563195501932762,8537
Lateral OA,positive,2,26,at lateral,37,0.004334075202061615,0.16996603022138926,8537
Lateral OA,positive,2,27,lateral femorotibial,36,0.004216938034438327,0.17418296825582757,8537
Lateral OA,positive,2,28,ulceras condrales,36,0.004216938034438327,0.1783999062902659,8537
Lateral OA,positive,2,29,full thickness,36,0.004216938034438327,0.18261684432470424,8537
Lateral OA,positive,2,30,του εξω,36,0.004216938034438327,0.18683378235914255,8537
Lateral OA,positive,2,31,lesiones grado,35,0.0040998008668150406,0.1909335832259576,8537
Lateral OA,positive,2,32,thickness cartilage,33,0.0038655265315684665,0.19479910975752607,8537
Lateral OA,positive,2,33,de espesor,33,0.0038655265315684665,0.19866463628909453,8537
Lateral OA,positive,2,34,medial and,32,0.00374838936394518,0.2024130256530397,8537
Lateral OA,positive,2,35,lateral tibial,31,0.003631252196321893,0.2060442778493616,8537
Lateral OA,positive,2,36,along the,30,0.003514115028698606,0.20955839287806022,8537
Lateral OA,positive,2,37,condrales de,30,0.003514115028698606,0.2130725079067588,8537
Lateral OA,positive,2,38,carga del,30,0.003514115028698606,0.2165866229354574,8537
Lateral OA,positive,2,39,right knee,30,0.003514115028698606,0.22010073796415602,8537
Lateral OA,positive,2,40,espesor parcial,28,0.0032798406934520324,0.22338057865760805,8537
Lateral OA,positive,2,41,the medial,26,0.0030455663582054588,0.2264261450158135,8537
Lateral OA,positive,2,42,diz eklemindeki,26,0.0030455663582054588,0.22947171137401898,8537
Lateral OA,positive,2,43,compartment chondrosis,26,0.0030455663582054588,0.23251727773222444,8537
Lateral OA,positive,2,44,lateralnog kompartmenta,26,0.0030455663582054588,0.2355628440904299,8537
Lateral OA,positive,2,45,dejeneratif eklem,25,0.0029284291905821718,0.23849127328101208,8537
Lateral OA,positive,2,46,eklem hastaligi,25,0.0029284291905821718,0.24141970247159425,8537
Lateral OA,positive,2,47,the posterior,25,0.0029284291905821718,0.24434813166217642,8537
Lateral OA,positive,2,48,condropatia lesiones,25,0.0029284291905821718,0.2472765608527586,8537
Lateral OA,positive,2,49,trikompartmantal dejeneratif,24,0.0028112920229588848,0.25008785287571744,8537
Lateral OA,positive,2,50,there is,24,0.0028112920229588848,0.2528991448986764,8537
Lateral OA,positive,2,51,condropatia superficial,24,0.0028112920229588848,0.25571043692163525,8537
Lateral OA,positive,2,52,of right,24,0.0028112920229588848,0.25852172894459413,8537
Lateral OA,positive,2,53,eklemindeki trikompartmantal,23,0.002694154855335598,0.2612158837999297,8537
Lateral OA,positive,2,54,the weightbearing,23,0.002694154855335598,0.2639100386552653,8537
Lateral OA,positive,2,55,medyal femoral,23,0.002694154855335598,0.26660419351060094,8537
Lateral OA,positive,2,56,grado 2,22,0.002577017687712311,0.26918121119831323,8537
Lateral OA,positive,2,57,fibrovaskuler degisiklikler,22,0.002577017687712311,0.2717582288860255,8537
Lateral OA,positive,2,58,degisiklikler ve,22,0.002577017687712311,0.27433524657373787,8537
Lateral OA,positive,2,59,partial thickness,22,0.002577017687712311,0.27691226426145016,8537
Lateral OA,positive,2,60,cartilage low,22,0.002577017687712311,0.27948928194916245,8537
Lateral OA,positive,2,61,belirgin ve,21,0.002459880520089024,0.2819491624692515,8537
Lateral OA,positive,2,62,high grade,21,0.002459880520089024,0.2844090429893405,8537
Lateral OA,positive,2,63,carga de,21,0.002459880520089024,0.28686892350942955,8537
Lateral OA,positive,2,64,εξω διαμερισματος,21,0.002459880520089024,0.28932880402951855,8537
Lateral OA,positive,2,65,mild lateral,21,0.002459880520089024,0.2917886845496076,8537
Lateral OA,positive,2,66,tam kata,20,0.0023427433524657376,0.2941314279020733,8537
Lateral OA,positive,2,67,kata ulasan,20,0.0023427433524657376,0.29647417125453907,8537
Lateral OA,positive,2,68,left knee,20,0.0023427433524657376,0.2988169146070048,8537
Lateral OA,positive,2,69,επιχειλια οστεοφυτα,20,0.0023427433524657376,0.30115965795947053,8537
Lateral OA,positive,2,70,femoral tibyal,20,0.0023427433524657376,0.3035024013119363,8537
Lateral OA,positive,2,71,en belirgin,19,0.0022256061848424506,0.30572800749677875,8537
Lateral OA,positive,2,72,eklem kikirdagi,19,0.0022256061848424506,0.30795361368162116,8537
Lateral OA,positive,2,73,mild chondrosis,19,0.0022256061848424506,0.31017921986646363,8537
Lateral OA,positive,2,74,του αρθρικου,19,0.0022256061848424506,0.3124048260513061,8537
Lateral OA,positive,2,75,αρθρικου χονδρου,19,0.0022256061848424506,0.3146304322361485,8537
Lateral OA,positive,2,76,loss at,19,0.0022256061848424506,0.31685603842099097,8537
Lateral OA,positive,2,77,more severe,19,0.0022256061848424506,0.31908164460583344,8537
Lateral OA,positive,2,78,severe at,19,0.0022256061848424506,0.3213072507906759,8537
Lateral OA,positive,2,79,kikirdagi kaybi,18,0.0021084690172191636,0.323415719807895,8537
Lateral OA,positive,2,80,kaybi ve,18,0.0021084690172191636,0.3255241888251142,8537
Lateral OA,positive,2,81,ve dejenerasyonu,18,0.0021084690172191636,0.32763265784233336,8537
Lateral OA,positive,2,82,marjinal osteofitlerle,18,0.0021084690172191636,0.32974112685955254,8537
Lateral OA,positive,2,83,osteofitlerle karakterize,18,0.0021084690172191636,0.3318495958767717,8537
Lateral OA,positive,2,84,cartilage mild,18,0.0021084690172191636,0.3339580648939909,8537
Lateral OA,positive,2,85,grade partial,18,0.0021084690172191636,0.33606653391121005,8537
Lateral OA,positive,2,86,total de,18,0.0021084690172191636,0.33817500292842917,8537
Lateral OA,positive,2,87,compartment with,18,0.0021084690172191636,0.34028347194564834,8537
Lateral OA,positive,2,88,στο εξω,18,0.0021084690172191636,0.3423919409628675,8537
Lateral OA,positive,2,89,knee more,18,0.0021084690172191636,0.3445004099800867,8537
Lateral OA,positive,2,90,and patellofemoral,18,0.0021084690172191636,0.34660887899730586,8537
Lateral OA,positive,2,91,subchondral edema,18,0.0021084690172191636,0.34871734801452503,8537
Lateral OA,positive,2,92,subkondral meduller,17,0.001991331849595877,0.3507086798641209,8537
Lateral OA,positive,2,93,parcial y,17,0.001991331849595877,0.3527000117137168,8537
Lateral OA,positive,2,94,hastaligi medyal,17,0.001991331849595877,0.35469134356331267,8537
Lateral OA,positive,2,95,osteophyte formation,17,0.001991331849595877,0.3566826754129085,8537
Lateral OA,positive,2,96,ulasan eklem,16,0.00187419468197259,0.35855687009488113,8537
Lateral OA,positive,2,97,ve marjinal,16,0.00187419468197259,0.3604310647768537,8537
Lateral OA,positive,2,98,cartilage thinning,16,0.00187419468197259,0.3623052594588263,8537
Lateral OA,positive,2,99,weightbearing lateral,16,0.00187419468197259,0.3641794541407989,8537
Lateral OA,positive,2,100,lateral and,16,0.00187419468197259,0.36605364882277147,8537
MCL,negative,1,1,collateral,2030,0.05915780271018505,0.05915780271018505,34315
MCL,negative,1,2,medial,1750,0.050998105784642284,0.11015590849482733,34315
MCL,negative,1,3,ligament,1520,0.04429549759580358,0.15445140609063093,34315
MCL,negative,1,4,normal,1266,0.036893486813346935,0.19134489290397785,34315
MCL,negative,1,5,mcl,1258,0.03666035261547428,0.22800524551945214,34315
MCL,negative,1,6,ve,970,0.028267521492058866,0.256272767011511,34315
MCL,negative,1,7,capraz,941,0.02742241002477051,0.2836951770362815,34315
MCL,negative,1,8,ligaments,831,0.024216814804021564,0.3079119918403031,34315
MCL,negative,1,9,bag,795,0.02316771091359464,0.3310797027538977,34315
MCL,negative,1,10,lateral,705,0.02054495118752732,0.35162465394142506,34315
MCL,negative,1,11,intact,677,0.019728981494973045,0.3713536354363981,34315
MCL,negative,1,12,and,635,0.01850502695614163,0.3898586623925397,34315
MCL,negative,1,13,posterolateral,603,0.01757249016465103,0.40743115255719076,34315
MCL,negative,1,14,corner,603,0.01757249016465103,0.42500364272184177,34315
MCL,negative,1,15,the,560,0.01631939385108553,0.4413230365729273,34315
MCL,negative,1,16,arka,514,0.014978872213317791,0.4563019087862451,34315
MCL,negative,1,17,normaldir,514,0.014978872213317791,0.4712807809995629,34315
MCL,negative,1,18,kollateral,512,0.014920588663849628,0.4862013696634125,34315
MCL,negative,1,19,ligaman,512,0.014920588663849628,0.5011219583272621,34315
MCL,negative,1,20,i,392,0.011423575695759872,0.512545534023022,34315
MCL,negative,1,21,lcl,379,0.011044732624216815,0.5235902666472388,34315
MCL,negative,1,22,signala,357,0.010403613580067026,0.5339938802273059,34315
MCL,negative,1,23,pcl,351,0.010228762931662538,0.5442226431589684,34315
MCL,negative,1,24,kolateralni,338,0.009849919860119481,0.5540725630190879,34315
MCL,negative,1,25,on,337,0.0098207780853854,0.5638933411044733,34315
MCL,negative,1,26,are,303,0.008829957744426636,0.5727232988488999,34315
MCL,negative,1,27,medijalni,300,0.008742532420224393,0.5814658312691243,34315
MCL,negative,1,28,y,284,0.00827626402447909,0.5897420952936033,34315
MCL,negative,1,29,acl,280,0.008159696925542765,0.5979017922191462,34315
MCL,negative,1,30,ligamentos,276,0.00804312982660644,0.6059449220457526,34315
MCL,negative,1,31,colaterales,276,0.00804312982660644,0.613988051872359,34315
MCL,negative,1,32,de,256,0.007460294331924814,0.6214483462042838,34315
MCL,negative,1,33,cruzados,240,0.006994025936179513,0.6284423721404634,34315
MCL,negative,1,34,dentro,237,0.00690660061197727,0.6353489727524406,34315
MCL,negative,1,35,limites,237,0.00690660061197727,0.6422555733644179,34315
MCL,negative,1,36,normales,237,0.00690660061197727,0.6491621739763952,34315
MCL,negative,1,37,le,228,0.0066443246393705375,0.6558064986157657,34315
MCL,negative,1,38,se,217,0.006323765117295643,0.6621302637330614,34315
MCL,negative,1,39,ligamenti,210,0.006119772694157075,0.6682500364272184,34315
MCL,negative,1,40,και,183,0.0053329447763368785,0.6735829812035553,34315
MCL,negative,1,41,lateralni,180,0.005245519452134635,0.6788285006556899,34315
MCL,negative,1,42,is,171,0.0049832434795279035,0.6838117441352178,34315
MCL,negative,1,43,appear,170,0.004954101704793822,0.6887658458400117,34315
MCL,negative,1,44,complexes,167,0.004866676380591578,0.6936325222206032,34315
MCL,negative,1,45,ligamenta,162,0.004720967506921171,0.6983534897275244,34315
MCL,negative,1,46,yan,157,0.004575258633250765,0.7029287483607751,34315
MCL,negative,1,47,baglar,153,0.00445869153431444,0.7073874398950896,34315
MCL,negative,1,48,u,153,0.00445869153431444,0.711846131429404,34315
MCL,negative,1,49,to,152,0.004429549759580358,0.7162756811889844,34315
MCL,negative,1,50,be,148,0.004312982660644033,0.7205886638496285,34315
MCL,negative,1,51,within,146,0.00425469911117587,0.7248433629608043,34315
MCL,negative,1,52,te,144,0.004196415561707708,0.729039778522512,34315
MCL,negative,1,53,kontinuitetu,144,0.004196415561707708,0.7332361940842197,34315
MCL,negative,1,54,odrzanog,144,0.004196415561707708,0.7374326096459274,34315
MCL,negative,1,55,urednog,143,0.004167273786973627,0.7415998834329011,34315
MCL,negative,1,56,kontinuiteta,139,0.004050706688037302,0.7456505901209384,34315
MCL,negative,1,57,both,136,0.0039632813638350575,0.7496138714847734,34315
MCL,negative,1,58,prate,133,0.0038758560396328135,0.7534897275244062,34315
MCL,negative,1,59,cruciate,132,0.0038467142648987325,0.7573364417893049,34315
MCL,negative,1,60,intenziteta,132,0.0038467142648987325,0.7611831560542037,34315
MCL,negative,1,61,primjerenih,119,0.003467871193355675,0.7646510272475594,34315
MCL,negative,1,62,je,119,0.003467871193355675,0.7681188984409151,34315
MCL,negative,1,63,лигаменти,118,0.003438729418621594,0.7715576278595366,34315
MCL,negative,1,64,posterior,105,0.0030598863470785373,0.7746175142066152,34315
MCL,negative,1,65,οι,102,0.0029724610228762933,0.7775899752294915,34315
MCL,negative,1,66,oblique,97,0.0028267521492058864,0.7804167273786974,34315
MCL,negative,1,67,intakt,94,0.002739326825003643,0.783156054203701,34315
MCL,negative,1,68,su,92,0.00268104327553548,0.7858370974792365,34315
MCL,negative,1,69,колатерални,88,0.002564476176599155,0.7884015736558356,34315
MCL,negative,1,70,του,85,0.002477050852396911,0.7908786245082325,34315
MCL,negative,1,71,tendon,85,0.002477050852396911,0.7933556753606295,34315
MCL,negative,1,72,morfologija,82,0.002389625528194667,0.7957453008888241,34315
MCL,negative,1,73,intenziteti,82,0.002389625528194667,0.7981349264170188,34315
MCL,negative,1,74,iliotibijalnog,82,0.002389625528194667,0.8005245519452134,34315
MCL,negative,1,75,intaktes,82,0.002389625528194667,0.8029141774734081,34315
MCL,negative,1,76,traktusa,81,0.0023604837534605856,0.8052746612268687,34315
MCL,negative,1,77,uredna,80,0.0023313419787265046,0.8076060032055952,34315
MCL,negative,1,78,biceps,78,0.0022730584292583417,0.8098790616348536,34315
MCL,negative,1,79,femoris,78,0.0022730584292583417,0.8121521200641119,34315
MCL,negative,1,80,kolateralnih,78,0.0022730584292583417,0.8144251784933703,34315
MCL,negative,1,81,ligamenata,78,0.0022730584292583417,0.8166982369226286,34315
MCL,negative,1,82,kriznog,78,0.0022730584292583417,0.818971295351887,34315
MCL,negative,1,83,straznjeg,77,0.0022439166545242606,0.8212152120064112,34315
MCL,negative,1,84,πλαγιοι,76,0.002214774879790179,0.8234299868862014,34315
MCL,negative,1,85,συνδεσμοι,76,0.002214774879790179,0.8256447617659916,34315
MCL,negative,1,86,ευρηματα,75,0.002185633105056098,0.8278303948710476,34315
MCL,negative,1,87,popliteus,74,0.0021564913303220167,0.8299868862013696,34315
MCL,negative,1,88,band,74,0.0021564913303220167,0.8321433775316917,34315
MCL,negative,1,89,nalazi,71,0.0020690660061197727,0.8342124435378114,34315
MCL,negative,1,90,tetive,71,0.0020690660061197727,0.8362815095439312,34315
MCL,negative,1,91,mr,67,0.0019524989071834475,0.8382340084511146,34315
MCL,negative,1,92,distal,67,0.0019524989071834475,0.8401865073582981,34315
MCL,negative,1,93,kollateralbander,67,0.0019524989071834475,0.8421390062654815,34315
MCL,negative,1,94,na,65,0.0018942153577152848,0.8440332216231968,34315
MCL,negative,1,95,των,65,0.0018942153577152848,0.8459274369809121,34315
MCL,negative,1,96,koljena,63,0.0018359318082471223,0.8477633687891593,34315
MCL,negative,1,97,m,63,0.0018359318082471223,0.8495993005974064,34315
MCL,negative,1,98,et,61,0.0017776482587789596,0.8513769488561853,34315
MCL,negative,1,99,seriji,59,0.001719364709310797,0.8530963135654961,34315
MCL,negative,1,100,presjeka,59,0.001719364709310797,0.854815678274807,34315
MCL,negative,2,1,collateral ligament,1081,0.03534181188086442,0.03534181188086442,30587
MCL,negative,2,2,medial collateral,1029,0.033641743224245596,0.06898355510511002,30587
MCL,negative,2,3,collateral ligaments,826,0.027004936737829797,0.09598849184293981,30587
MCL,negative,2,4,capraz bag,791,0.02586065975741328,0.12184915160035309,30587
MCL,negative,2,5,ligament mcl,604,0.01974695131918789,0.14159610291954097,30587
MCL,negative,2,6,posterolateral corner,603,0.01971425769117599,0.16131036061071696,30587
MCL,negative,2,7,corner medial,602,0.01968156406316409,0.18099192467388106,30587
MCL,negative,2,8,ligaments posterolateral,600,0.019616176807140288,0.20060810148102134,30587
MCL,negative,2,9,mcl normal,600,0.019616176807140288,0.22022427828816163,30587
MCL,negative,2,10,medial kollateral,512,0.016739137542093045,0.23696341583025468,30587
MCL,negative,2,11,kollateral ligaman,512,0.016739137542093045,0.2537025533723477,30587
MCL,negative,2,12,ligaman normaldir,512,0.016739137542093045,0.27044169091444076,30587
MCL,negative,2,13,arka capraz,508,0.016608363030045443,0.28705005394448624,30587
MCL,negative,2,14,lateral ve,504,0.016477588517997844,0.30352764246248404,30587
MCL,negative,2,15,ve medial,504,0.016477588517997844,0.3200052309804819,30587
MCL,negative,2,16,bag lateral,472,0.015431392421617026,0.33543662340209895,30587
MCL,negative,2,17,mcl and,334,0.01091967175597476,0.3463562951580737,30587
MCL,negative,2,18,and lcl,332,0.01085428449995096,0.35721057965802466,30587
MCL,negative,2,19,pcl mcl,328,0.010723509987903357,0.367934089645928,30587
MCL,negative,2,20,on capraz,327,0.010690816359891457,0.37862490600581944,30587
MCL,negative,2,21,bag ve,306,0.010004250171641547,0.388629156177461,30587
MCL,negative,2,22,ve arka,306,0.010004250171641547,0.39863340634910255,30587
MCL,negative,2,23,the medial,284,0.009284990355379736,0.4079183967044823,30587
MCL,negative,2,24,are intact,278,0.009088828587308334,0.41700722529179063,30587
MCL,negative,2,25,medijalni kolateralni,272,0.00889266681923693,0.4258998921110276,30587
MCL,negative,2,26,acl pcl,267,0.008729198679177428,0.434629090790205,30587
MCL,negative,2,27,normal acl,252,0.008238794258998922,0.44286788504920394,30587
MCL,negative,2,28,ligamentos cruzados,240,0.007846470722856115,0.45071435577206004,30587
MCL,negative,2,29,cruzados y,240,0.007846470722856115,0.45856082649491614,30587
MCL,negative,2,30,y colaterales,240,0.007846470722856115,0.46640729721777224,30587
MCL,negative,2,31,dentro de,237,0.007748389838820414,0.47415568705659267,30587
MCL,negative,2,32,de limites,237,0.007748389838820414,0.4819040768954131,30587
MCL,negative,2,33,colaterales dentro,236,0.007715696210808513,0.4896197731062216,30587
MCL,negative,2,34,limites normales,231,0.007552228070749011,0.49717200117697063,30587
MCL,negative,2,35,kolateralni ligamenti,210,0.006865661882499101,0.5040376630594697,30587
MCL,negative,2,36,lateral collateral,186,0.006081014810213489,0.5101186778696832,30587
MCL,negative,2,37,complexes are,167,0.00545983587798738,0.5155785137476706,30587
MCL,negative,2,38,lateralni i,152,0.004969431457808873,0.5205479452054794,30587
MCL,negative,2,39,yan baglar,151,0.0049367378297969725,0.5254846830352764,30587
MCL,negative,2,40,i medijalni,151,0.0049367378297969725,0.5304214208650734,30587
MCL,negative,2,41,ligament complexes,148,0.004838656945761271,0.5352600778108346,30587
MCL,negative,2,42,to be,148,0.004838656945761271,0.540098734756596,30587
MCL,negative,2,43,within normal,146,0.00477326968973747,0.5448720044463334,30587
MCL,negative,2,44,be within,144,0.004707882433713669,0.5495798868800471,30587
MCL,negative,2,45,u kontinuitetu,144,0.004707882433713669,0.5542877693137608,30587
MCL,negative,2,46,appear to,143,0.004675188805701769,0.5589629581194625,30587
MCL,negative,2,47,capraz ve,143,0.004675188805701769,0.5636381469251643,30587
MCL,negative,2,48,signala te,142,0.004642495177689868,0.5682806421028541,30587
MCL,negative,2,49,ve yan,140,0.004577107921666068,0.5728577500245202,30587
MCL,negative,2,50,te se,140,0.004577107921666068,0.5774348579461863,30587
MCL,negative,2,51,odrzanog kontinuiteta,139,0.004544414293654167,0.5819792722398405,30587
MCL,negative,2,52,is intact,136,0.004446333409618465,0.5864256056494589,30587
MCL,negative,2,53,ligaments appear,134,0.004380946153594664,0.5908065518030536,30587
MCL,negative,2,54,medial lateral,132,0.004315558897570864,0.5951221107006245,30587
MCL,negative,2,55,urednog signala,132,0.004315558897570864,0.5994376695981953,30587
MCL,negative,2,56,se prate,132,0.004315558897570864,0.6037532284957662,30587
MCL,negative,2,57,prate u,132,0.004315558897570864,0.608068787393337,30587
MCL,negative,2,58,intenziteta signala,132,0.004315558897570864,0.6123843462909079,30587
MCL,negative,2,59,both medial,128,0.004184784385523261,0.6165691306764312,30587
MCL,negative,2,60,baglar normal,127,0.004152090757511361,0.6207212214339425,30587
MCL,negative,2,61,kolateralni ligament,127,0.004152090757511361,0.6248733121914539,30587
MCL,negative,2,62,ligamenti urednog,125,0.00408670350148756,0.6289600156929415,30587
MCL,negative,2,63,primjerenih intenziteta,118,0.0038578481054042566,0.6328178637983457,30587
MCL,negative,2,64,le ligament,110,0.0035962990813090527,0.6364141628796548,30587
MCL,negative,2,65,signala odrzanog,110,0.0035962990813090527,0.6400104619609638,30587
MCL,negative,2,66,oblique ligament,97,0.0031712819171543466,0.6431817438781181,30587
MCL,negative,2,67,ligament collateral,97,0.0031712819171543466,0.6463530257952725,30587
MCL,negative,2,68,колатерални лигаменти,87,0.002844345637035342,0.6491973714323078,30587
MCL,negative,2,69,ligament and,87,0.002844345637035342,0.6520417170693432,30587
MCL,negative,2,70,ligament je,87,0.002844345637035342,0.6548860627063785,30587
MCL,negative,2,71,morfologija i,82,0.0026808774969758393,0.6575669402033544,30587
MCL,negative,2,72,i intenziteti,82,0.0026808774969758393,0.6602478177003303,30587
MCL,negative,2,73,intenziteti signala,82,0.0026808774969758393,0.662928695197306,30587
MCL,negative,2,74,intaktes mcl,82,0.0026808774969758393,0.6656095726942819,30587
MCL,negative,2,75,iliotibijalnog traktusa,81,0.002648183868963939,0.6682577565632458,30587
MCL,negative,2,76,mcl is,81,0.002648183868963939,0.6709059404322097,30587
MCL,negative,2,77,biceps femoris,78,0.0025501029849282373,0.673456043417138,30587
MCL,negative,2,78,kolateralnih ligamenata,78,0.0025501029849282373,0.6760061464020662,30587
MCL,negative,2,79,kriznog ligamenta,78,0.0025501029849282373,0.6785562493869944,30587
MCL,negative,2,80,straznjeg kriznog,76,0.0024847157289044366,0.681040965115899,30587
MCL,negative,2,81,mcl intact,76,0.0024847157289044366,0.6835256808448034,30587
MCL,negative,2,82,signala kolateralnih,74,0.0024193284728806354,0.685945009317684,30587
MCL,negative,2,83,ligamenta iliotibijalnog,74,0.0024193284728806354,0.6883643377905646,30587
MCL,negative,2,84,uredna morfologija,73,0.002386634844868735,0.6907509726354334,30587
MCL,negative,2,85,je primjerenih,73,0.002386634844868735,0.6931376074803021,30587
MCL,negative,2,86,nalazi se,71,0.002321247588844934,0.6954588550691471,30587
MCL,negative,2,87,se uredna,71,0.002321247588844934,0.697780102657992,30587
MCL,negative,2,88,cruciate ligament,71,0.002321247588844934,0.7001013502468368,30587
MCL,negative,2,89,posterior oblique,64,0.0020923921927616307,0.7021937424395985,30587
MCL,negative,2,90,ligament is,61,0.0019943113087259293,0.7041880537483245,30587
MCL,negative,2,91,πλαγιοι συνδεσμοι,60,0.0019616176807140287,0.7061496714290385,30587
MCL,negative,2,92,koljena nalazi,60,0.0019616176807140287,0.7081112891097525,30587
MCL,negative,2,93,na seriji,59,0.0019289240527021283,0.7100402131624547,30587
MCL,negative,2,94,seriji mr,59,0.0019289240527021283,0.7119691372151568,30587
MCL,negative,2,95,mr presjeka,59,0.0019289240527021283,0.7138980612678589,30587
MCL,negative,2,96,cruciate and,59,0.0019289240527021283,0.715826985320561,30587
MCL,negative,2,97,i tetive,58,0.001896230424690228,0.7177232157452512,30587
MCL,negative,2,98,tetive m,58,0.001896230424690228,0.7196194461699414,30587
MCL,negative,2,99,and collateral,58,0.001896230424690228,0.7215156765946317,30587
MCL,negative,2,100,normal pcl,58,0.001896230424690228,0.7234119070193219,30587
MCL,positive,1,1,medial,410,0.05002440214738897,0.05002440214738897,8196
MCL,positive,1,2,grade,388,0.047340165934602246,0.09736456808199122,8196
MCL,positive,1,3,of,320,0.03904343582235237,0.13640800390434357,8196
MCL,positive,1,4,sprain,295,0.03599316739873109,0.17240117130307467,8196
MCL,positive,1,5,mcl,272,0.03318692044899951,0.20558809175207418,8196
MCL,positive,1,6,the,261,0.03184480234260615,0.23743289409468032,8196
MCL,positive,1,7,ligament,246,0.030014641288433383,0.2674475353831137,8196
MCL,positive,1,8,collateral,241,0.029404587603709127,0.29685212298682284,8196
MCL,positive,1,9,i,157,0.01915568570034163,0.3160078086871645,8196
MCL,positive,1,10,tear,126,0.015373352855051245,0.3313811615422157,8196
MCL,positive,1,11,del,113,0.01378721327476818,0.34516837481698387,8196
MCL,positive,1,12,kollateral,112,0.013665202537823329,0.3588335773548072,8196
MCL,positive,1,13,and,105,0.01281112737920937,0.3716447047340166,8196
MCL,positive,1,14,partial,94,0.011469009272816008,0.3831137140068326,8196
MCL,positive,1,15,injury,91,0.011102977061981455,0.3942166910688141,8196
MCL,positive,1,16,ii,89,0.010858955588091752,0.4050756466569058,8196
MCL,positive,1,17,proximal,87,0.01061493411420205,0.4156905807711079,8196
MCL,positive,1,18,1,87,0.01061493411420205,0.42630551488530993,8196
MCL,positive,1,19,superficial,86,0.010492923377257199,0.4367984382625671,8196
MCL,positive,1,20,with,79,0.009638848218643241,0.44643728648121034,8196
MCL,positive,1,21,is,77,0.009394826744753539,0.4558321132259639,8196
MCL,positive,1,22,in,69,0.00841874084919473,0.4642508540751586,8196
MCL,positive,1,23,deep,62,0.007564665690580771,0.4718155197657394,8196
MCL,positive,1,24,at,59,0.007198633479746218,0.47901415324548563,8196
MCL,positive,1,25,there,59,0.007198633479746218,0.4862127867252318,8196
MCL,positive,1,26,ligamentous,58,0.007076622742801367,0.4932894094680332,8196
MCL,positive,1,27,mild,57,0.006954612005856516,0.5002440214738897,8196
MCL,positive,1,28,odem,51,0.006222547584187409,0.5064665690580771,8196
MCL,positive,1,29,2,51,0.006222547584187409,0.5126891166422645,8196
MCL,positive,1,30,de,48,0.005856515373352855,0.5185456320156173,8196
MCL,positive,1,31,lcm,47,0.005734504636408004,0.5242801366520253,8196
MCL,positive,1,32,signal,45,0.005490483162518302,0.5297706198145437,8196
MCL,positive,1,33,parcial,45,0.005490483162518302,0.535261102977062,8196
MCL,positive,1,34,fibers,44,0.005368472425573451,0.5406295754026355,8196
MCL,positive,1,35,rotura,41,0.005002440214738897,0.5456320156173743,8196
MCL,positive,1,36,low,39,0.004758418740849195,0.5503904343582235,8196
MCL,positive,1,37,edema,38,0.004636408003904344,0.5550268423621278,8196
MCL,positive,1,38,periligamentoz,37,0.0045143972669594926,0.5595412396290873,8196
MCL,positive,1,39,a,37,0.0045143972669594926,0.5640556368960469,8196
MCL,positive,1,40,cevresinde,36,0.004392386530014641,0.5684480234260615,8196
MCL,positive,1,41,femoral,36,0.004392386530014641,0.5728404099560761,8196
MCL,positive,1,42,mid,36,0.004392386530014641,0.5772327964860908,8196
MCL,positive,1,43,ligamento,35,0.00427037579306979,0.5815031722791606,8196
MCL,positive,1,44,ligamende,34,0.004148365056124939,0.5856515373352855,8196
MCL,positive,1,45,izlendi,33,0.004026354319180088,0.5896778916544656,8196
MCL,positive,1,46,high,32,0.003904343582235237,0.5935822352367008,8196
MCL,positive,1,47,thickening,32,0.003904343582235237,0.5974865788189361,8196
MCL,positive,1,48,ligaments,31,0.0037823328452903857,0.6012689116642265,8196
MCL,positive,1,49,ve,30,0.0036603221083455345,0.604929233772572,8196
MCL,positive,1,50,impresion,30,0.0036603221083455345,0.6085895558809176,8196
MCL,positive,1,51,colateral,29,0.0035383113714006834,0.6121278672523182,8196
MCL,positive,1,52,posterolateral,29,0.0035383113714006834,0.6156661786237189,8196
MCL,positive,1,53,corner,29,0.0035383113714006834,0.6192044899951196,8196
MCL,positive,1,54,substance,29,0.0035383113714006834,0.6227428013665203,8196
MCL,positive,1,55,favor,29,0.0035383113714006834,0.626281112737921,8196
MCL,positive,1,56,componente,28,0.003416300634455832,0.6296974133723767,8196
MCL,positive,1,57,esguince,27,0.003294289897510981,0.6329917032698877,8196
MCL,positive,1,58,grado,27,0.003294289897510981,0.6362859931673988,8196
MCL,positive,1,59,intensity,27,0.003294289897510981,0.6395802830649097,8196
MCL,positive,1,60,acl,27,0.003294289897510981,0.6428745729624207,8196
MCL,positive,1,61,ligamanda,25,0.0030502684236212788,0.645924841386042,8196
MCL,positive,1,62,ligamen,25,0.0030502684236212788,0.6489751098096632,8196
MCL,positive,1,63,to,24,0.0029282576866764276,0.6519033674963397,8196
MCL,positive,1,64,complete,23,0.0028062469497315765,0.6547096144460712,8196
MCL,positive,1,65,hafif,23,0.0028062469497315765,0.6575158613958029,8196
MCL,positive,1,66,ile,22,0.0026842362127867253,0.6602000976085896,8196
MCL,positive,1,67,ligamenta,22,0.0026842362127867253,0.6628843338213762,8196
MCL,positive,1,68,artisi,21,0.002562225475841874,0.6654465592972182,8196
MCL,positive,1,69,lateral,21,0.002562225475841874,0.66800878477306,8196
MCL,positive,1,70,εσω,21,0.002562225475841874,0.6705710102489019,8196
MCL,positive,1,71,medijalnog,20,0.002440214738897023,0.673011224987799,8196
MCL,positive,1,72,kolateralnog,20,0.002440214738897023,0.675451439726696,8196
MCL,positive,1,73,increased,20,0.002440214738897023,0.677891654465593,8196
MCL,positive,1,74,r,20,0.002440214738897023,0.68033186920449,8196
MCL,positive,1,75,o,20,0.002440214738897023,0.6827720839433871,8196
MCL,positive,1,76,keeping,20,0.002440214738897023,0.6852122986822841,8196
MCL,positive,1,77,y,19,0.002318204001952172,0.6875305026842362,8196
MCL,positive,1,78,uz,19,0.002318204001952172,0.6898487066861884,8196
MCL,positive,1,79,meniskuste,18,0.0021961932650073207,0.6920448999511957,8196
MCL,positive,1,80,resultados,18,0.0021961932650073207,0.694241093216203,8196
MCL,positive,1,81,uyumlu,17,0.0020741825280624696,0.6963152757442655,8196
MCL,positive,1,82,meniskopati,17,0.0020741825280624696,0.698389458272328,8196
MCL,positive,1,83,izlenmistir,17,0.0020741825280624696,0.7004636408003905,8196
MCL,positive,1,84,thickness,17,0.0020741825280624696,0.7025378233284529,8196
MCL,positive,1,85,ligaman,16,0.0019521717911176184,0.7044899951195706,8196
MCL,positive,1,86,ruptura,16,0.0019521717911176184,0.7064421669106882,8196
MCL,positive,1,87,mevcuttur,16,0.0019521717911176184,0.7083943387018058,8196
MCL,positive,1,88,signos,15,0.0018301610541727673,0.7102244997559786,8196
MCL,positive,1,89,un,15,0.0018301610541727673,0.7120546608101513,8196
MCL,positive,1,90,συνδεσμου,15,0.0018301610541727673,0.7138848218643241,8196
MCL,positive,1,91,on,15,0.0018301610541727673,0.7157149829184968,8196
MCL,positive,1,92,sonuc,14,0.001708150317227916,0.7174231332357247,8196
MCL,positive,1,93,u,14,0.001708150317227916,0.7191312835529526,8196
MCL,positive,1,94,iii,14,0.001708150317227916,0.7208394338701806,8196
MCL,positive,1,95,yan,14,0.001708150317227916,0.7225475841874085,8196
MCL,positive,1,96,noted,14,0.001708150317227916,0.7242557345046364,8196
MCL,positive,1,97,κακωση,14,0.001708150317227916,0.7259638848218644,8196
MCL,positive,1,98,la,13,0.001586139580283065,0.7275500244021474,8196
MCL,positive,1,99,gorunum,13,0.001586139580283065,0.7291361639824304,8196
MCL,positive,1,100,stupnja,13,0.001586139580283065,0.7307223035627135,8196
MCL,positive,2,1,collateral ligament,205,0.027148722023573036,0.027148722023573036,7551
MCL,positive,2,2,medial collateral,203,0.02688385644285525,0.05403257846642829,7551
MCL,positive,2,3,of the,185,0.02450006621639518,0.07853264468282346,7551
MCL,positive,2,4,the medial,130,0.017216262746656073,0.09574890742947954,7551
MCL,positive,2,5,grade i,123,0.01628923321414382,0.11203814064362336,7551
MCL,positive,2,6,medial kollateral,112,0.014832472520196,0.12687061316381937,7551
MCL,positive,2,7,i sprain,85,0.011256787180505894,0.13812740034432525,7551
MCL,positive,2,8,grade 1,82,0.010859488809429215,0.14898688915375446,7551
MCL,positive,2,9,partial tear,72,0.009535160905840286,0.15852205005959474,7551
MCL,positive,2,10,tear of,69,0.009137862534763607,0.16765991259435836,7551
MCL,positive,2,11,grade ii,65,0.008608131373328037,0.1762680439676864,7551
MCL,positive,2,12,mcl sprain,60,0.007945967421533572,0.18421401138921997,7551
MCL,positive,2,13,there is,59,0.007813534631174679,0.19202754602039465,7551
MCL,positive,2,14,sprain of,59,0.007813534631174679,0.19984108065156933,7551
MCL,positive,2,15,ligamentous sprain,58,0.007681101840815786,0.2075221824923851,7551
MCL,positive,2,16,of mcl,47,0.006224341146867964,0.2137465236392531,7551
MCL,positive,2,17,parcial del,44,0.0058270427757912855,0.21957356641504436,7551
MCL,positive,2,18,grade 2,43,0.0056946099854323935,0.22526817640047675,7551
MCL,positive,2,19,rotura parcial,40,0.005297311614355715,0.23056548801483248,7551
MCL,positive,2,20,del lcm,40,0.005297311614355715,0.23586279962918819,7551
MCL,positive,2,21,low grade,39,0.005164878823996822,0.241027678453185,7551
MCL,positive,2,22,proximal mcl,37,0.004900013243279036,0.24592769169646406,7551
MCL,positive,2,23,ligament at,37,0.004900013243279036,0.2508277049397431,7551
MCL,positive,2,24,grade partial,33,0.004370282081843465,0.2551979870215865,7551
MCL,positive,2,25,kollateral ligamende,33,0.004370282081843465,0.25956826910343,7551
MCL,positive,2,26,periligamentoz odem,33,0.004370282081843465,0.2639385511852735,7551
MCL,positive,2,27,del ligamento,33,0.004370282081843465,0.26830883326711696,7551
MCL,positive,2,28,injury of,33,0.004370282081843465,0.2726791153489604,7551
MCL,positive,2,29,ligament mcl,32,0.004237849291484572,0.27691696464044496,7551
MCL,positive,2,30,is grade,30,0.003972983710766786,0.2808899483512118,7551
MCL,positive,2,31,collateral ligaments,30,0.003972983710766786,0.28486293206197855,7551
MCL,positive,2,32,2 injury,30,0.003972983710766786,0.2888359157727453,7551
MCL,positive,2,33,ligamento colateral,29,0.003840550920407893,0.2926764666931532,7551
MCL,positive,2,34,colateral medial,29,0.003840550920407893,0.29651701761356114,7551
MCL,positive,2,35,ligaments posterolateral,29,0.003840550920407893,0.300357568533969,7551
MCL,positive,2,36,posterolateral corner,29,0.003840550920407893,0.3041981194543769,7551
MCL,positive,2,37,corner medial,29,0.003840550920407893,0.3080386703747848,7551
MCL,positive,2,38,mid substance,29,0.003840550920407893,0.3118792212951927,7551
MCL,positive,2,39,in favor,29,0.003840550920407893,0.3157197722156006,7551
MCL,positive,2,40,favor of,29,0.003840550920407893,0.31956032313600846,7551
MCL,positive,2,41,1 injury,29,0.003840550920407893,0.3234008740564164,7551
MCL,positive,2,42,i ligamentous,28,0.003708118130049,0.3271089921864654,7551
MCL,positive,2,43,del componente,28,0.003708118130049,0.3308171103165144,7551
MCL,positive,2,44,ii ligamentous,28,0.003708118130049,0.33452522844656335,7551
MCL,positive,2,45,sprain partial,28,0.003708118130049,0.33823334657661236,7551
MCL,positive,2,46,at mid,28,0.003708118130049,0.34194146470666137,7551
MCL,positive,2,47,componente superficial,27,0.003575685339690107,0.3455171500463515,7551
MCL,positive,2,48,1 sprain,27,0.003575685339690107,0.3490928353860416,7551
MCL,positive,2,49,and superficial,26,0.0034432525493312146,0.3525360879353728,7551
MCL,positive,2,50,superficial fibers,26,0.0034432525493312146,0.35597934048470403,7551
MCL,positive,2,51,thickening of,25,0.0033108197589723216,0.3592901602436763,7551
MCL,positive,2,52,kollateral ligamanda,25,0.0033108197589723216,0.3626009800026487,7551
MCL,positive,2,53,the proximal,25,0.0033108197589723216,0.36591179976162097,7551
MCL,positive,2,54,kollateral ligamen,25,0.0033108197589723216,0.3692226195205933,7551
MCL,positive,2,55,deep and,25,0.0033108197589723216,0.3725334392795656,7551
MCL,positive,2,56,of grade,25,0.0033108197589723216,0.37584425903853796,7551
MCL,positive,2,57,high grade,24,0.0031783869686134287,0.37902264600715135,7551
MCL,positive,2,58,esguince grado,24,0.0031783869686134287,0.3822010329757648,7551
MCL,positive,2,59,substance deep,24,0.0031783869686134287,0.38537941994437824,7551
MCL,positive,2,60,superficial del,23,0.0030459541782545357,0.3884253741226328,7551
MCL,positive,2,61,signal intensity,23,0.0030459541782545357,0.3914713283008873,7551
MCL,positive,2,62,izlendi grade,20,0.0026486558071778573,0.39411998410806515,7551
MCL,positive,2,63,r o,20,0.0026486558071778573,0.396768639915243,7551
MCL,positive,2,64,in keeping,20,0.0026486558071778573,0.39941729572242085,7551
MCL,positive,2,65,keeping with,20,0.0026486558071778573,0.40206595152959873,7551
MCL,positive,2,66,the superficial,20,0.0026486558071778573,0.4047146073367766,7551
MCL,positive,2,67,medijalnog kolateralnog,19,0.0025162230168189643,0.40723083035359553,7551
MCL,positive,2,68,kolateralnog ligamenta,19,0.0025162230168189643,0.4097470533704145,7551
MCL,positive,2,69,ligamen cevresinde,19,0.0025162230168189643,0.4122632763872335,7551
MCL,positive,2,70,of acl,19,0.0025162230168189643,0.41477949940405245,7551
MCL,positive,2,71,ii del,18,0.0023837902264600714,0.4171632896305125,7551
MCL,positive,2,72,at the,18,0.0023837902264600714,0.4195470798569726,7551
MCL,positive,2,73,mcl grade,18,0.0023837902264600714,0.42193087008343266,7551
MCL,positive,2,74,ligamende grade,18,0.0023837902264600714,0.42431466030989273,7551
MCL,positive,2,75,ile uyumlu,17,0.0022513574361011784,0.4265660177459939,7551
MCL,positive,2,76,ligament with,17,0.0022513574361011784,0.42881737518209506,7551
MCL,positive,2,77,ligamanda grade,17,0.0022513574361011784,0.4310687326181963,7551
MCL,positive,2,78,o grade,17,0.0022513574361011784,0.43332009005429745,7551
MCL,positive,2,79,odem izlendi,17,0.0022513574361011784,0.4355714474903986,7551
MCL,positive,2,80,the mcl,17,0.0022513574361011784,0.4378228049264998,7551
MCL,positive,2,81,kollateral ligaman,16,0.002118924645742286,0.4399417295722421,7551
MCL,positive,2,82,with a,16,0.002118924645742286,0.44206065421798435,7551
MCL,positive,2,83,impresion rotura,16,0.002118924645742286,0.44417957886372667,7551
MCL,positive,2,84,resultados rotura,16,0.002118924645742286,0.4462985035094689,7551
MCL,positive,2,85,partial thickness,16,0.002118924645742286,0.44841742815521124,7551
MCL,positive,2,86,signos de,15,0.001986491855383393,0.45040392001059465,7551
MCL,positive,2,87,of medial,15,0.001986491855383393,0.452390411865978,7551
MCL,positive,2,88,mcl in,15,0.001986491855383393,0.4543769037213614,7551
MCL,positive,2,89,1 mcl,15,0.001986491855383393,0.4563633955767448,7551
MCL,positive,2,90,ligamende periligamentoz,14,0.0018540590650245,0.45821745464176933,7551
MCL,positive,2,91,un esguince,14,0.0018540590650245,0.4600715137067938,7551
MCL,positive,2,92,increased signal,14,0.0018540590650245,0.4619255727718183,7551
MCL,positive,2,93,ligament and,14,0.0018540590650245,0.4637796318368428,7551
MCL,positive,2,94,ligaman cevresinde,13,0.0017216262746656073,0.4655012581115084,7551
MCL,positive,2,95,de un,13,0.0017216262746656073,0.46722288438617404,7551
MCL,positive,2,96,to the,13,0.0017216262746656073,0.46894451066083964,7551
MCL,positive,2,97,grade iii,13,0.0017216262746656073,0.47066613693550524,7551
MCL,positive,2,98,ic yan,13,0.0017216262746656073,0.47238776321017084,7551
MCL,positive,2,99,mild thickening,13,0.0017216262746656073,0.47410938948483644,7551
MCL,positive,2,100,f s,13,0.0017216262746656073,0.47583101575950204,7551
MCL,uncertain,1,1,collateral,22,0.054187192118226604,0.054187192118226604,406
MCL,uncertain,1,2,medial,22,0.054187192118226604,0.10837438423645321,406
MCL,uncertain,1,3,mcl,16,0.03940886699507389,0.1477832512315271,406
MCL,uncertain,1,4,the,16,0.03940886699507389,0.18719211822660098,406
MCL,uncertain,1,5,ligament,15,0.03694581280788178,0.22413793103448276,406
MCL,uncertain,1,6,of,15,0.03694581280788178,0.26108374384236455,406
MCL,uncertain,1,7,edema,10,0.024630541871921183,0.2857142857142857,406
MCL,uncertain,1,8,grade,10,0.024630541871921183,0.3103448275862069,406
MCL,uncertain,1,9,ligaments,8,0.019704433497536946,0.33004926108374383,406
MCL,uncertain,1,10,posterolateral,8,0.019704433497536946,0.3497536945812808,406
MCL,uncertain,1,11,corner,8,0.019704433497536946,0.3694581280788177,406
MCL,uncertain,1,12,likely,8,0.019704433497536946,0.3891625615763547,406
MCL,uncertain,1,13,tear,8,0.019704433497536946,0.4088669950738916,406
MCL,uncertain,1,14,periligamentous,7,0.017241379310344827,0.42610837438423643,406
MCL,uncertain,1,15,to,7,0.017241379310344827,0.4433497536945813,406
MCL,uncertain,1,16,meniscal,6,0.014778325123152709,0.458128078817734,406
MCL,uncertain,1,17,injury,6,0.014778325123152709,0.4729064039408867,406
MCL,uncertain,1,18,adjacent,6,0.014778325123152709,0.4876847290640394,406
MCL,uncertain,1,19,related,5,0.012315270935960592,0.5,406
MCL,uncertain,1,20,pathology,5,0.012315270935960592,0.5123152709359606,406
MCL,uncertain,1,21,and,5,0.012315270935960592,0.5246305418719212,406
MCL,uncertain,1,22,with,4,0.009852216748768473,0.5344827586206896,406
MCL,uncertain,1,23,signal,4,0.009852216748768473,0.5443349753694581,406
MCL,uncertain,1,24,2,4,0.009852216748768473,0.5541871921182266,406
MCL,uncertain,1,25,femoral,4,0.009852216748768473,0.5640394088669951,406
MCL,uncertain,1,26,complete,4,0.009852216748768473,0.5738916256157636,406
MCL,uncertain,1,27,which,4,0.009852216748768473,0.583743842364532,406
MCL,uncertain,1,28,may,4,0.009852216748768473,0.5935960591133005,406
MCL,uncertain,1,29,represent,4,0.009852216748768473,0.603448275862069,406
MCL,uncertain,1,30,del,4,0.009852216748768473,0.6133004926108374,406
MCL,uncertain,1,31,high,3,0.007389162561576354,0.6206896551724138,406
MCL,uncertain,1,32,in,3,0.007389162561576354,0.6280788177339901,406
MCL,uncertain,1,33,possible,3,0.007389162561576354,0.6354679802955665,406
MCL,uncertain,1,34,meniscus,3,0.007389162561576354,0.6428571428571429,406
MCL,uncertain,1,35,superficial,3,0.007389162561576354,0.6502463054187192,406
MCL,uncertain,1,36,small,3,0.007389162561576354,0.6576354679802956,406
MCL,uncertain,1,37,low,3,0.007389162561576354,0.6650246305418719,406
MCL,uncertain,1,38,1,3,0.007389162561576354,0.6724137931034483,406
MCL,uncertain,1,39,sprain,3,0.007389162561576354,0.6798029556650246,406
MCL,uncertain,1,40,from,3,0.007389162561576354,0.687192118226601,406
MCL,uncertain,1,41,soft,2,0.0049261083743842365,0.6921182266009852,406
MCL,uncertain,1,42,tissue,2,0.0049261083743842365,0.6970443349753694,406
MCL,uncertain,1,43,mild,2,0.0049261083743842365,0.7019704433497537,406
MCL,uncertain,1,44,increased,2,0.0049261083743842365,0.7068965517241379,406
MCL,uncertain,1,45,intensity,2,0.0049261083743842365,0.7118226600985221,406
MCL,uncertain,1,46,suspect,2,0.0049261083743842365,0.7167487684729064,406
MCL,uncertain,1,47,partial,2,0.0049261083743842365,0.7216748768472906,406
MCL,uncertain,1,48,at,2,0.0049261083743842365,0.7266009852216748,406
MCL,uncertain,1,49,side,2,0.0049261083743842365,0.7315270935960592,406
MCL,uncertain,1,50,functionally,2,0.0049261083743842365,0.7364532019704434,406
MCL,uncertain,1,51,attachment,2,0.0049261083743842365,0.7413793103448276,406
MCL,uncertain,1,52,is,2,0.0049261083743842365,0.7463054187192119,406
MCL,uncertain,1,53,versus,2,0.0049261083743842365,0.7512315270935961,406
MCL,uncertain,1,54,a,2,0.0049261083743842365,0.7561576354679803,406
MCL,uncertain,1,55,acl,2,0.0049261083743842365,0.7610837438423645,406
MCL,uncertain,1,56,r,2,0.0049261083743842365,0.7660098522167488,406
MCL,uncertain,1,57,o,2,0.0049261083743842365,0.770935960591133,406
MCL,uncertain,1,58,or,2,0.0049261083743842365,0.7758620689655172,406
MCL,uncertain,1,59,reactivate,2,0.0049261083743842365,0.7807881773399015,406
MCL,uncertain,1,60,probable,2,0.0049261083743842365,0.7857142857142857,406
MCL,uncertain,1,61,esguince,2,0.0049261083743842365,0.7906403940886699,406
MCL,uncertain,1,62,de,2,0.0049261083743842365,0.7955665024630542,406
MCL,uncertain,1,63,bajo,2,0.0049261083743842365,0.8004926108374384,406
MCL,uncertain,1,64,grado,2,0.0049261083743842365,0.8054187192118226,406
MCL,uncertain,1,65,componente,2,0.0049261083743842365,0.8103448275862069,406
MCL,uncertain,1,66,ligamento,2,0.0049261083743842365,0.8152709359605911,406
MCL,uncertain,1,67,colateral,2,0.0049261083743842365,0.8201970443349754,406
MCL,uncertain,1,68,intact,1,0.0024630541871921183,0.8226600985221675,406
MCL,uncertain,1,69,proximal,1,0.0024630541871921183,0.8251231527093597,406
MCL,uncertain,1,70,over,1,0.0024630541871921183,0.8275862068965517,406
MCL,uncertain,1,71,anteromedial,1,0.0024630541871921183,0.8300492610837439,406
MCL,uncertain,1,72,aspect,1,0.0024630541871921183,0.8325123152709359,406
MCL,uncertain,1,73,right,1,0.0024630541871921183,0.8349753694581281,406
MCL,uncertain,1,74,knee,1,0.0024630541871921183,0.8374384236453202,406
MCL,uncertain,1,75,insertion,1,0.0024630541871921183,0.8399014778325123,406
MCL,uncertain,1,76,as,1,0.0024630541871921183,0.8423645320197044,406
MCL,uncertain,1,77,detailed,1,0.0024630541871921183,0.8448275862068966,406
MCL,uncertain,1,78,above,1,0.0024630541871921183,0.8472906403940886,406
MCL,uncertain,1,79,compartment,1,0.0024630541871921183,0.8497536945812808,406
MCL,uncertain,1,80,cartilage,1,0.0024630541871921183,0.8522167487684729,406
MCL,uncertain,1,81,near,1,0.0024630541871921183,0.854679802955665,406
MCL,uncertain,1,82,involvement,1,0.0024630541871921183,0.8571428571428571,406
MCL,uncertain,1,83,deep,1,0.0024630541871921183,0.8596059113300493,406
MCL,uncertain,1,84,meniscofemoral,1,0.0024630541871921183,0.8620689655172413,406
MCL,uncertain,1,85,fibers,1,0.0024630541871921183,0.8645320197044335,406
MCL,uncertain,1,86,multilocular,1,0.0024630541871921183,0.8669950738916257,406
MCL,uncertain,1,87,fluid,1,0.0024630541871921183,0.8694581280788177,406
MCL,uncertain,1,88,periphery,1,0.0024630541871921183,0.8719211822660099,406
MCL,uncertain,1,89,body,1,0.0024630541871921183,0.874384236453202,406
MCL,uncertain,1,90,amount,1,0.0024630541871921183,0.8768472906403941,406
MCL,uncertain,1,91,bursitis,1,0.0024630541871921183,0.8793103448275862,406
MCL,uncertain,1,92,parameniscal,1,0.0024630541871921183,0.8817733990147784,406
MCL,uncertain,1,93,cyst,1,0.0024630541871921183,0.8842364532019704,406
MCL,uncertain,1,94,setting,1,0.0024630541871921183,0.8866995073891626,406
MCL,uncertain,1,95,an,1,0.0024630541871921183,0.8891625615763546,406
MCL,uncertain,1,96,occult,1,0.0024630541871921183,0.8916256157635468,406
MCL,uncertain,1,97,medical,1,0.0024630541871921183,0.8940886699507389,406
MCL,uncertain,1,98,proximally,1,0.0024630541871921183,0.896551724137931,406
MCL,uncertain,1,99,early,1,0.0024630541871921183,0.8990147783251231,406
MCL,uncertain,1,100,degenerative,1,0.0024630541871921183,0.9014778325123153,406
MCL,uncertain,2,1,collateral ligament,14,0.03655352480417755,0.03655352480417755,383
MCL,uncertain,2,2,medial collateral,13,0.033942558746736295,0.07049608355091384,383
MCL,uncertain,2,3,collateral ligaments,8,0.020887728459530026,0.09138381201044386,383
MCL,uncertain,2,4,ligaments posterolateral,8,0.020887728459530026,0.1122715404699739,383
MCL,uncertain,2,5,posterolateral corner,8,0.020887728459530026,0.13315926892950392,383
MCL,uncertain,2,6,corner medial,8,0.020887728459530026,0.15404699738903394,383
MCL,uncertain,2,7,ligament mcl,8,0.020887728459530026,0.17493472584856398,383
MCL,uncertain,2,8,of the,8,0.020887728459530026,0.195822454308094,383
MCL,uncertain,2,9,periligamentous edema,7,0.018276762402088774,0.21409921671018275,383
MCL,uncertain,2,10,the medial,6,0.015665796344647518,0.2297650130548303,383
MCL,uncertain,2,11,edema likely,5,0.013054830287206266,0.24281984334203655,383
MCL,uncertain,2,12,likely related,5,0.013054830287206266,0.2558746736292428,383
MCL,uncertain,2,13,related to,5,0.013054830287206266,0.2689295039164491,383
MCL,uncertain,2,14,mcl periligamentous,5,0.013054830287206266,0.2819843342036554,383
MCL,uncertain,2,15,meniscal pathology,4,0.010443864229765013,0.2924281984334204,383
MCL,uncertain,2,16,2 injury,4,0.010443864229765013,0.3028720626631854,383
MCL,uncertain,2,17,the femoral,4,0.010443864229765013,0.3133159268929504,383
MCL,uncertain,2,18,to adjacent,4,0.010443864229765013,0.3237597911227154,383
MCL,uncertain,2,19,which may,4,0.010443864229765013,0.3342036553524804,383
MCL,uncertain,2,20,may represent,4,0.010443864229765013,0.34464751958224543,383
MCL,uncertain,2,21,adjacent meniscal,3,0.007832898172323759,0.3524804177545692,383
MCL,uncertain,2,22,complete tear,3,0.007832898172323759,0.360313315926893,383
MCL,uncertain,2,23,low grade,3,0.007832898172323759,0.3681462140992167,383
MCL,uncertain,2,24,grade 1,3,0.007832898172323759,0.37597911227154046,383
MCL,uncertain,2,25,medial meniscal,2,0.005221932114882507,0.381201044386423,383
MCL,uncertain,2,26,in the,2,0.005221932114882507,0.38642297650130547,383
MCL,uncertain,2,27,soft tissue,2,0.005221932114882507,0.391644908616188,383
MCL,uncertain,2,28,to the,2,0.005221932114882507,0.3968668407310705,383
MCL,uncertain,2,29,ligament with,2,0.005221932114882507,0.402088772845953,383
MCL,uncertain,2,30,mild increased,2,0.005221932114882507,0.4073107049608355,383
MCL,uncertain,2,31,increased signal,2,0.005221932114882507,0.412532637075718,383
MCL,uncertain,2,32,signal intensity,2,0.005221932114882507,0.4177545691906005,383
MCL,uncertain,2,33,suspect grade,2,0.005221932114882507,0.42297650130548303,383
MCL,uncertain,2,34,grade 2,2,0.005221932114882507,0.4281984334203655,383
MCL,uncertain,2,35,injury of,2,0.005221932114882507,0.43342036553524804,383
MCL,uncertain,2,36,of mcl,2,0.005221932114882507,0.4386422976501306,383
MCL,uncertain,2,37,mcl possible,2,0.005221932114882507,0.44386422976501305,383
MCL,uncertain,2,38,possible partial,2,0.005221932114882507,0.4490861618798956,383
MCL,uncertain,2,39,partial tear,2,0.005221932114882507,0.45430809399477806,383
MCL,uncertain,2,40,tear at,2,0.005221932114882507,0.4595300261096606,383
MCL,uncertain,2,41,at the,2,0.005221932114882507,0.46475195822454307,383
MCL,uncertain,2,42,femoral side,2,0.005221932114882507,0.4699738903394256,383
MCL,uncertain,2,43,high grade,2,0.005221932114882507,0.4751958224543081,383
MCL,uncertain,2,44,grade likely,2,0.005221932114882507,0.4804177545691906,383
MCL,uncertain,2,45,likely functionally,2,0.005221932114882507,0.4856396866840731,383
MCL,uncertain,2,46,functionally complete,2,0.005221932114882507,0.4908616187989556,383
MCL,uncertain,2,47,tear of,2,0.005221932114882507,0.4960835509138381,383
MCL,uncertain,2,48,of acl,2,0.005221932114882507,0.5013054830287206,383
MCL,uncertain,2,49,acl and,2,0.005221932114882507,0.5065274151436031,383
MCL,uncertain,2,50,and mcl,2,0.005221932114882507,0.5117493472584856,383
MCL,uncertain,2,51,r o,2,0.005221932114882507,0.5169712793733682,383
MCL,uncertain,2,52,o grade,2,0.005221932114882507,0.5221932114882507,383
MCL,uncertain,2,53,1 2,2,0.005221932114882507,0.5274151436031331,383
MCL,uncertain,2,54,represent low,2,0.005221932114882507,0.5326370757180157,383
MCL,uncertain,2,55,grade sprain,2,0.005221932114882507,0.5378590078328982,383
MCL,uncertain,2,56,sprain or,2,0.005221932114882507,0.5430809399477807,383
MCL,uncertain,2,57,or reactivate,2,0.005221932114882507,0.5483028720626631,383
MCL,uncertain,2,58,reactivate edema,2,0.005221932114882507,0.5535248041775457,383
MCL,uncertain,2,59,edema from,2,0.005221932114882507,0.5587467362924282,383
MCL,uncertain,2,60,from medial,2,0.005221932114882507,0.5639686684073107,383
MCL,uncertain,2,61,medial meniscus,2,0.005221932114882507,0.5691906005221932,383
MCL,uncertain,2,62,meniscus tear,2,0.005221932114882507,0.5744125326370757,383
MCL,uncertain,2,63,probable esguince,2,0.005221932114882507,0.5796344647519582,383
MCL,uncertain,2,64,esguince de,2,0.005221932114882507,0.5848563968668408,383
MCL,uncertain,2,65,de bajo,2,0.005221932114882507,0.5900783289817232,383
MCL,uncertain,2,66,bajo grado,2,0.005221932114882507,0.5953002610966057,383
MCL,uncertain,2,67,grado del,2,0.005221932114882507,0.6005221932114883,383
MCL,uncertain,2,68,del componente,2,0.005221932114882507,0.6057441253263708,383
MCL,uncertain,2,69,componente superficial,2,0.005221932114882507,0.6109660574412533,383
MCL,uncertain,2,70,superficial del,2,0.005221932114882507,0.6161879895561357,383
MCL,uncertain,2,71,del ligamento,2,0.005221932114882507,0.6214099216710183,383
MCL,uncertain,2,72,ligamento colateral,2,0.005221932114882507,0.6266318537859008,383
MCL,uncertain,2,73,colateral medial,2,0.005221932114882507,0.6318537859007833,383
MCL,uncertain,2,74,mcl intact,1,0.0026109660574412533,0.6344647519582245,383
MCL,uncertain,2,75,intact with,1,0.0026109660574412533,0.6370757180156658,383
MCL,uncertain,2,76,with periligamentous,1,0.0026109660574412533,0.639686684073107,383
MCL,uncertain,2,77,to medial,1,0.0026109660574412533,0.6422976501305483,383
MCL,uncertain,2,78,high signal,1,0.0026109660574412533,0.6449086161879896,383
MCL,uncertain,2,79,signal in,1,0.0026109660574412533,0.6475195822454308,383
MCL,uncertain,2,80,the soft,1,0.0026109660574412533,0.6501305483028721,383
MCL,uncertain,2,81,tissue medial,1,0.0026109660574412533,0.6527415143603134,383
MCL,uncertain,2,82,medial to,1,0.0026109660574412533,0.6553524804177546,383
MCL,uncertain,2,83,with mild,1,0.0026109660574412533,0.6579634464751958,383
MCL,uncertain,2,84,intensity of,1,0.0026109660574412533,0.660574412532637,383
MCL,uncertain,2,85,of proximal,1,0.0026109660574412533,0.6631853785900783,383
MCL,uncertain,2,86,proximal ligament,1,0.0026109660574412533,0.6657963446475196,383
MCL,uncertain,2,87,ligament suspect,1,0.0026109660574412533,0.6684073107049608,383
MCL,uncertain,2,88,mcl with,1,0.0026109660574412533,0.6710182767624021,383
MCL,uncertain,2,89,with adjacent,1,0.0026109660574412533,0.6736292428198434,383
MCL,uncertain,2,90,adjacent soft,1,0.0026109660574412533,0.6762402088772846,383
MCL,uncertain,2,91,tissue edema,1,0.0026109660574412533,0.6788511749347258,383
MCL,uncertain,2,92,edema over,1,0.0026109660574412533,0.6814621409921671,383
MCL,uncertain,2,93,over anteromedial,1,0.0026109660574412533,0.6840731070496083,383
MCL,uncertain,2,94,anteromedial aspect,1,0.0026109660574412533,0.6866840731070496,383
MCL,uncertain,2,95,aspect of,1,0.0026109660574412533,0.6892950391644909,383
MCL,uncertain,2,96,of right,1,0.0026109660574412533,0.6919060052219321,383
MCL,uncertain,2,97,right knee,1,0.0026109660574412533,0.6945169712793734,383
MCL,uncertain,2,98,femoral insertion,1,0.0026109660574412533,0.6971279373368147,383
MCL,uncertain,2,99,insertion of,1,0.0026109660574412533,0.6997389033942559,383
MCL,uncertain,2,100,ligament as,1,0.0026109660574412533,0.7023498694516971,383
Medial Meniscus,negative,1,1,medial,1543,0.10795494297908066,0.10795494297908066,14293
Medial Meniscus,negative,1,2,meniscus,775,0.05422234660323235,0.16217728958231303,14293
Medial Meniscus,negative,1,3,normal,748,0.05233331001189393,0.21451059959420696,14293
Medial Meniscus,negative,1,4,and,637,0.04456727069194711,0.2590778702861541,14293
Medial Meniscus,negative,1,5,de,458,0.03204365773455538,0.29112152802070945,14293
Medial Meniscus,negative,1,6,in,449,0.031413978870775905,0.32253550689148536,14293
Medial Meniscus,negative,1,7,signal,449,0.031413978870775905,0.35394948576226126,14293
Medial Meniscus,negative,1,8,compartment,446,0.031204085916182747,0.385153571678444,14293
Medial Meniscus,negative,1,9,morphology,419,0.029315049324844328,0.4144686210032883,14293
Medial Meniscus,negative,1,10,lateral,316,0.022108724550479256,0.4365773455537676,14293
Medial Meniscus,negative,1,11,menisci,306,0.021409081368502066,0.45798642692226965,14293
Medial Meniscus,negative,1,12,meniskus,235,0.016441614776464004,0.47442804169873365,14293
Medial Meniscus,negative,1,13,sin,227,0.01588190023088225,0.4903099419296159,14293
Medial Meniscus,negative,1,14,senal,222,0.015532078639893655,0.5058420205695096,14293
Medial Meniscus,negative,1,15,rotura,207,0.014482613866927866,0.5203246344364374,14293
Medial Meniscus,negative,1,16,intact,204,0.014272720912334709,0.5345973553487722,14293
Medial Meniscus,negative,1,17,the,197,0.013782970684950675,0.5483803260337228,14293
Medial Meniscus,negative,1,18,y,189,0.013223256139368922,0.5616035821730917,14293
Medial Meniscus,negative,1,19,is,177,0.012383684320996293,0.573987266494088,14293
Medial Meniscus,negative,1,20,morfologia,159,0.011124326593437346,0.5851115930875254,14293
Medial Meniscus,negative,1,21,ve,154,0.010774505002448751,0.5958860980899741,14293
Medial Meniscus,negative,1,22,conservada,134,0.009375218638494368,0.6052613167284685,14293
Medial Meniscus,negative,1,23,meniscos,130,0.009095361365703492,0.6143566780941719,14293
Medial Meniscus,negative,1,24,del,125,0.008745539774714895,0.6231022178688869,14293
Medial Meniscus,negative,1,25,και,107,0.00748618204715595,0.6305883999160428,14293
Medial Meniscus,negative,1,26,no,106,0.007416217728958232,0.638004617645001,14293
Medial Meniscus,negative,1,27,menisco,102,0.007136360456167354,0.6451409781011684,14293
Medial Meniscus,negative,1,28,criterios,89,0.006226824319597006,0.6513678024207654,14293
Medial Meniscus,negative,1,29,οι,88,0.006156860001399286,0.6575246624221647,14293
Medial Meniscus,negative,1,30,of,80,0.0055971454558175334,0.6631218078779823,14293
Medial Meniscus,negative,1,31,innenmeniskus,79,0.005527181137619814,0.668648989015602,14293
Medial Meniscus,negative,1,32,medijalni,77,0.005387252501224376,0.6740362415168264,14293
Medial Meniscus,negative,1,33,menisk,76,0.005317288183026656,0.6793535296998531,14293
Medial Meniscus,negative,1,34,normaldir,74,0.005177359546631218,0.6845308892464843,14293
Medial Meniscus,negative,1,35,bez,74,0.005177359546631218,0.6897082487931155,14293
Medial Meniscus,negative,1,36,rupture,74,0.005177359546631218,0.6948856083397468,14293
Medial Meniscus,negative,1,37,bulgular,73,0.0051073952284334985,0.6999930035681803,14293
Medial Meniscus,negative,1,38,znakova,72,0.00503743091023578,0.705030434478416,14293
Medial Meniscus,negative,1,39,la,69,0.004827537955642622,0.7098579724340587,14293
Medial Meniscus,negative,1,40,medyal,69,0.004827537955642622,0.7146855103897013,14293
Medial Meniscus,negative,1,41,posterior,68,0.0047575736374449035,0.7194430840271462,14293
Medial Meniscus,negative,1,42,signos,65,0.004547680682851746,0.7239907647099979,14293
Medial Meniscus,negative,1,43,categoricos,64,0.004477716364654026,0.7284684810746519,14293
Medial Meniscus,negative,1,44,que,63,0.004407752046456308,0.7328762331211083,14293
Medial Meniscus,negative,1,45,intakter,62,0.004337787728258588,0.7372140208493668,14293
Medial Meniscus,negative,1,46,aumento,60,0.00419785909186315,0.7414118799412299,14293
Medial Meniscus,negative,1,47,cuerno,59,0.00412789477366543,0.7455397747148954,14293
Medial Meniscus,negative,1,48,articular,59,0.00412789477366543,0.7496676694885608,14293
Medial Meniscus,negative,1,49,degeneracije,59,0.00412789477366543,0.7537955642622263,14293
Medial Meniscus,negative,1,50,superficie,54,0.003778073182676835,0.7575736374449031,14293
Medial Meniscus,negative,1,51,caracteres,53,0.003708108864479116,0.7612817463093822,14293
Medial Meniscus,negative,1,52,propios,51,0.003568180228083677,0.7648499265374659,14293
Medial Meniscus,negative,1,53,central,51,0.003568180228083677,0.7684181067655496,14293
Medial Meniscus,negative,1,54,impresiona,47,0.003288322955292801,0.7717064297208424,14293
Medial Meniscus,negative,1,55,ili,47,0.003288322955292801,0.7749947526761352,14293
Medial Meniscus,negative,1,56,mediale,47,0.003288322955292801,0.778283075631428,14293
Medial Meniscus,negative,1,57,con,46,0.0032183586370950817,0.781501434268523,14293
Medial Meniscus,negative,1,58,πλαγιοι,46,0.0032183586370950817,0.7847197929056181,14293
Medial Meniscus,negative,1,59,συνδεσμοι,46,0.0032183586370950817,0.7879381515427132,14293
Medial Meniscus,negative,1,60,ο,46,0.0032183586370950817,0.7911565101798083,14293
Medial Meniscus,negative,1,61,на,46,0.0032183586370950817,0.7943748688169033,14293
Medial Meniscus,negative,1,62,contactar,44,0.003078430000699643,0.7974532988176031,14293
Medial Meniscus,negative,1,63,εσω,44,0.003078430000699643,0.8005317288183027,14293
Medial Meniscus,negative,1,64,intacte,43,0.003008465682501924,0.8035401945008046,14293
Medial Meniscus,negative,1,65,ligaments,42,0.002938501364304205,0.8064786958651088,14293
Medial Meniscus,negative,1,66,φυσιολογικα,39,0.002728608409711047,0.8092073042748198,14293
Medial Meniscus,negative,1,67,cuerpo,39,0.002728608409711047,0.8119359126845309,14293
Medial Meniscus,negative,1,68,χιαστοι,38,0.002658644091513328,0.8145945567760442,14293
Medial Meniscus,negative,1,69,normaal,37,0.002588679773315609,0.8171832365493599,14293
Medial Meniscus,negative,1,70,απεικονιζονται,34,0.0023787868187224517,0.8195620233680823,14293
Medial Meniscus,negative,1,71,μηνισκοι,33,0.002308822500524732,0.821870845868607,14293
Medial Meniscus,negative,1,72,el,33,0.002308822500524732,0.8241796683691317,14293
Medial Meniscus,negative,1,73,preserved,33,0.002308822500524732,0.8264884908696565,14293
Medial Meniscus,negative,1,74,i,33,0.002308822500524732,0.8287973133701813,14293
Medial Meniscus,negative,1,75,του,32,0.002238858182327013,0.8310361715525082,14293
Medial Meniscus,negative,1,76,der,31,0.002168893864129294,0.8332050654166375,14293
Medial Meniscus,negative,1,77,not,30,0.002098929545931575,0.8353039949625691,14293
Medial Meniscus,negative,1,78,καθως,30,0.002098929545931575,0.8374029245085006,14293
Medial Meniscus,negative,1,79,tear,29,0.002028965227733856,0.8394318897362345,14293
Medial Meniscus,negative,1,80,torn,29,0.002028965227733856,0.8414608549639684,14293
Medial Meniscus,negative,1,81,менискус,28,0.0019590009095361367,0.8434198558735045,14293
Medial Meniscus,negative,1,82,knee,28,0.0019590009095361367,0.8453788567830407,14293
Medial Meniscus,negative,1,83,with,25,0.001749107954942979,0.8471279647379836,14293
Medial Meniscus,negative,1,84,menisque,24,0.00167914363674526,0.8488071083747288,14293
Medial Meniscus,negative,1,85,en,24,0.00167914363674526,0.8504862520114741,14293
Medial Meniscus,negative,1,86,voorkomen,24,0.00167914363674526,0.8521653956482194,14293
Medial Meniscus,negative,1,87,ευρηματα,23,0.0016091793185475409,0.8537745749667669,14293
Medial Meniscus,negative,1,88,intakt,23,0.0016091793185475409,0.8553837542853144,14293
Medial Meniscus,negative,1,89,impresionan,22,0.0015392150003498215,0.8569229692856644,14293
Medial Meniscus,negative,1,90,μηνισκος,22,0.0015392150003498215,0.8584621842860142,14293
Medial Meniscus,negative,1,91,und,22,0.0015392150003498215,0.860001399286364,14293
Medial Meniscus,negative,1,92,una,20,0.0013992863639543834,0.8614006856503184,14293
Medial Meniscus,negative,1,93,ελεγχονται,20,0.0013992863639543834,0.8627999720142727,14293
Medial Meniscus,negative,1,94,collateral,20,0.0013992863639543834,0.8641992583782271,14293
Medial Meniscus,negative,1,95,or,20,0.0013992863639543834,0.8655985447421815,14293
Medial Meniscus,negative,1,96,signala,20,0.0013992863639543834,0.8669978311061358,14293
Medial Meniscus,negative,1,97,identified,19,0.001329322045756664,0.8683271531518926,14293
Medial Meniscus,negative,1,98,shape,19,0.001329322045756664,0.8696564751976492,14293
Medial Meniscus,negative,1,99,je,19,0.001329322045756664,0.8709857972434059,14293
Medial Meniscus,negative,1,100,нормално,19,0.001329322045756664,0.8723151192891625,14293
Medial Meniscus,negative,2,1,medial meniscus,713,0.05696253095789726,0.05696253095789726,12517
Medial Meniscus,negative,2,2,medial compartment,446,0.03563154110409843,0.09259407206199569,12517
Medial Meniscus,negative,2,3,compartment medial,428,0.034193496844291765,0.12678756890628745,12517
Medial Meniscus,negative,2,4,meniscus normal,428,0.034193496844291765,0.16098106575057922,12517
Medial Meniscus,negative,2,5,and signal,419,0.033474474714388434,0.19445554046496766,12517
Medial Meniscus,negative,2,6,normal in,417,0.033314692018854355,0.227770232483822,12517
Medial Meniscus,negative,2,7,in morphology,417,0.033314692018854355,0.26108492450267634,12517
Medial Meniscus,negative,2,8,morphology and,417,0.033314692018854355,0.29439961652153074,12517
Medial Meniscus,negative,2,9,de rotura,185,0.014779899336901813,0.3091795158584325,12517
Medial Meniscus,negative,2,10,normal medial,177,0.01414076855476552,0.32332028441319804,12517
Medial Meniscus,negative,2,11,medial and,170,0.01358152912039626,0.33690181353359433,12517
Medial Meniscus,negative,2,12,and lateral,170,0.01358152912039626,0.35048334265399056,12517
Medial Meniscus,negative,2,13,lateral menisci,165,0.013182072381561077,0.36366541503555166,12517
Medial Meniscus,negative,2,14,de morfologia,157,0.012542941599424783,0.3762083566349764,12517
Medial Meniscus,negative,2,15,the medial,153,0.012223376208356635,0.38843173284333304,12517
Medial Meniscus,negative,2,16,morfologia y,151,0.012063593512822561,0.40049532635615565,12517
Medial Meniscus,negative,2,17,y senal,151,0.012063593512822561,0.4125589198689782,12517
Medial Meniscus,negative,2,18,meniscus is,141,0.011264680035152193,0.4238235999041304,12517
Medial Meniscus,negative,2,19,lateral meniskus,133,0.010625549253015898,0.4344491491571463,12517
Medial Meniscus,negative,2,20,conservada sin,133,0.010625549253015898,0.4450746984101622,12517
Medial Meniscus,negative,2,21,senal conservada,132,0.010545657905248862,0.45562035631541103,12517
Medial Meniscus,negative,2,22,meniscos de,105,0.008388591515538868,0.4640089478309499,12517
Medial Meniscus,negative,2,23,medial meniskus,92,0.007350003994567388,0.4713589518255173,12517
Medial Meniscus,negative,2,24,is intact,90,0.007190221299033315,0.4785491731245506,12517
Medial Meniscus,negative,2,25,menisco medial,89,0.007110329951266278,0.4856595030758169,12517
Medial Meniscus,negative,2,26,sin criterios,89,0.007110329951266278,0.49276983302708316,12517
Medial Meniscus,negative,2,27,ve medial,78,0.006231525125828872,0.499001358152912,12517
Medial Meniscus,negative,2,28,medijalni menisk,76,0.006071742430294799,0.5050731005832069,12517
Medial Meniscus,negative,2,29,meniskus ve,74,0.005911959734760726,0.5109850603179675,12517
Medial Meniscus,negative,2,30,meniskus normaldir,74,0.005911959734760726,0.5168970200527283,12517
Medial Meniscus,negative,2,31,meniskus normal,70,0.005592394343692578,0.5224894143964208,12517
Medial Meniscus,negative,2,32,bez znakova,69,0.0055125029959255415,0.5280019173923464,12517
Medial Meniscus,negative,2,33,sin signos,65,0.005192937604857394,0.5331948549972038,12517
Medial Meniscus,negative,2,34,de senal,64,0.005113046257090357,0.5383079012542942,12517
Medial Meniscus,negative,2,35,bulgular lateral,64,0.005113046257090357,0.5434209475113845,12517
Medial Meniscus,negative,2,36,categoricos de,64,0.005113046257090357,0.5485339937684749,12517
Medial Meniscus,negative,2,37,criterios categoricos,63,0.00503315490932332,0.5535671486777982,12517
Medial Meniscus,negative,2,38,intakter innenmeniskus,62,0.0049532635615562835,0.5585204122393544,12517
Medial Meniscus,negative,2,39,aumento de,60,0.00479348086602221,0.5633138931053767,12517
Medial Meniscus,negative,2,40,del menisco,60,0.00479348086602221,0.5681073739713989,12517
Medial Meniscus,negative,2,41,ve lateral,60,0.00479348086602221,0.5729008548374211,12517
Medial Meniscus,negative,2,42,signos de,60,0.00479348086602221,0.5776943357034433,12517
Medial Meniscus,negative,2,43,cuerno posterior,59,0.004713589518255173,0.5824079252216985,12517
Medial Meniscus,negative,2,44,medyal ve,59,0.004713589518255173,0.5871215147399537,12517
Medial Meniscus,negative,2,45,menisk bez,58,0.004633698170488136,0.5917552129104418,12517
Medial Meniscus,negative,2,46,la superficie,54,0.004314132779419989,0.5960693456898618,12517
Medial Meniscus,negative,2,47,superficie articular,54,0.004314132779419989,0.6003834784692818,12517
Medial Meniscus,negative,2,48,que no,53,0.004234241431652952,0.6046177199009347,12517
Medial Meniscus,negative,2,49,sin caracteres,53,0.004234241431652952,0.6088519613325877,12517
Medial Meniscus,negative,2,50,articular sin,52,0.004154350083885915,0.6130063114164735,12517
Medial Meniscus,negative,2,51,caracteres propios,51,0.004074458736118878,0.6170807701525924,12517
Medial Meniscus,negative,2,52,propios de,51,0.004074458736118878,0.6211552288887113,12517
Medial Meniscus,negative,2,53,senal central,51,0.004074458736118878,0.6252296876248302,12517
Medial Meniscus,negative,2,54,del cuerno,50,0.003994567388351841,0.629224255013182,12517
Medial Meniscus,negative,2,55,medial que,47,0.003754893345050731,0.6329791483582328,12517
Medial Meniscus,negative,2,56,central del,47,0.003754893345050731,0.6367340417032835,12517
Medial Meniscus,negative,2,57,mediale meniscus,45,0.0035951106495166574,0.6403291523528002,12517
Medial Meniscus,negative,2,58,no impresiona,44,0.0035152193017496205,0.6438443716545498,12517
Medial Meniscus,negative,2,59,meniscus intact,44,0.0035152193017496205,0.6473595909562995,12517
Medial Meniscus,negative,2,60,impresiona contactar,43,0.0034353279539825836,0.6507949189102821,12517
Medial Meniscus,negative,2,61,of the,42,0.0033554366062155468,0.6541503555164976,12517
Medial Meniscus,negative,2,62,intacte mediale,42,0.0033554366062155468,0.6575057921227131,12517
Medial Meniscus,negative,2,63,con la,41,0.00327554525844851,0.6607813373811616,12517
Medial Meniscus,negative,2,64,contactar con,40,0.003195653910681473,0.6639769912918431,12517
Medial Meniscus,negative,2,65,znakova rupture,37,0.002955979867380363,0.6669329711592235,12517
Medial Meniscus,negative,2,66,cuerpo del,35,0.002796197171846289,0.6697291683310698,12517
Medial Meniscus,negative,2,67,znakova degeneracije,35,0.002796197171846289,0.6725253655029161,12517
Medial Meniscus,negative,2,68,posterior y,35,0.002796197171846289,0.6753215626747623,12517
Medial Meniscus,negative,2,69,degeneracije ili,34,0.0027163058240792523,0.6780378684988416,12517
Medial Meniscus,negative,2,70,ili rupture,34,0.0027163058240792523,0.6807541743229208,12517
Medial Meniscus,negative,2,71,οι μηνισκοι,33,0.0026364144763122155,0.6833905887992331,12517
Medial Meniscus,negative,2,72,και οι,33,0.0026364144763122155,0.6860270032755452,12517
Medial Meniscus,negative,2,73,φυσιολογικα απεικονιζονται,30,0.002396740433011105,0.6884237437085564,12517
Medial Meniscus,negative,2,74,is not,30,0.002396740433011105,0.6908204841415675,12517
Medial Meniscus,negative,2,75,καθως και,30,0.002396740433011105,0.6932172245745786,12517
Medial Meniscus,negative,2,76,πλαγιοι συνδεσμοι,29,0.002316849085244068,0.6955340736598227,12517
Medial Meniscus,negative,2,77,not torn,29,0.002316849085244068,0.6978509227450667,12517
Medial Meniscus,negative,2,78,οι πλαγιοι,28,0.002236957737477031,0.7000878804825438,12517
Medial Meniscus,negative,2,79,el menisco,27,0.0021570663897099943,0.7022449468722537,12517
Medial Meniscus,negative,2,80,οι χιαστοι,26,0.0020771750419429575,0.7043221219141967,12517
Medial Meniscus,negative,2,81,intact menisci,25,0.0019972836941759206,0.7063194056083726,12517
Medial Meniscus,negative,2,82,y cuerpo,25,0.0019972836941759206,0.7083166893025485,12517
Medial Meniscus,negative,2,83,normaal voorkomen,24,0.001917392346408884,0.7102340816489574,12517
Medial Meniscus,negative,2,84,voorkomen menisci,24,0.001917392346408884,0.7121514739953663,12517
Medial Meniscus,negative,2,85,απεικονιζονται οι,23,0.001837500998641847,0.7139889749940082,12517
Medial Meniscus,negative,2,86,meniscos impresionan,22,0.0017576096508748102,0.7157465846448829,12517
Medial Meniscus,negative,2,87,impresionan de,22,0.0017576096508748102,0.7175041942957577,12517
Medial Meniscus,negative,2,88,εσω μηνισκος,22,0.0017576096508748102,0.7192618039466325,12517
Medial Meniscus,negative,2,89,criterios de,21,0.0016777183031077734,0.7209395222497403,12517
Medial Meniscus,negative,2,90,και ο,21,0.0016777183031077734,0.7226172405528482,12517
Medial Meniscus,negative,2,91,ο εσω,21,0.0016777183031077734,0.7242949588559559,12517
Medial Meniscus,negative,2,92,posterior del,20,0.0015978269553407365,0.7258927858112967,12517
Medial Meniscus,negative,2,93,una rotura,20,0.0015978269553407365,0.7274906127666374,12517
Medial Meniscus,negative,2,94,menisque medial,20,0.0015978269553407365,0.7290884397219781,12517
Medial Meniscus,negative,2,95,medial normal,20,0.0015978269553407365,0.7306862666773188,12517
Medial Meniscus,negative,2,96,χιαστοι και,20,0.0015978269553407365,0.7322840936326596,12517
Medial Meniscus,negative,2,97,signal of,20,0.0015978269553407365,0.7338819205880003,12517
Medial Meniscus,negative,2,98,in the,20,0.0015978269553407365,0.7354797475433411,12517
Medial Meniscus,negative,2,99,normal shape,19,0.0015179356075736997,0.7369976831509147,12517
Medial Meniscus,negative,2,100,нормално изобразяване,19,0.0015179356075736997,0.7385156187584885,12517
Medial Meniscus,positive,1,1,medial,2418,0.05277171540811872,0.05277171540811872,45820
Medial Meniscus,positive,1,2,the,1871,0.040833697075512876,0.0936054124836316,45820
Medial Meniscus,positive,1,3,of,1807,0.03943692710606722,0.13304233958969883,45820
Medial Meniscus,positive,1,4,meniscus,1515,0.03306416412047141,0.16610650371017024,45820
Medial Meniscus,positive,1,5,posterior,1394,0.030423395896988215,0.19652989960715844,45820
Medial Meniscus,positive,1,6,tear,1032,0.022522915757311218,0.21905281536446966,45820
Medial Meniscus,positive,1,7,horn,938,0.020471409864687908,0.23952422522915756,45820
Medial Meniscus,positive,1,8,de,596,0.01300742034046268,0.25253164556962027,45820
Medial Meniscus,positive,1,9,and,561,0.012243561763422086,0.26477520733304233,45820
Medial Meniscus,positive,1,10,body,490,0.01069402007856831,0.2754692274116107,45820
Medial Meniscus,positive,1,11,menisco,471,0.010279353993889132,0.2857485814054998,45820
Medial Meniscus,positive,1,12,with,456,0.009951986032300306,0.2957005674378001,45820
Medial Meniscus,positive,1,13,на,431,0.009406372762985596,0.30510694020078566,45820
Medial Meniscus,positive,1,14,grade,418,0.009122653862941947,0.31422959406372764,45820
Medial Meniscus,positive,1,15,del,402,0.008773461370580533,0.3230030554343082,45820
Medial Meniscus,positive,1,16,rotura,381,0.008315146224356177,0.3313182016586643,45820
Medial Meniscus,positive,1,17,in,364,0.007944129201222174,0.3392623308598865,45820
Medial Meniscus,positive,1,18,meniskus,314,0.006852902662592754,0.34611523352247925,45820
Medial Meniscus,positive,1,19,at,304,0.006634657354866871,0.35274989087734615,45820
Medial Meniscus,positive,1,20,is,303,0.006612832824094282,0.3593627237014404,45820
Medial Meniscus,positive,1,21,meniscal,298,0.00650371017023134,0.3658664338716718,45820
Medial Meniscus,positive,1,22,a,293,0.006394587516368398,0.3722610213880402,45820
Medial Meniscus,positive,1,23,horizontal,286,0.006241815800960279,0.37850283718900046,45820
Medial Meniscus,positive,1,24,менискус,262,0.005718027062418158,0.3842208642514186,45820
Medial Meniscus,positive,1,25,extrusion,261,0.00569620253164557,0.38991706678306415,45820
Medial Meniscus,positive,1,26,complex,253,0.005521606285464863,0.39543867306852903,45820
Medial Meniscus,positive,1,27,there,252,0.005499781754692274,0.4009384548232213,45820
Medial Meniscus,positive,1,28,meniska,247,0.005390659100829332,0.40632911392405063,45820
Medial Meniscus,positive,1,29,dejenerasyon,241,0.005259711916193802,0.4115888258402444,45820
Medial Meniscus,positive,1,30,ve,239,0.005216062854648625,0.41680488869489307,45820
Medial Meniscus,positive,1,31,рог,237,0.005172413793103448,0.42197730248799653,45820
Medial Meniscus,positive,1,32,εσω,236,0.00515058926233086,0.4271278917503274,45820
Medial Meniscus,positive,1,33,compartment,229,0.004997817546922741,0.4321257092972501,45820
Medial Meniscus,positive,1,34,медиалния,224,0.0048886948930598,0.4370144041903099,45820
Medial Meniscus,positive,1,35,degeneration,224,0.0048886948930598,0.4419030990833697,45820
Medial Meniscus,positive,1,36,radial,213,0.004648625054561327,0.44655172413793104,45820
Medial Meniscus,positive,1,37,yirtik,212,0.0046268005237887384,0.45117852466171976,45820
Medial Meniscus,positive,1,38,y,210,0.004583151462243562,0.45576167612396334,45820
Medial Meniscus,positive,1,39,του,208,0.004539502400698385,0.46030117852466174,45820
Medial Meniscus,positive,1,40,medijalnog,204,0.004452204277608032,0.46475338280226974,45820
Medial Meniscus,positive,1,41,roga,200,0.004364906154517678,0.4691182889567874,45820
Medial Meniscus,positive,1,42,interno,199,0.00434308162374509,0.4734613705805325,45820
Medial Meniscus,positive,1,43,con,193,0.004212134439109559,0.47767350501964206,45820
Medial Meniscus,positive,1,44,conclusion,191,0.004168485377564382,0.4818419903972065,45820
Medial Meniscus,positive,1,45,straznjeg,186,0.00405936272370144,0.4859013531209079,45820
Medial Meniscus,positive,1,46,задния,183,0.003993889131383675,0.4898952422522916,45820
Medial Meniscus,positive,1,47,meniskuste,180,0.00392841553906591,0.4938236577913575,45820
Medial Meniscus,positive,1,48,root,176,0.0038411174159755563,0.49766477520733304,45820
Medial Meniscus,positive,1,49,tearing,174,0.0037974683544303796,0.5014622435617634,45820
Medial Meniscus,positive,1,50,signal,174,0.0037974683544303796,0.5052597119161938,45820
Medial Meniscus,positive,1,51,i,155,0.0033828022697512004,0.508642514185945,45820
Medial Meniscus,positive,1,52,лезия,155,0.0033828022697512004,0.5120253164556962,45820
Medial Meniscus,positive,1,53,мр,154,0.003360977738978612,0.5153862941946749,45820
Medial Meniscus,positive,1,54,ii,154,0.003360977738978612,0.5187472719336534,45820
Medial Meniscus,positive,1,55,into,153,0.0033391532082060237,0.5220864251418594,45820
Medial Meniscus,positive,1,56,oblique,152,0.0033173286774334353,0.5254037538192929,45820
Medial Meniscus,positive,1,57,la,152,0.0033173286774334353,0.5287210824967263,45820
Medial Meniscus,positive,1,58,mediale,150,0.003273679615888258,0.5319947621126145,45820
Medial Meniscus,positive,1,59,данни,145,0.0031645569620253164,0.5351593190746399,45820
Medial Meniscus,positive,1,60,за,145,0.0031645569620253164,0.5383238760366652,45820
Medial Meniscus,positive,1,61,ruptura,140,0.0030554343081623746,0.5413793103448276,45820
Medial Meniscus,positive,1,62,και,140,0.0030554343081623746,0.5444347446529899,45820
Medial Meniscus,positive,1,63,to,139,0.0030336097773897863,0.5474683544303798,45820
Medial Meniscus,positive,1,64,van,139,0.0030336097773897863,0.5505019642077695,45820
Medial Meniscus,positive,1,65,μηνισκου,134,0.002924487123526844,0.5534264513312964,45820
Medial Meniscus,positive,1,66,cuerno,130,0.0028371890004364906,0.5562636403317329,45820
Medial Meniscus,positive,1,67,extending,129,0.0028153644696639023,0.5590790048013967,45820
Medial Meniscus,positive,1,68,posterieure,129,0.0028153644696639023,0.5618943692710606,45820
Medial Meniscus,positive,1,69,в,124,0.0027062418158009605,0.5646006110868617,45820
Medial Meniscus,positive,1,70,ρηξη,124,0.0027062418158009605,0.5673068529026626,45820
Medial Meniscus,positive,1,71,izlendi,120,0.0026189436927106066,0.5699257965953732,45820
Medial Meniscus,positive,1,72,surface,119,0.0025971191619380183,0.5725229157573112,45820
Medial Meniscus,positive,1,73,lateral,108,0.002357049323439546,0.5748799650807508,45820
Medial Meniscus,positive,1,74,impresion,106,0.0023134002618943692,0.5771933653426451,45820
Medial Meniscus,positive,1,75,bulgular,106,0.0023134002618943692,0.5795067656045395,45820
Medial Meniscus,positive,1,76,arka,106,0.0023134002618943692,0.5818201658664339,45820
Medial Meniscus,positive,1,77,iii,105,0.002291575731121781,0.5841117415975556,45820
Medial Meniscus,positive,1,78,cuerpo,104,0.0022697512003491925,0.5863814927979049,45820
Medial Meniscus,positive,1,79,linear,102,0.002226102138804016,0.5886075949367089,45820
Medial Meniscus,positive,1,80,intrasubstance,102,0.002226102138804016,0.5908336970755129,45820
Medial Meniscus,positive,1,81,favor,101,0.0022042776080314274,0.5930379746835444,45820
Medial Meniscus,positive,1,82,anterior,101,0.0022042776080314274,0.5952422522915757,45820
Medial Meniscus,positive,1,83,govde,101,0.0022042776080314274,0.5974465298996071,45820
Medial Meniscus,positive,1,84,compleja,101,0.0022042776080314274,0.5996508075076386,45820
Medial Meniscus,positive,1,85,du,99,0.0021606285464862507,0.6018114360541248,45820
Medial Meniscus,positive,1,86,intensity,97,0.0021169794849410736,0.603928415539066,45820
Medial Meniscus,positive,1,87,se,96,0.0020951549541684852,0.6060235704932344,45820
Medial Meniscus,positive,1,88,resultados,95,0.002073330423395897,0.6080969009166303,45820
Medial Meniscus,positive,1,89,menisque,92,0.002007856831078132,0.6101047577477084,45820
Medial Meniscus,positive,1,90,u,92,0.002007856831078132,0.6121126145787865,45820
Medial Meniscus,positive,1,91,edema,92,0.002007856831078132,0.6141204714098647,45820
Medial Meniscus,positive,1,92,without,91,0.0019860323003055434,0.6161065037101703,45820
Medial Meniscus,positive,1,93,ile,91,0.0019860323003055434,0.6180925360104758,45820
Medial Meniscus,positive,1,94,tibial,85,0.001855085115670013,0.6199476211261458,45820
Medial Meniscus,positive,1,95,mild,84,0.0018332605848974247,0.6217808817110432,45820
Medial Meniscus,positive,1,96,hornunda,83,0.0018114360541248364,0.6235923177651681,45820
Medial Meniscus,positive,1,97,mm,83,0.0018114360541248364,0.6254037538192929,45820
Medial Meniscus,positive,1,98,medyal,83,0.0018114360541248364,0.6272151898734177,45820
Medial Meniscus,positive,1,99,3,83,0.0018114360541248364,0.6290266259275425,45820
Medial Meniscus,positive,1,100,met,81,0.0017677869925796594,0.6307944129201222,45820
Medial Meniscus,positive,2,1,medial meniscus,1339,0.03136051713235122,0.03136051713235122,42697
Medial Meniscus,positive,2,2,of the,1179,0.02761318125395227,0.05897369838630349,42697
Medial Meniscus,positive,2,3,posterior horn,867,0.020305876291074314,0.0792795746773778,42697
Medial Meniscus,positive,2,4,the medial,817,0.019134833829074643,0.09841440850645244,42697
Medial Meniscus,positive,2,5,horn of,549,0.012858046232756399,0.11127245473920884,42697
Medial Meniscus,positive,2,6,the posterior,415,0.009719652434597279,0.12099210717380612,42697
Medial Meniscus,positive,2,7,tear of,372,0.00871255591727756,0.1297046630910837,42697
Medial Meniscus,positive,2,8,of medial,303,0.007096517319718013,0.1368011804108017,42697
Medial Meniscus,positive,2,9,meniscus with,266,0.006229945897838256,0.14303112630863996,42697
Medial Meniscus,positive,2,10,the body,259,0.006065999953158301,0.14909712626179825,42697
Medial Meniscus,positive,2,11,medial meniskus,245,0.005738108063798393,0.15483523432559665,42697
Medial Meniscus,positive,2,12,del menisco,242,0.005667845516078413,0.16050307984167506,42697
Medial Meniscus,positive,2,13,рог на,233,0.005457057872918472,0.16596013771459353,42697
Medial Meniscus,positive,2,14,medial compartment,223,0.005222849380518538,0.17118298709511207,42697
Medial Meniscus,positive,2,15,there is,223,0.005222849380518538,0.1764058364756306,42697
Medial Meniscus,positive,2,16,на медиалния,222,0.0051994285312785445,0.18160526500690916,42697
Medial Meniscus,positive,2,17,медиалния менискус,222,0.0051994285312785445,0.18680469353818768,42697
Medial Meniscus,positive,2,18,menisco medial,222,0.0051994285312785445,0.19200412206946624,42697
Medial Meniscus,positive,2,19,and posterior,221,0.0051760076820385505,0.19718012975150478,42697
Medial Meniscus,positive,2,20,tear at,215,0.00503548258659859,0.20221561233810337,42697
Medial Meniscus,positive,2,21,at the,212,0.00496522003887861,0.20718083237698198,42697
Medial Meniscus,positive,2,22,body and,205,0.004801274094198655,0.21198210647118065,42697
Medial Meniscus,positive,2,23,menisco interno,199,0.004660748998758695,0.21664285546993933,42697
Medial Meniscus,positive,2,24,medijalnog meniska,196,0.004590486451038715,0.22123334192097804,42697
Medial Meniscus,positive,2,25,rotura de,184,0.004309436260158794,0.22554277818113685,42697
Medial Meniscus,positive,2,26,задния рог,182,0.0042625945616788065,0.22980537274281565,42697
Medial Meniscus,positive,2,27,de menisco,176,0.004122069466238846,0.2339274422090545,42697
Medial Meniscus,positive,2,28,straznjeg roga,173,0.004051806918518866,0.23797924912757337,42697
Medial Meniscus,positive,2,29,grade ii,152,0.0035599690844790033,0.24153921821205238,42697
Medial Meniscus,positive,2,30,tearing of,148,0.0034662856875190295,0.2450055038995714,42697
Medial Meniscus,positive,2,31,into the,147,0.003442864838279036,0.24844836873785042,42697
Medial Meniscus,positive,2,32,medial meniskuste,146,0.0034194439890390424,0.25186781272688946,42697
Medial Meniscus,positive,2,33,данни за,145,0.0033960231397990493,0.25526383586668855,42697
Medial Meniscus,positive,2,34,мр данни,144,0.0033726022905590557,0.2586364381572476,42697
Medial Meniscus,positive,2,35,complex tear,143,0.003349181441319062,0.26198561959856664,42697
Medial Meniscus,positive,2,36,meniskus posterior,139,0.0032554980443590883,0.26524111764292574,42697
Medial Meniscus,positive,2,37,radial tear,135,0.0031618146473991146,0.26840293229032486,42697
Medial Meniscus,positive,2,38,of posterior,129,0.003021289551959154,0.271424221842284,42697
Medial Meniscus,positive,2,39,compartment medial,129,0.003021289551959154,0.27444551139424317,42697
Medial Meniscus,positive,2,40,posterior root,128,0.0029978687027191605,0.2774433800969623,42697
Medial Meniscus,positive,2,41,εσω μηνισκου,127,0.002974447853479167,0.28041782795044146,42697
Medial Meniscus,positive,2,42,horn and,126,0.002951027004239174,0.28336885495468067,42697
Medial Meniscus,positive,2,43,του εσω,126,0.002951027004239174,0.28631988195891983,42697
Medial Meniscus,positive,2,44,medial con,125,0.0029276061549991803,0.28924748811391904,42697
Medial Meniscus,positive,2,45,cuerno posterior,123,0.002880764456519193,0.29212825257043823,42697
Medial Meniscus,positive,2,46,meniskuste grade,119,0.00278708105955922,0.29491533362999744,42697
Medial Meniscus,positive,2,47,ii dejenerasyon,111,0.0025997142656392722,0.2975150478956367,42697
Medial Meniscus,positive,2,48,body of,110,0.0025762934163992787,0.30009134131203596,42697
Medial Meniscus,positive,2,49,roga medijalnog,109,0.002552872567159285,0.30264421387919527,42697
Medial Meniscus,positive,2,50,in the,107,0.0025060308686792984,0.30515024474787455,42697
Medial Meniscus,positive,2,51,grade iii,104,0.002435768320959318,0.3075860130688339,42697
Medial Meniscus,positive,2,52,in favor,101,0.0023655057732393375,0.3099515188420732,42697
Medial Meniscus,positive,2,53,favor of,101,0.0023655057732393375,0.3123170246153126,42697
Medial Meniscus,positive,2,54,horizontal tear,100,0.0023420849239993444,0.3146591095393119,42697
Medial Meniscus,positive,2,55,mediale meniscus,98,0.0022952432255193573,0.31695435276483125,42697
Medial Meniscus,positive,2,56,signal intensity,97,0.0022718223762793637,0.3192261751411106,42697
Medial Meniscus,positive,2,57,medial meniscal,97,0.0022718223762793637,0.32149799751739,42697
Medial Meniscus,positive,2,58,rotura compleja,96,0.0022484015270393706,0.32374639904442937,42697
Medial Meniscus,positive,2,59,van de,95,0.002224980677799377,0.3259713797222287,42697
Medial Meniscus,positive,2,60,impresion rotura,93,0.00217813897931939,0.3281495187015481,42697
Medial Meniscus,positive,2,61,в задния,93,0.00217813897931939,0.3303276576808675,42697
Medial Meniscus,positive,2,62,extending into,93,0.00217813897931939,0.3325057966601869,42697
Medial Meniscus,positive,2,63,linear signal,92,0.002154718130079397,0.3346605147902663,42697
Medial Meniscus,positive,2,64,intensity in,92,0.002154718130079397,0.3368152329203457,42697
Medial Meniscus,positive,2,65,bulgular medial,88,0.002061034733119423,0.3388762676534651,42697
Medial Meniscus,positive,2,66,meniscus tear,86,0.002014193034639436,0.3408904606881045,42697
Medial Meniscus,positive,2,67,на задния,85,0.001990772185399443,0.34288123287350397,42697
Medial Meniscus,positive,2,68,the surface,85,0.001990772185399443,0.3448720050589034,42697
Medial Meniscus,positive,2,69,resultados rotura,84,0.0019673513361594492,0.34683935639506286,42697
Medial Meniscus,positive,2,70,conclusion medial,83,0.0019439304869194557,0.34878328688198235,42697
Medial Meniscus,positive,2,71,del cuerno,83,0.0019439304869194557,0.3507272173689018,42697
Medial Meniscus,positive,2,72,with a,81,0.0018970887884394688,0.35262430615734125,42697
Medial Meniscus,positive,2,73,лезия на,80,0.0018736679391994754,0.3544979740965407,42697
Medial Meniscus,positive,2,74,is a,79,0.0018502470899594819,0.3563482211865002,42697
Medial Meniscus,positive,2,75,surface in,77,0.001803405391479495,0.3581516265779797,42697
Medial Meniscus,positive,2,76,de la,77,0.001803405391479495,0.3599550319694592,42697
Medial Meniscus,positive,2,77,posterior hornunda,75,0.001756563692999508,0.3617115956624587,42697
Medial Meniscus,positive,2,78,in posterior,74,0.0017331428437595147,0.3634447385062182,42697
Medial Meniscus,positive,2,79,posterior del,71,0.0016628802960395343,0.3651076188022578,42697
Medial Meniscus,positive,2,80,and body,71,0.0016628802960395343,0.3667704990982973,42697
Medial Meniscus,positive,2,81,degeneration of,71,0.0016628802960395343,0.36843337939433685,42697
Medial Meniscus,positive,2,82,posterior y,71,0.0016628802960395343,0.37009625969037635,42697
Medial Meniscus,positive,2,83,de mediale,71,0.0016628802960395343,0.3717591399864159,42697
Medial Meniscus,positive,2,84,las partes,70,0.001639459446799541,0.37339859943321546,42697
Medial Meniscus,positive,2,85,partes blandas,70,0.001639459446799541,0.375038058880015,42697
Medial Meniscus,positive,2,86,iii dejenerasyon,70,0.001639459446799541,0.3766775183268145,42697
Medial Meniscus,positive,2,87,du menisque,69,0.0016160385975595476,0.37829355692437405,42697
Medial Meniscus,positive,2,88,posteromedial corner,67,0.0015691968990795607,0.37986275382345364,42697
Medial Meniscus,positive,2,89,за лезия,67,0.0015691968990795607,0.3814319507225332,42697
Medial Meniscus,positive,2,90,заключение мр,66,0.0015457760498395672,0.38297772677237274,42697
Medial Meniscus,positive,2,91,horizontal yirtik,66,0.0015457760498395672,0.3845235028222123,42697
Medial Meniscus,positive,2,92,compleja del,66,0.0015457760498395672,0.3860692788720519,42697
Medial Meniscus,positive,2,93,meniscus without,65,0.0015223552005995738,0.38759163407265146,42697
Medial Meniscus,positive,2,94,dejenerasyon izlendi,65,0.0015223552005995738,0.389113989273251,42697
Medial Meniscus,positive,2,95,posterieure hoorn,65,0.0015223552005995738,0.3906363444738506,42697
Medial Meniscus,positive,2,96,of tear,64,0.0014989343513595803,0.3921352788252102,42697
Medial Meniscus,positive,2,97,ruptura straznjeg,63,0.001475513502119587,0.39361079232732976,42697
Medial Meniscus,positive,2,98,bucket handle,63,0.001475513502119587,0.39508630582944937,42697
Medial Meniscus,positive,2,99,ve govde,62,0.0014520926528795934,0.39653839848232897,42697
Medial Meniscus,positive,2,100,corner of,61,0.0014286718036396,0.39796707028596856,42697
Medial Meniscus,uncertain,1,1,medial,67,0.04675505931612003,0.04675505931612003,1433
Medial Meniscus,uncertain,1,2,the,63,0.04396371249127704,0.09071877180739707,1433
Medial Meniscus,uncertain,1,3,of,55,0.03838101884159107,0.12909979064898813,1433
Medial Meniscus,uncertain,1,4,meniscus,55,0.03838101884159107,0.1674808094905792,1433
Medial Meniscus,uncertain,1,5,tear,46,0.03210048848569435,0.19958129797627355,1433
Medial Meniscus,uncertain,1,6,posterior,30,0.0209351011863224,0.22051639916259597,1433
Medial Meniscus,uncertain,1,7,horn,29,0.020237264480111653,0.24075366364270762,1433
Medial Meniscus,uncertain,1,8,at,24,0.01674808094905792,0.2575017445917655,1433
Medial Meniscus,uncertain,1,9,meniska,23,0.016050244242847175,0.2735519888346127,1433
Medial Meniscus,uncertain,1,10,roga,22,0.015352407536636426,0.28890439637124915,1433
Medial Meniscus,uncertain,1,11,straznjeg,21,0.01465457083042568,0.3035589672016748,1433
Medial Meniscus,uncertain,1,12,medijalnog,19,0.013258897418004187,0.316817864619679,1433
Medial Meniscus,uncertain,1,13,in,17,0.011863224005582694,0.3286810886252617,1433
Medial Meniscus,uncertain,1,14,u,17,0.011863224005582694,0.3405443126308444,1433
Medial Meniscus,uncertain,1,15,small,16,0.011165387299371946,0.35170969993021634,1433
Medial Meniscus,uncertain,1,16,body,16,0.011165387299371946,0.3628750872295883,1433
Medial Meniscus,uncertain,1,17,is,15,0.0104675505931612,0.37334263782274946,1433
Medial Meniscus,uncertain,1,18,i,14,0.009769713886950453,0.3831123517096999,1433
Medial Meniscus,uncertain,1,19,no,14,0.009769713886950453,0.3928820655966504,1433
Medial Meniscus,uncertain,1,20,definite,13,0.009071877180739707,0.4019539427773901,1433
Medial Meniscus,uncertain,1,21,there,11,0.007676203768318213,0.4096301465457083,1433
Medial Meniscus,uncertain,1,22,and,11,0.007676203768318213,0.4173063503140265,1433
Medial Meniscus,uncertain,1,23,compartment,10,0.006978367062107467,0.424284717376134,1433
Medial Meniscus,uncertain,1,24,probable,10,0.006978367062107467,0.43126308443824146,1433
Medial Meniscus,uncertain,1,25,suspicious,9,0.00628053035589672,0.43754361479413817,1433
Medial Meniscus,uncertain,1,26,moze,9,0.00628053035589672,0.4438241451500349,1433
Medial Meniscus,uncertain,1,27,del,9,0.00628053035589672,0.45010467550593164,1433
Medial Meniscus,uncertain,1,28,promjena,9,0.00628053035589672,0.45638520586182835,1433
Medial Meniscus,uncertain,1,29,suspect,9,0.00628053035589672,0.46266573621772505,1433
Medial Meniscus,uncertain,1,30,vjerojatno,9,0.00628053035589672,0.46894626657362176,1433
Medial Meniscus,uncertain,1,31,na,9,0.00628053035589672,0.47522679692951847,1433
Medial Meniscus,uncertain,1,32,degeneration,9,0.00628053035589672,0.48150732728541523,1433
Medial Meniscus,uncertain,1,33,odgovarati,8,0.005582693649685973,0.4870900209351012,1433
Medial Meniscus,uncertain,1,34,moguce,8,0.005582693649685973,0.4926727145847872,1433
Medial Meniscus,uncertain,1,35,degenerativnih,8,0.005582693649685973,0.4982554082344731,1433
Medial Meniscus,uncertain,1,36,suspected,8,0.005582693649685973,0.5038381018841591,1433
Medial Meniscus,uncertain,1,37,but,8,0.005582693649685973,0.5094207955338451,1433
Medial Meniscus,uncertain,1,38,van,8,0.005582693649685973,0.515003489183531,1433
Medial Meniscus,uncertain,1,39,trupa,7,0.004884856943475227,0.5198883461270063,1433
Medial Meniscus,uncertain,1,40,rupturi,7,0.004884856943475227,0.5247732030704815,1433
Medial Meniscus,uncertain,1,41,menisco,7,0.004884856943475227,0.5296580600139568,1433
Medial Meniscus,uncertain,1,42,medijalni,7,0.004884856943475227,0.534542916957432,1433
Medial Meniscus,uncertain,1,43,menisk,7,0.004884856943475227,0.5394277739009072,1433
Medial Meniscus,uncertain,1,44,signala,7,0.004884856943475227,0.5443126308443824,1433
Medial Meniscus,uncertain,1,45,anterior,7,0.004884856943475227,0.5491974877878576,1433
Medial Meniscus,uncertain,1,46,undersurface,7,0.004884856943475227,0.5540823447313329,1433
Medial Meniscus,uncertain,1,47,uz,6,0.00418702023726448,0.5582693649685974,1433
Medial Meniscus,uncertain,1,48,ruptura,6,0.00418702023726448,0.5624563852058618,1433
Medial Meniscus,uncertain,1,49,bazi,6,0.00418702023726448,0.5666434054431263,1433
Medial Meniscus,uncertain,1,50,signal,6,0.00418702023726448,0.5708304256803908,1433
Medial Meniscus,uncertain,1,51,a,6,0.00418702023726448,0.5750174459176552,1433
Medial Meniscus,uncertain,1,52,rupture,6,0.00418702023726448,0.5792044661549197,1433
Medial Meniscus,uncertain,1,53,horizontal,6,0.00418702023726448,0.5833914863921842,1433
Medial Meniscus,uncertain,1,54,podrucju,5,0.0034891835310537334,0.586880669923238,1433
Medial Meniscus,uncertain,1,55,rotura,5,0.0034891835310537334,0.5903698534542917,1433
Medial Meniscus,uncertain,1,56,periferica,5,0.0034891835310537334,0.5938590369853455,1433
Medial Meniscus,uncertain,1,57,sklopu,5,0.0034891835310537334,0.5973482205163991,1433
Medial Meniscus,uncertain,1,58,starijeg,5,0.0034891835310537334,0.6008374040474529,1433
Medial Meniscus,uncertain,1,59,datuma,5,0.0034891835310537334,0.6043265875785067,1433
Medial Meniscus,uncertain,1,60,bei,5,0.0034891835310537334,0.6078157711095603,1433
Medial Meniscus,uncertain,1,61,lateral,5,0.0034891835310537334,0.6113049546406141,1433
Medial Meniscus,uncertain,1,62,free,5,0.0034891835310537334,0.6147941381716678,1433
Medial Meniscus,uncertain,1,63,edge,5,0.0034891835310537334,0.6182833217027216,1433
Medial Meniscus,uncertain,1,64,se,5,0.0034891835310537334,0.6217725052337753,1433
Medial Meniscus,uncertain,1,65,hiperintenzitet,5,0.0034891835310537334,0.625261688764829,1433
Medial Meniscus,uncertain,1,66,corner,4,0.0027913468248429866,0.6280530355896721,1433
Medial Meniscus,uncertain,1,67,correlacionar,4,0.0027913468248429866,0.630844382414515,1433
Medial Meniscus,uncertain,1,68,con,4,0.0027913468248429866,0.633635729239358,1433
Medial Meniscus,uncertain,1,69,clinica,4,0.0027913468248429866,0.636427076064201,1433
Medial Meniscus,uncertain,1,70,injury,4,0.0027913468248429866,0.639218422889044,1433
Medial Meniscus,uncertain,1,71,conclusion,4,0.0027913468248429866,0.6420097697138869,1433
Medial Meniscus,uncertain,1,72,with,4,0.0027913468248429866,0.64480111653873,1433
Medial Meniscus,uncertain,1,73,je,4,0.0027913468248429866,0.6475924633635729,1433
Medial Meniscus,uncertain,1,74,possible,4,0.0027913468248429866,0.650383810188416,1433
Medial Meniscus,uncertain,1,75,radial,4,0.0027913468248429866,0.6531751570132589,1433
Medial Meniscus,uncertain,1,76,du,4,0.0027913468248429866,0.6559665038381018,1433
Medial Meniscus,uncertain,1,77,de,4,0.0027913468248429866,0.6587578506629449,1433
Medial Meniscus,uncertain,1,78,rupturu,3,0.00209351011863224,0.6608513607815771,1433
Medial Meniscus,uncertain,1,79,intensity,3,0.00209351011863224,0.6629448709002094,1433
Medial Meniscus,uncertain,1,80,without,3,0.00209351011863224,0.6650383810188416,1433
Medial Meniscus,uncertain,1,81,o,3,0.00209351011863224,0.6671318911374738,1433
Medial Meniscus,uncertain,1,82,fraying,3,0.00209351011863224,0.6692254012561061,1433
Medial Meniscus,uncertain,1,83,junction,3,0.00209351011863224,0.6713189113747383,1433
Medial Meniscus,uncertain,1,84,meniscal,3,0.00209351011863224,0.6734124214933705,1433
Medial Meniscus,uncertain,1,85,noted,3,0.00209351011863224,0.6755059316120028,1433
Medial Meniscus,uncertain,1,86,promijenjen,3,0.00209351011863224,0.677599441730635,1433
Medial Meniscus,uncertain,1,87,tijela,3,0.00209351011863224,0.6796929518492673,1433
Medial Meniscus,uncertain,1,88,kompleksna,3,0.00209351011863224,0.6817864619678995,1433
Medial Meniscus,uncertain,1,89,innenmeniskushinterhorn,3,0.00209351011863224,0.6838799720865317,1433
Medial Meniscus,uncertain,1,90,dd,3,0.00209351011863224,0.685973482205164,1433
Medial Meniscus,uncertain,1,91,koji,3,0.00209351011863224,0.6880669923237962,1433
Medial Meniscus,uncertain,1,92,zoni,3,0.00209351011863224,0.6901605024424284,1433
Medial Meniscus,uncertain,1,93,dijela,3,0.00209351011863224,0.6922540125610607,1433
Medial Meniscus,uncertain,1,94,ili,3,0.00209351011863224,0.6943475226796929,1433
Medial Meniscus,uncertain,1,95,bez,3,0.00209351011863224,0.6964410327983251,1433
Medial Meniscus,uncertain,1,96,for,3,0.00209351011863224,0.6985345429169574,1433
Medial Meniscus,uncertain,1,97,root,3,0.00209351011863224,0.7006280530355897,1433
Medial Meniscus,uncertain,1,98,inferior,2,0.0013956734124214933,0.7020237264480111,1433
Medial Meniscus,uncertain,1,99,im,2,0.0013956734124214933,0.7034193998604327,1433
Medial Meniscus,uncertain,1,100,innenmeniskus,2,0.0013956734124214933,0.7048150732728542,1433
Medial Meniscus,uncertain,2,1,medial meniscus,46,0.03427719821162444,0.03427719821162444,1342
Medial Meniscus,uncertain,2,2,of the,32,0.02384500745156483,0.05812220566318927,1342
Medial Meniscus,uncertain,2,3,the medial,30,0.022354694485842028,0.08047690014903129,1342
Medial Meniscus,uncertain,2,4,tear at,22,0.01639344262295082,0.09687034277198212,1342
Medial Meniscus,uncertain,2,5,posterior horn,22,0.01639344262295082,0.11326378539493294,1342
Medial Meniscus,uncertain,2,6,straznjeg roga,20,0.014903129657228018,0.12816691505216096,1342
Medial Meniscus,uncertain,2,7,horn of,20,0.014903129657228018,0.14307004470938897,1342
Medial Meniscus,uncertain,2,8,at the,19,0.014157973174366617,0.1572280178837556,1342
Medial Meniscus,uncertain,2,9,medijalnog meniska,18,0.013412816691505217,0.1706408345752608,1342
Medial Meniscus,uncertain,2,10,no definite,13,0.009687034277198211,0.18032786885245902,1342
Medial Meniscus,uncertain,2,11,the body,12,0.00894187779433681,0.18926974664679583,1342
Medial Meniscus,uncertain,2,12,roga medijalnog,12,0.00894187779433681,0.19821162444113263,1342
Medial Meniscus,uncertain,2,13,definite tear,12,0.00894187779433681,0.20715350223546944,1342
Medial Meniscus,uncertain,2,14,there is,11,0.00819672131147541,0.21535022354694486,1342
Medial Meniscus,uncertain,2,15,medial compartment,10,0.007451564828614009,0.22280178837555886,1342
Medial Meniscus,uncertain,2,16,in the,9,0.0067064083457526085,0.22950819672131148,1342
Medial Meniscus,uncertain,2,17,body of,9,0.0067064083457526085,0.23621460506706407,1342
Medial Meniscus,uncertain,2,18,the posterior,9,0.0067064083457526085,0.2429210134128167,1342
Medial Meniscus,uncertain,2,19,moze odgovarati,8,0.005961251862891207,0.2488822652757079,1342
Medial Meniscus,uncertain,2,20,degenerativnih promjena,8,0.005961251862891207,0.2548435171385991,1342
Medial Meniscus,uncertain,2,21,but no,8,0.005961251862891207,0.2608047690014903,1342
Medial Meniscus,uncertain,2,22,compartment there,7,0.005216095380029807,0.2660208643815201,1342
Medial Meniscus,uncertain,2,23,del menisco,7,0.005216095380029807,0.27123695976154993,1342
Medial Meniscus,uncertain,2,24,menisco medial,7,0.005216095380029807,0.27645305514157975,1342
Medial Meniscus,uncertain,2,25,medijalni menisk,7,0.005216095380029807,0.2816691505216095,1342
Medial Meniscus,uncertain,2,26,anterior horn,7,0.005216095380029807,0.28688524590163933,1342
Medial Meniscus,uncertain,2,27,suspicious small,6,0.004470938897168405,0.29135618479880776,1342
Medial Meniscus,uncertain,2,28,ruptura straznjeg,6,0.004470938897168405,0.29582712369597614,1342
Medial Meniscus,uncertain,2,29,tear of,6,0.004470938897168405,0.30029806259314457,1342
Medial Meniscus,uncertain,2,30,horizontal tear,6,0.004470938897168405,0.30476900149031294,1342
Medial Meniscus,uncertain,2,31,u podrucju,5,0.0037257824143070045,0.30849478390462,1342
Medial Meniscus,uncertain,2,32,meniska moze,5,0.0037257824143070045,0.312220566318927,1342
Medial Meniscus,uncertain,2,33,probable rotura,5,0.0037257824143070045,0.31594634873323396,1342
Medial Meniscus,uncertain,2,34,rotura periferica,5,0.0037257824143070045,0.319672131147541,1342
Medial Meniscus,uncertain,2,35,periferica del,5,0.0037257824143070045,0.323397913561848,1342
Medial Meniscus,uncertain,2,36,moguce u,5,0.0037257824143070045,0.327123695976155,1342
Medial Meniscus,uncertain,2,37,u sklopu,5,0.0037257824143070045,0.33084947839046197,1342
Medial Meniscus,uncertain,2,38,suspected small,5,0.0037257824143070045,0.334575260804769,1342
Medial Meniscus,uncertain,2,39,starijeg datuma,5,0.0037257824143070045,0.338301043219076,1342
Medial Meniscus,uncertain,2,40,meniscus no,5,0.0037257824143070045,0.342026825633383,1342
Medial Meniscus,uncertain,2,41,i straznjeg,5,0.0037257824143070045,0.34575260804769004,1342
Medial Meniscus,uncertain,2,42,of posterior,5,0.0037257824143070045,0.349478390461997,1342
Medial Meniscus,uncertain,2,43,of medial,5,0.0037257824143070045,0.353204172876304,1342
Medial Meniscus,uncertain,2,44,na bazi,5,0.0037257824143070045,0.356929955290611,1342
Medial Meniscus,uncertain,2,45,lateral meniscus,5,0.0037257824143070045,0.36065573770491804,1342
Medial Meniscus,uncertain,2,46,free edge,5,0.0037257824143070045,0.36438152011922503,1342
Medial Meniscus,uncertain,2,47,undersurface tear,5,0.0037257824143070045,0.368107302533532,1342
Medial Meniscus,uncertain,2,48,degeneration of,5,0.0037257824143070045,0.37183308494783907,1342
Medial Meniscus,uncertain,2,49,at posterior,5,0.0037257824143070045,0.37555886736214605,1342
Medial Meniscus,uncertain,2,50,medial correlacionar,4,0.0029806259314456036,0.37853949329359166,1342
Medial Meniscus,uncertain,2,51,correlacionar con,4,0.0029806259314456036,0.38152011922503726,1342
Medial Meniscus,uncertain,2,52,con clinica,4,0.0029806259314456036,0.38450074515648286,1342
Medial Meniscus,uncertain,2,53,meniscus but,4,0.0029806259314456036,0.38748137108792846,1342
Medial Meniscus,uncertain,2,54,suspect tear,4,0.0029806259314456036,0.39046199701937406,1342
Medial Meniscus,uncertain,2,55,meniska vjerojatno,4,0.0029806259314456036,0.39344262295081966,1342
Medial Meniscus,uncertain,2,56,vjerojatno na,4,0.0029806259314456036,0.39642324888226527,1342
Medial Meniscus,uncertain,2,57,bazi degenerativnih,4,0.0029806259314456036,0.39940387481371087,1342
Medial Meniscus,uncertain,2,58,of lateral,4,0.0029806259314456036,0.40238450074515647,1342
Medial Meniscus,uncertain,2,59,and posterior,4,0.0029806259314456036,0.40536512667660207,1342
Medial Meniscus,uncertain,2,60,vjerojatno starijeg,4,0.0029806259314456036,0.4083457526080477,1342
Medial Meniscus,uncertain,2,61,roga i,4,0.0029806259314456036,0.4113263785394933,1342
Medial Meniscus,uncertain,2,62,small radial,4,0.0029806259314456036,0.4143070044709389,1342
Medial Meniscus,uncertain,2,63,radial free,4,0.0029806259314456036,0.4172876304023845,1342
Medial Meniscus,uncertain,2,64,edge tear,4,0.0029806259314456036,0.4202682563338301,1342
Medial Meniscus,uncertain,2,65,is suspicious,3,0.0022354694485842027,0.4225037257824143,1342
Medial Meniscus,uncertain,2,66,meniska moguce,3,0.0022354694485842027,0.4247391952309985,1342
Medial Meniscus,uncertain,2,67,signala u,3,0.0022354694485842027,0.4269746646795827,1342
Medial Meniscus,uncertain,2,68,trupa i,3,0.0022354694485842027,0.42921013412816694,1342
Medial Meniscus,uncertain,2,69,signal intensity,3,0.0022354694485842027,0.4314456035767511,1342
Medial Meniscus,uncertain,2,70,meniscus and,3,0.0022354694485842027,0.4336810730253353,1342
Medial Meniscus,uncertain,2,71,the junction,3,0.0022354694485842027,0.43591654247391953,1342
Medial Meniscus,uncertain,2,72,body and,3,0.0022354694485842027,0.43815201192250375,1342
Medial Meniscus,uncertain,2,73,medial meniscal,3,0.0022354694485842027,0.4403874813710879,1342
Medial Meniscus,uncertain,2,74,meniscus is,3,0.0022354694485842027,0.4426229508196721,1342
Medial Meniscus,uncertain,2,75,meniscus tear,3,0.0022354694485842027,0.44485842026825634,1342
Medial Meniscus,uncertain,2,76,kompleksna ruptura,3,0.0022354694485842027,0.44709388971684055,1342
Medial Meniscus,uncertain,2,77,compartment medial,3,0.0022354694485842027,0.4493293591654247,1342
Medial Meniscus,uncertain,2,78,signala straznjeg,3,0.0022354694485842027,0.45156482861400893,1342
Medial Meniscus,uncertain,2,79,small inferior,2,0.0014903129657228018,0.45305514157973176,1342
Medial Meniscus,uncertain,2,80,inferior corner,2,0.0014903129657228018,0.45454545454545453,1342
Medial Meniscus,uncertain,2,81,corner tear,2,0.0014903129657228018,0.45603576751117736,1342
Medial Meniscus,uncertain,2,82,pars intermedia,2,0.0014903129657228018,0.45752608047690013,1342
Medial Meniscus,uncertain,2,83,podrucju trupa,2,0.0014903129657228018,0.45901639344262296,1342
Medial Meniscus,uncertain,2,84,trupa medijalnog,2,0.0014903129657228018,0.46050670640834573,1342
Medial Meniscus,uncertain,2,85,ekstruziju meniska,2,0.0014903129657228018,0.46199701937406856,1342
Medial Meniscus,uncertain,2,86,meniska za,2,0.0014903129657228018,0.46348733233979134,1342
Medial Meniscus,uncertain,2,87,za oko,2,0.0014903129657228018,0.46497764530551416,1342
Medial Meniscus,uncertain,2,88,sklopu degenerativnih,2,0.0014903129657228018,0.46646795827123694,1342
Medial Meniscus,uncertain,2,89,is suspected,2,0.0014903129657228018,0.46795827123695977,1342
Medial Meniscus,uncertain,2,90,small vertical,2,0.0014903129657228018,0.46944858420268254,1342
Medial Meniscus,uncertain,2,91,vertical tear,2,0.0014903129657228018,0.47093889716840537,1342
Medial Meniscus,uncertain,2,92,intenziteta signala,2,0.0014903129657228018,0.47242921013412814,1342
Medial Meniscus,uncertain,2,93,roga moguce,2,0.0014903129657228018,0.47391952309985097,1342
Medial Meniscus,uncertain,2,94,linear signal,2,0.0014903129657228018,0.47540983606557374,1342
Medial Meniscus,uncertain,2,95,intensity in,2,0.0014903129657228018,0.47690014903129657,1342
Medial Meniscus,uncertain,2,96,meniscus without,2,0.0014903129657228018,0.4783904619970194,1342
Medial Meniscus,uncertain,2,97,into the,2,0.0014903129657228018,0.4798807749627422,1342
Medial Meniscus,uncertain,2,98,the surface,2,0.0014903129657228018,0.481371087928465,1342
Medial Meniscus,uncertain,2,99,r o,2,0.0014903129657228018,0.4828614008941878,1342
Medial Meniscus,uncertain,2,100,meniska uz,2,0.0014903129657228018,0.4843517138599106,1342
Medial OA,negative,1,1,cartilage,983,0.10977107761027359,0.10977107761027359,8955
Medial OA,negative,1,2,medial,734,0.08196538246789503,0.1917364600781686,8955
Medial OA,negative,1,3,compartment,662,0.0739251814628699,0.26566164154103855,8955
Medial OA,negative,1,4,no,534,0.05963149078726968,0.3252931323283082,8955
Medial OA,negative,1,5,focal,522,0.05829145728643216,0.38358458961474035,8955
Medial OA,negative,1,6,defects,395,0.044109436069235064,0.4276940256839754,8955
Medial OA,negative,1,7,the,296,0.033054159687325516,0.46074818537130097,8955
Medial OA,negative,1,8,is,281,0.03137911781127862,0.4921273031825796,8955
Medial OA,negative,1,9,de,237,0.026465661641541037,0.5185929648241207,8955
Medial OA,negative,1,10,meniscus,205,0.022892238972640984,0.5414852037967616,8955
Medial OA,negative,1,11,and,177,0.019765494137353432,0.561250697934115,8955
Medial OA,negative,1,12,sin,169,0.01887213847012842,0.5801228364042434,8955
Medial OA,negative,1,13,compartimentos,167,0.018648799553322166,0.5987716359575656,8955
Medial OA,negative,1,14,femorotibiales,167,0.018648799553322166,0.6174204355108878,8955
Medial OA,negative,1,15,cartilagos,167,0.018648799553322166,0.63606923506421,8955
Medial OA,negative,1,16,y,166,0.01853713009491904,0.654606365159129,8955
Medial OA,negative,1,17,alteraciones,165,0.018425460636515914,0.6730318257956449,8955
Medial OA,negative,1,18,los,163,0.018202121719709658,0.6912339475153545,8955
Medial OA,negative,1,19,in,148,0.016527079843662758,0.7077610273590174,8955
Medial OA,negative,1,20,there,140,0.015633724176437745,0.7233947515354551,8955
Medial OA,negative,1,21,chondral,134,0.014963707426018984,0.738358458961474,8955
Medial OA,negative,1,22,not,132,0.01474036850921273,0.7530988274706868,8955
Medial OA,negative,1,23,torn,132,0.01474036850921273,0.7678391959798995,8955
Medial OA,negative,1,24,chondrosis,132,0.01474036850921273,0.7825795644891123,8955
Medial OA,negative,1,25,or,132,0.01474036850921273,0.7973199329983249,8955
Medial OA,negative,1,26,injury,132,0.01474036850921273,0.8120603015075377,8955
Medial OA,negative,1,27,normal,89,0.009938581797878281,0.8219988833054159,8955
Medial OA,negative,1,28,femoral,77,0.00859854829704076,0.8305974316024567,8955
Medial OA,negative,1,29,articular,72,0.008040201005025126,0.8386376326074818,8955
Medial OA,negative,1,30,la,70,0.007816862088218872,0.8464544946957008,8955
Medial OA,negative,1,31,troclea,70,0.007816862088218872,0.8542713567839196,8955
Medial OA,negative,1,32,collateral,68,0.007593523171412619,0.8618648799553322,8955
Medial OA,negative,1,33,ligament,68,0.007593523171412619,0.8694584031267448,8955
Medial OA,negative,1,34,patelofemoral,54,0.006030150753768844,0.8754885538805137,8955
Medial OA,negative,1,35,femorotibial,51,0.005695142378559464,0.8811836962590731,8955
Medial OA,negative,1,36,intact,48,0.005360134003350084,0.8865438302624232,8955
Medial OA,negative,1,37,preserved,44,0.0049134561697375765,0.8914572864321608,8955
Medial OA,negative,1,38,lateral,26,0.0029034059184812953,0.8943606923506421,8955
Medial OA,negative,1,39,patelofemorales,26,0.0029034059184812953,0.8972640982691233,8955
Medial OA,negative,1,40,mediaal,26,0.0029034059184812953,0.9001675041876047,8955
Medial OA,negative,1,41,femorotibiaal,26,0.0029034059184812953,0.903070910106086,8955
Medial OA,negative,1,42,geen,23,0.0025683975432719153,0.9056393076493578,8955
Medial OA,negative,1,43,majeure,23,0.0025683975432719153,0.9082077051926298,8955
Medial OA,negative,1,44,kraakbeendefecten,23,0.0025683975432719153,0.9107761027359017,8955
Medial OA,negative,1,45,significativas,21,0.0023450586264656616,0.9131211613623674,8955
Medial OA,negative,1,46,lateraal,20,0.002233389168062535,0.9153545505304299,8955
Medial OA,negative,1,47,και,19,0.0021217197096594083,0.9174762702400894,8955
Medial OA,negative,1,48,del,19,0.0021217197096594083,0.9195979899497487,8955
Medial OA,negative,1,49,compartimento,17,0.0018983807928531547,0.9214963707426019,8955
Medial OA,negative,1,50,appears,17,0.0018983807928531547,0.923394751535455,8955
Medial OA,negative,1,51,en,15,0.0016750418760469012,0.925069793411502,8955
Medial OA,negative,1,52,tibiofemoral,14,0.0015633724176437743,0.9266331658291457,8955
Medial OA,negative,1,53,of,14,0.0015633724176437743,0.9281965382467895,8955
Medial OA,negative,1,54,cartilago,13,0.0014517029592406477,0.9296482412060302,8955
Medial OA,negative,1,55,senal,13,0.0014517029592406477,0.9310999441652708,8955
Medial OA,negative,1,56,εσω,13,0.0014517029592406477,0.9325516471245114,8955
Medial OA,negative,1,57,εξω,12,0.001340033500837521,0.933891680625349,8955
Medial OA,negative,1,58,are,12,0.001340033500837521,0.9352317141261864,8955
Medial OA,negative,1,59,του,12,0.001340033500837521,0.936571747627024,8955
Medial OA,negative,1,60,kompartiment,10,0.0011166945840312675,0.9376884422110553,8955
Medial OA,negative,1,61,grosor,9,0.0010050251256281408,0.9386934673366835,8955
Medial OA,negative,1,62,σε,9,0.0010050251256281408,0.9396984924623115,8955
Medial OA,negative,1,63,διαμερισμα,9,0.0010050251256281408,0.9407035175879397,8955
Medial OA,negative,1,64,full,8,0.0008933556672250139,0.9415968732551647,8955
Medial OA,negative,1,65,thickness,8,0.0008933556672250139,0.9424902289223898,8955
Medial OA,negative,1,66,medialen,8,0.0008933556672250139,0.9433835845896147,8955
Medial OA,negative,1,67,at,8,0.0008933556672250139,0.9442769402568397,8955
Medial OA,negative,1,68,αρθρικος,7,0.0007816862088218872,0.9450586264656616,8955
Medial OA,negative,1,69,χονδρος,7,0.0007816862088218872,0.9458403126744835,8955
Medial OA,negative,1,70,ευρηματα,7,0.0007816862088218872,0.9466219988833054,8955
Medial OA,negative,1,71,im,7,0.0007816862088218872,0.9474036850921274,8955
Medial OA,negative,1,72,ο,6,0.0006700167504187605,0.948073701842546,8955
Medial OA,negative,1,73,δεν,6,0.0006700167504187605,0.9487437185929648,8955
Medial OA,negative,1,74,compartiment,6,0.0006700167504187605,0.9494137353433836,8955
Medial OA,negative,1,75,espesor,6,0.0006700167504187605,0.9500837520938024,8955
Medial OA,negative,1,76,απο,6,0.0006700167504187605,0.9507537688442211,8955
Medial OA,negative,1,77,τον,6,0.0006700167504187605,0.9514237855946399,8955
Medial OA,negative,1,78,condrales,6,0.0006700167504187605,0.9520938023450586,8955
Medial OA,negative,1,79,well,6,0.0006700167504187605,0.9527638190954774,8955
Medial OA,negative,1,80,patellofemoral,6,0.0006700167504187605,0.9534338358458961,8955
Medial OA,negative,1,81,condyle,5,0.0005583472920156337,0.9539921831379118,8955
Medial OA,negative,1,82,tibial,5,0.0005583472920156337,0.9545505304299274,8955
Medial OA,negative,1,83,plateau,5,0.0005583472920156337,0.9551088777219431,8955
Medial OA,negative,1,84,deep,5,0.0005583472920156337,0.9556672250139587,8955
Medial OA,negative,1,85,joint,5,0.0005583472920156337,0.9562255723059743,8955
Medial OA,negative,1,86,chondropathie,5,0.0005583472920156337,0.9567839195979899,8955
Medial OA,negative,1,87,ελεγχο,5,0.0005583472920156337,0.9573422668900056,8955
Medial OA,negative,1,88,αρθρικου,5,0.0005583472920156337,0.9579006141820212,8955
Medial OA,negative,1,89,χονδρου,5,0.0005583472920156337,0.9584589614740369,8955
Medial OA,negative,1,90,conservados,5,0.0005583472920156337,0.9590173087660525,8955
Medial OA,negative,1,91,resto,4,0.00044667783361250696,0.959463986599665,8955
Medial OA,negative,1,92,διαμερισματος,4,0.00044667783361250696,0.9599106644332775,8955
Medial OA,negative,1,93,le,4,0.00044667783361250696,0.96035734226689,8955
Medial OA,negative,1,94,du,4,0.00044667783361250696,0.9608040201005025,8955
Medial OA,negative,1,95,interne,4,0.00044667783361250696,0.961250697934115,8955
Medial OA,negative,1,96,et,4,0.00044667783361250696,0.9616973757677275,8955
Medial OA,negative,1,97,externe,4,0.00044667783361250696,0.96214405360134,8955
Medial OA,negative,1,98,est,4,0.00044667783361250696,0.9625907314349526,8955
Medial OA,negative,1,99,lesiones,4,0.00044667783361250696,0.9630374092685651,8955
Medial OA,negative,1,100,keine,4,0.00044667783361250696,0.9634840871021776,8955
Medial OA,negative,2,1,medial compartment,655,0.08177278401997504,0.08177278401997504,8010
Medial OA,negative,2,2,no focal,522,0.0651685393258427,0.14694132334581772,8010
Medial OA,negative,2,3,compartment cartilage,418,0.052184769038701624,0.19912609238451934,8010
Medial OA,negative,2,4,cartilage defects,395,0.04931335830212235,0.2484394506866417,8010
Medial OA,negative,2,5,cartilage no,390,0.04868913857677903,0.29712858926342073,8010
Medial OA,negative,2,6,focal cartilage,380,0.04744069912609238,0.3445692883895131,8010
Medial OA,negative,2,7,compartimentos femorotibiales,167,0.020848938826466917,0.36541822721598005,8010
Medial OA,negative,2,8,sin alteraciones,164,0.020474406991260925,0.38589263420724096,8010
Medial OA,negative,2,9,los compartimentos,161,0.020099875156054933,0.4059925093632959,8010
Medial OA,negative,2,10,the medial,158,0.01972534332084894,0.4257178526841448,8010
Medial OA,negative,2,11,in the,146,0.01822721598002497,0.4439450686641698,8010
Medial OA,negative,2,12,de los,145,0.018102372034956304,0.46204744069912607,8010
Medial OA,negative,2,13,femorotibiales y,144,0.017977528089887642,0.48002496878901374,8010
Medial OA,negative,2,14,there is,135,0.016853932584269662,0.4968789013732834,8010
Medial OA,negative,2,15,the meniscus,132,0.01647940074906367,0.5133583021223471,8010
Medial OA,negative,2,16,meniscus is,132,0.01647940074906367,0.5298377028714107,8010
Medial OA,negative,2,17,is not,132,0.01647940074906367,0.5463171036204744,8010
Medial OA,negative,2,18,not torn,132,0.01647940074906367,0.5627965043695381,8010
Medial OA,negative,2,19,torn and,132,0.01647940074906367,0.5792759051186017,8010
Medial OA,negative,2,20,and there,132,0.01647940074906367,0.5957553058676655,8010
Medial OA,negative,2,21,is no,132,0.01647940074906367,0.6122347066167291,8010
Medial OA,negative,2,22,focal chondrosis,132,0.01647940074906367,0.6287141073657928,8010
Medial OA,negative,2,23,chondrosis or,132,0.01647940074906367,0.6451935081148564,8010
Medial OA,negative,2,24,or chondral,132,0.01647940074906367,0.66167290886392,8010
Medial OA,negative,2,25,chondral injury,132,0.01647940074906367,0.6781523096129838,8010
Medial OA,negative,2,26,cartilagos de,132,0.01647940074906367,0.6946317103620474,8010
Medial OA,negative,2,27,compartment the,131,0.016354556803995005,0.7109862671660424,8010
Medial OA,negative,2,28,articular cartilage,72,0.008988764044943821,0.7199750312109863,8010
Medial OA,negative,2,29,y de,71,0.008863920099875156,0.7288389513108614,8010
Medial OA,negative,2,30,de la,70,0.008739076154806492,0.7375780274656679,8010
Medial OA,negative,2,31,la troclea,70,0.008739076154806492,0.7463171036204744,8010
Medial OA,negative,2,32,troclea femoral,70,0.008739076154806492,0.755056179775281,8010
Medial OA,negative,2,33,femoral sin,69,0.008614232209737827,0.7636704119850187,8010
Medial OA,negative,2,34,compartment meniscus,68,0.008489388264669164,0.7721598002496879,8010
Medial OA,negative,2,35,cartilage normal,68,0.008489388264669164,0.780649188514357,8010
Medial OA,negative,2,36,meniscus collateral,66,0.008239700374531835,0.7888888888888889,8010
Medial OA,negative,2,37,collateral ligament,66,0.008239700374531835,0.7971285892634207,8010
Medial OA,negative,2,38,ligament cartilage,66,0.008239700374531835,0.8053682896379526,8010
Medial OA,negative,2,39,y patelofemoral,54,0.006741573033707865,0.8121098626716604,8010
Medial OA,negative,2,40,patelofemoral sin,48,0.00599250936329588,0.8181023720349563,8010
Medial OA,negative,2,41,cartilage intact,28,0.003495630461922597,0.8215980024968789,8010
Medial OA,negative,2,42,compartment articular,27,0.0033707865168539327,0.8249687890137328,8010
Medial OA,negative,2,43,preserved medial,26,0.0032459425717852684,0.8282147315855181,8010
Medial OA,negative,2,44,femorotibial articular,26,0.0032459425717852684,0.8314606741573034,8010
Medial OA,negative,2,45,y patelofemorales,26,0.0032459425717852684,0.8347066167290886,8010
Medial OA,negative,2,46,medial and,25,0.003121098626716604,0.8378277153558052,8010
Medial OA,negative,2,47,and lateral,25,0.003121098626716604,0.8409488139825219,8010
Medial OA,negative,2,48,patelofemorales sin,25,0.003121098626716604,0.8440699126092385,8010
Medial OA,negative,2,49,geen majeure,23,0.002871410736579276,0.8469413233458177,8010
Medial OA,negative,2,50,majeure kraakbeendefecten,23,0.002871410736579276,0.849812734082397,8010
Medial OA,negative,2,51,kraakbeendefecten mediaal,23,0.002871410736579276,0.8526841448189763,8010
Medial OA,negative,2,52,lateraal femorotibiaal,20,0.0024968789013732834,0.8551810237203495,8010
Medial OA,negative,2,53,lateral femorotibial,19,0.002372034956304619,0.8575530586766542,8010
Medial OA,negative,2,54,alteraciones significativas,19,0.002372034956304619,0.8599250936329588,8010
Medial OA,negative,2,55,femorotibial medial,18,0.0022471910112359553,0.8621722846441947,8010
Medial OA,negative,2,56,cartilagos los,18,0.0022471910112359553,0.8644194756554308,8010
Medial OA,negative,2,57,del compartimento,17,0.002122347066167291,0.866541822721598,8010
Medial OA,negative,2,58,cartilagos del,16,0.0019975031210986267,0.8685393258426967,8010
Medial OA,negative,2,59,compartimento femorotibial,16,0.0019975031210986267,0.8705368289637953,8010
Medial OA,negative,2,60,appears intact,15,0.0018726591760299626,0.8724094881398252,8010
Medial OA,negative,2,61,femorotibiales sin,14,0.0017478152309612985,0.8741573033707866,8010
Medial OA,negative,2,62,medial femorotibial,14,0.0017478152309612985,0.8759051186017478,8010
Medial OA,negative,2,63,cartilage cartilage,14,0.0017478152309612985,0.8776529338327091,8010
Medial OA,negative,2,64,cartilage appears,14,0.0017478152309612985,0.8794007490636704,8010
Medial OA,negative,2,65,mediaal en,13,0.0016229712858926342,0.881023720349563,8010
Medial OA,negative,2,66,en lateraal,13,0.0016229712858926342,0.8826466916354557,8010
Medial OA,negative,2,67,cartilago de,12,0.00149812734082397,0.8841448189762796,8010
Medial OA,negative,2,68,y senal,12,0.00149812734082397,0.8856429463171036,8010
Medial OA,negative,2,69,εσω και,11,0.0013732833957553058,0.8870162297128589,8010
Medial OA,negative,2,70,και εξω,11,0.0013732833957553058,0.8883895131086142,8010
Medial OA,negative,2,71,cartilage is,10,0.0012484394506866417,0.8896379525593009,8010
Medial OA,negative,2,72,normal medial,10,0.0012484394506866417,0.8908863920099875,8010
Medial OA,negative,2,73,σε εσω,9,0.0011235955056179776,0.8920099875156055,8010
Medial OA,negative,2,74,εξω διαμερισμα,9,0.0011235955056179776,0.8931335830212235,8010
Medial OA,negative,2,75,de grosor,8,0.0009987515605493133,0.8941323345817728,8010
Medial OA,negative,2,76,grosor y,8,0.0009987515605493133,0.8951310861423221,8010
Medial OA,negative,2,77,focal full,8,0.0009987515605493133,0.8961298377028714,8010
Medial OA,negative,2,78,full thickness,8,0.0009987515605493133,0.8971285892634208,8010
Medial OA,negative,2,79,thickness cartilage,8,0.0009987515605493133,0.89812734082397,8010
Medial OA,negative,2,80,medial tibiofemoral,8,0.0009987515605493133,0.8991260923845193,8010
Medial OA,negative,2,81,medial sin,8,0.0009987515605493133,0.9001248439450686,8010
Medial OA,negative,2,82,medial y,8,0.0009987515605493133,0.9011235955056179,8010
Medial OA,negative,2,83,αρθρικος χονδρος,7,0.0008739076154806492,0.9019975031210986,8010
Medial OA,negative,2,84,im medialen,7,0.0008739076154806492,0.9028714107365793,8010
Medial OA,negative,2,85,femorotibiales de,7,0.0008739076154806492,0.90374531835206,8010
Medial OA,negative,2,86,mediaal of,7,0.0008739076154806492,0.9046192259675405,8010
Medial OA,negative,2,87,of lateraal,7,0.0008739076154806492,0.9054931335830212,8010
Medial OA,negative,2,88,patelofemoral de,6,0.000749063670411985,0.9062421972534332,8010
Medial OA,negative,2,89,ο αρθρικος,6,0.000749063670411985,0.9069912609238452,8010
Medial OA,negative,2,90,χονδρος σε,6,0.000749063670411985,0.9077403245942571,8010
Medial OA,negative,2,91,de espesor,6,0.000749063670411985,0.9084893882646692,8010
Medial OA,negative,2,92,mediaal femorotibiaal,6,0.000749063670411985,0.9092384519350811,8010
Medial OA,negative,2,93,απο τον,6,0.000749063670411985,0.9099875156054932,8010
Medial OA,negative,2,94,lateral tibiofemoral,6,0.000749063670411985,0.9107365792759051,8010
Medial OA,negative,2,95,is preserved,6,0.000749063670411985,0.9114856429463171,8010
Medial OA,negative,2,96,well preserved,6,0.000749063670411985,0.9122347066167291,8010
Medial OA,negative,2,97,tibiofemoral and,6,0.000749063670411985,0.9129837702871411,8010
Medial OA,negative,2,98,and patellofemoral,6,0.000749063670411985,0.913732833957553,8010
Medial OA,negative,2,99,patellofemoral articular,6,0.000749063670411985,0.9144818976279651,8010
Medial OA,negative,2,100,de compartimentos,5,0.0006242197253433209,0.9151061173533084,8010
Medial OA,positive,1,1,medial,736,0.0486708107393202,0.0486708107393202,15122
Medial OA,positive,1,2,the,408,0.02698055812723185,0.07565136886655205,15122
Medial OA,positive,1,3,compartment,364,0.02407089009390292,0.09972225896045496,15122
Medial OA,positive,1,4,of,331,0.02188863906890623,0.12161089802936119,15122
Medial OA,positive,1,5,cartilage,329,0.021756381431027642,0.14336727946038882,15122
Medial OA,positive,1,6,de,276,0.018251554027245074,0.16161883348763392,15122
Medial OA,positive,1,7,and,261,0.017259621743155668,0.17887845523078957,15122
Medial OA,positive,1,8,femoral,172,0.011374156857558524,0.1902526120883481,15122
Medial OA,positive,1,9,chondrosis,165,0.010911255124983468,0.20116386721333157,15122
Medial OA,positive,1,10,with,153,0.010117709297711943,0.2112815765110435,15122
Medial OA,positive,1,11,femorotibial,152,0.01005158047877265,0.22133315698981615,15122
Medial OA,positive,1,12,mild,143,0.009456421108319006,0.23078957809813516,15122
Medial OA,positive,1,13,του,140,0.009258034651501124,0.2400476127496363,15122
Medial OA,positive,1,14,ve,135,0.008927390556804655,0.24897500330644096,15122
Medial OA,positive,1,15,εσω,134,0.008861261737865361,0.2578362650443063,15122
Medial OA,positive,1,16,και,130,0.008596746462108187,0.2664330115064145,15122
Medial OA,positive,1,17,eklem,127,0.008398360005290305,0.2748313715117048,15122
Medial OA,positive,1,18,at,116,0.007670942996958074,0.28250231450866287,15122
Medial OA,positive,1,19,condyle,109,0.007208041264383018,0.2897103557730459,15122
Medial OA,positive,1,20,grade,109,0.007208041264383018,0.2969183970374289,15122
Medial OA,positive,1,21,osteoarthritis,107,0.00707578362650443,0.30399418066393336,15122
Medial OA,positive,1,22,weightbearing,107,0.00707578362650443,0.31106996429043776,15122
Medial OA,positive,1,23,tibiofemoral,101,0.006679010712868669,0.31774897500330646,15122
Medial OA,positive,1,24,thickness,97,0.006414495437111493,0.32416347044041793,15122
Medial OA,positive,1,25,del,92,0.006083851342415025,0.33024732178283295,15122
Medial OA,positive,1,26,loss,89,0.005885464885597143,0.3361327866684301,15122
Medial OA,positive,1,27,subchondral,86,0.005687078428779262,0.34181986509720935,15122
Medial OA,positive,1,28,moderate,83,0.005488691971961381,0.34730855706917074,15122
Medial OA,positive,1,29,patellofemoral,81,0.005356434334082793,0.3526649914032535,15122
Medial OA,positive,1,30,in,81,0.005356434334082793,0.3580214257373363,15122
Medial OA,positive,1,31,knee,80,0.005290305515143499,0.36331173125247984,15122
Medial OA,positive,1,32,y,77,0.005091919058325618,0.36840365031080546,15122
Medial OA,positive,1,33,condropatia,77,0.005091919058325618,0.3734955693691311,15122
Medial OA,positive,1,34,la,73,0.004827403782568443,0.3783229731516995,15122
Medial OA,positive,1,35,tibial,73,0.004827403782568443,0.38315037693426796,15122
Medial OA,positive,1,36,edema,72,0.00476127496362915,0.3879116518978971,15122
Medial OA,positive,1,37,severe,70,0.004629017325750562,0.39254066922364766,15122
Medial OA,positive,1,38,compartimento,68,0.004496759687871975,0.39703742891151966,15122
Medial OA,positive,1,39,thinning,67,0.004430630868932681,0.4014680597804523,15122
Medial OA,positive,1,40,is,67,0.004430630868932681,0.405898690649385,15122
Medial OA,positive,1,41,carga,64,0.004232244412114799,0.4101309350614998,15122
Medial OA,positive,1,42,lateral,63,0.004166115593175506,0.4142970506546753,15122
Medial OA,positive,1,43,2,63,0.004166115593175506,0.4184631662478508,15122
Medial OA,positive,1,44,full,63,0.004166115593175506,0.4226292818410263,15122
Medial OA,positive,1,45,joint,62,0.004099986774236212,0.42672926861526256,15122
Medial OA,positive,1,46,zona,59,0.003901600317418331,0.4306308689326809,15122
Medial OA,positive,1,47,articular,57,0.0037693426795397432,0.4344002116122206,15122
Medial OA,positive,1,48,there,55,0.003637085041661156,0.43803729665388175,15122
Medial OA,positive,1,49,to,55,0.003637085041661156,0.4416743816955429,15122
Medial OA,positive,1,50,εκφυλιστικη,54,0.0035709562227218624,0.44524533791826476,15122
Medial OA,positive,1,51,zgloba,53,0.0035048274037825684,0.44875016532204737,15122
Medial OA,positive,1,52,along,52,0.0034386985848432745,0.4521888639068906,15122
Medial OA,positive,1,53,medijalnog,51,0.003372569765903981,0.4555614336727946,15122
Medial OA,positive,1,54,grado,49,0.0032403121280253936,0.45880174580082,15122
Medial OA,positive,1,55,plateau,49,0.0032403121280253936,0.4620420579288454,15122
Medial OA,positive,1,56,στο,49,0.0032403121280253936,0.4652823700568708,15122
Medial OA,positive,1,57,espesor,47,0.003108054490146806,0.46839042454701757,15122
Medial OA,positive,1,58,en,47,0.003108054490146806,0.4714984790371644,15122
Medial OA,positive,1,59,ulceras,47,0.003108054490146806,0.4746065335273112,15122
Medial OA,positive,1,60,με,46,0.0030419256712075123,0.4776484591985187,15122
Medial OA,positive,1,61,kompartmenta,46,0.0030419256712075123,0.4806903848697262,15122
Medial OA,positive,1,62,los,45,0.0029757968522682184,0.48366618172199444,15122
Medial OA,positive,1,63,compartimentos,45,0.0029757968522682184,0.48664197857426267,15122
Medial OA,positive,1,64,femorotibiales,45,0.0029757968522682184,0.4896177754265309,15122
Medial OA,positive,1,65,condrales,45,0.0029757968522682184,0.4925935722787991,15122
Medial OA,positive,1,66,aspect,45,0.0029757968522682184,0.4955693691310673,15122
Medial OA,positive,1,67,αρθρικου,44,0.002909668033328925,0.49847903716439623,15122
Medial OA,positive,1,68,χονδρου,44,0.002909668033328925,0.5013887051977252,15122
Medial OA,positive,1,69,hrskavice,43,0.002843539214389631,0.5042322444121148,15122
Medial OA,positive,1,70,tricompartmental,43,0.002843539214389631,0.5070757836265044,15122
Medial OA,positive,1,71,medyal,43,0.002843539214389631,0.509919322840894,15122
Medial OA,positive,1,72,μηνισκου,43,0.002843539214389631,0.5127628620552837,15122
Medial OA,positive,1,73,i,41,0.0027112815765110436,0.5154741436317948,15122
Medial OA,positive,1,74,met,41,0.0027112815765110436,0.5181854252083058,15122
Medial OA,positive,1,75,lesiones,41,0.0027112815765110436,0.5208967067848168,15122
Medial OA,positive,1,76,left,40,0.0026451527575717497,0.5235418595423885,15122
Medial OA,positive,1,77,4,40,0.0026451527575717497,0.5261870122999603,15122
Medial OA,positive,1,78,parcial,40,0.0026451527575717497,0.528832165057532,15122
Medial OA,positive,1,79,διαμερισματος,40,0.0026451527575717497,0.5314773178151038,15122
Medial OA,positive,1,80,femorotibijalnog,39,0.002579023938632456,0.5340563417537363,15122
Medial OA,positive,1,81,osteophytes,39,0.002579023938632456,0.5366353656923687,15122
Medial OA,positive,1,82,subkondral,39,0.002579023938632456,0.5392143896310012,15122
Medial OA,positive,1,83,mediaal,39,0.002579023938632456,0.5417934135696336,15122
Medial OA,positive,1,84,femorotibiaal,39,0.002579023938632456,0.5443724375082661,15122
Medial OA,positive,1,85,fissuring,39,0.002579023938632456,0.5469514614468985,15122
Medial OA,positive,1,86,dejeneratif,38,0.0025128951196931623,0.5494643565665918,15122
Medial OA,positive,1,87,con,37,0.0024467663007538684,0.5519111228673456,15122
Medial OA,positive,1,88,ευρηματα,37,0.0024467663007538684,0.5543578891680995,15122
Medial OA,positive,1,89,formation,37,0.0024467663007538684,0.5568046554688533,15122
Medial OA,positive,1,90,diz,36,0.002380637481814575,0.5591852929506679,15122
Medial OA,positive,1,91,right,35,0.002314508662875281,0.5614998016135432,15122
Medial OA,positive,1,92,marrow,35,0.002314508662875281,0.5638143102764185,15122
Medial OA,positive,1,93,a,35,0.002314508662875281,0.5661288189392938,15122
Medial OA,positive,1,94,διαμερισμα,35,0.002314508662875281,0.568443327602169,15122
Medial OA,positive,1,95,high,35,0.002314508662875281,0.5707578362650443,15122
Medial OA,positive,1,96,daralma,34,0.0022483798439359875,0.5730062161089803,15122
Medial OA,positive,1,97,partial,34,0.0022483798439359875,0.5752545959529163,15122
Medial OA,positive,1,98,compartiment,34,0.0022483798439359875,0.5775029757968523,15122
Medial OA,positive,1,99,more,34,0.0022483798439359875,0.5797513556407883,15122
Medial OA,positive,1,100,chondromalacia,34,0.0022483798439359875,0.5819997354847243,15122
Medial OA,positive,2,1,medial compartment,274,0.019286267333004856,0.019286267333004856,14207
Medial OA,positive,2,2,the medial,173,0.012177095797846132,0.03146336313085099,14207
Medial OA,positive,2,3,of the,156,0.01098050256915605,0.042443865700007036,14207
Medial OA,positive,2,4,compartment cartilage,123,0.008657703948757655,0.051101569648764694,14207
Medial OA,positive,2,5,femorotibial medial,105,0.007390722883085803,0.058492292531850495,14207
Medial OA,positive,2,6,femoral condyle,101,0.007109171535158725,0.06560146406700922,14207
Medial OA,positive,2,7,medial femoral,87,0.006123741817413951,0.07172520588442317,14207
Medial OA,positive,2,8,cartilage loss,78,0.005490251284578025,0.0772154571690012,14207
Medial OA,positive,2,9,at the,77,0.005419863447596256,0.08263532061659745,14207
Medial OA,positive,2,10,de la,68,0.00478637291476033,0.08742169353135779,14207
Medial OA,positive,2,11,del compartimento,68,0.00478637291476033,0.0922080664461181,14207
Medial OA,positive,2,12,compartimento femorotibial,67,0.00471598507777856,0.09692405152389667,14207
Medial OA,positive,2,13,thickness cartilage,67,0.00471598507777856,0.10164003660167523,14207
Medial OA,positive,2,14,the weightbearing,67,0.00471598507777856,0.1063560216794538,14207
Medial OA,positive,2,15,de carga,64,0.004504821566833251,0.11086084324628705,14207
Medial OA,positive,2,16,osteoarthritis of,63,0.004434433729851482,0.11529527697613852,14207
Medial OA,positive,2,17,full thickness,63,0.004434433729851482,0.11972971070599,14207
Medial OA,positive,2,18,la zona,59,0.004152882381924404,0.12388259308791441,14207
Medial OA,positive,2,19,zona de,59,0.004152882381924404,0.12803547546983882,14207
Medial OA,positive,2,20,in the,56,0.003941718870979095,0.1319771943408179,14207
Medial OA,positive,2,21,του εσω,53,0.003730555360033786,0.1357077497008517,14207
Medial OA,positive,2,22,articular cartilage,52,0.003660167523052017,0.1393679172239037,14207
Medial OA,positive,2,23,medial and,51,0.003589779686070247,0.14295769690997395,14207
Medial OA,positive,2,24,medial tibiofemoral,51,0.003589779686070247,0.1465474765960442,14207
Medial OA,positive,2,25,along the,50,0.0035193918490884777,0.15006686844513267,14207
Medial OA,positive,2,26,there is,49,0.003449004012106708,0.15351587245723938,14207
Medial OA,positive,2,27,tibial plateau,47,0.0033082283381431687,0.15682410079538256,14207
Medial OA,positive,2,28,los compartimentos,45,0.0031674526641796296,0.15999155345956217,14207
Medial OA,positive,2,29,compartimentos femorotibiales,45,0.0031674526641796296,0.16315900612374182,14207
Medial OA,positive,2,30,ulceras condrales,45,0.0031674526641796296,0.16632645878792146,14207
Medial OA,positive,2,31,mild medial,44,0.00309706482719786,0.1694235236151193,14207
Medial OA,positive,2,32,de espesor,44,0.00309706482719786,0.17252058844231716,14207
Medial OA,positive,2,33,de los,44,0.00309706482719786,0.17561765326951503,14207
Medial OA,positive,2,34,αρθρικου χονδρου,43,0.003026676990216091,0.17864433025973112,14207
Medial OA,positive,2,35,carga del,42,0.002956289153234321,0.18160061941296543,14207
Medial OA,positive,2,36,lesiones grado,41,0.0028859013162525517,0.18448652072921798,14207
Medial OA,positive,2,37,left knee,40,0.002815513479270782,0.18730203420848876,14207
Medial OA,positive,2,38,condrales de,40,0.002815513479270782,0.19011754768775954,14207
Medial OA,positive,2,39,espesor parcial,40,0.002815513479270782,0.19293306116703035,14207
Medial OA,positive,2,40,στο εσω,40,0.002815513479270782,0.19574857464630113,14207
Medial OA,positive,2,41,femorotibijalnog zgloba,39,0.0027451256422890125,0.19849370028859012,14207
Medial OA,positive,2,42,του αρθρικου,39,0.0027451256422890125,0.20123882593087913,14207
Medial OA,positive,2,43,cartilage thinning,39,0.0027451256422890125,0.20398395157316815,14207
Medial OA,positive,2,44,mediaal femorotibiaal,38,0.0026747378053072427,0.2066586893784754,14207
Medial OA,positive,2,45,compartment chondrosis,38,0.0026747378053072427,0.20933342718378264,14207
Medial OA,positive,2,46,tibiofemoral eklem,37,0.0026043499683254734,0.21193777715210813,14207
Medial OA,positive,2,47,aspect of,37,0.0026043499683254734,0.21454212712043358,14207
Medial OA,positive,2,48,medial tibial,36,0.002533962131343704,0.2170760892517773,14207
Medial OA,positive,2,49,and patellofemoral,36,0.002533962131343704,0.219610051383121,14207
Medial OA,positive,2,50,right knee,35,0.002463574294361934,0.22207362567748293,14207
Medial OA,positive,2,51,medial femorotibial,35,0.002463574294361934,0.22453719997184488,14207
Medial OA,positive,2,52,εσω διαμερισματος,35,0.002463574294361934,0.2270007742662068,14207
Medial OA,positive,2,53,at medial,35,0.002463574294361934,0.22946434856056874,14207
Medial OA,positive,2,54,high grade,35,0.002463574294361934,0.23192792285493066,14207
Medial OA,positive,2,55,weightbearing medial,34,0.002393186457380165,0.23432110931231084,14207
Medial OA,positive,2,56,medijalnog kompartmenta,34,0.002393186457380165,0.236714295769691,14207
Medial OA,positive,2,57,weightbearing aspect,33,0.002322798620398395,0.23903709439008938,14207
Medial OA,positive,2,58,eklem medialde,32,0.0022524107834166257,0.24128950517350603,14207
Medial OA,positive,2,59,medialde eklem,32,0.0022524107834166257,0.24354191595692265,14207
Medial OA,positive,2,60,partial thickness,32,0.0022524107834166257,0.24579432674033927,14207
Medial OA,positive,2,61,subchondral edema,31,0.002182022946434856,0.24797634968677412,14207
Medial OA,positive,2,62,marrow edema,31,0.002182022946434856,0.250158372633209,14207
Medial OA,positive,2,63,and lateral,30,0.0021116351094530865,0.25227000774266206,14207
Medial OA,positive,2,64,eklem araliginda,30,0.0021116351094530865,0.2543816428521152,14207
Medial OA,positive,2,65,araliginda daralma,30,0.0021116351094530865,0.25649327796156823,14207
Medial OA,positive,2,66,diz eklemindeki,29,0.002041247272471317,0.2585345252340396,14207
Medial OA,positive,2,67,condyle and,29,0.002041247272471317,0.26057577250651087,14207
Medial OA,positive,2,68,εκφυλιστικη ρηξη,29,0.002041247272471317,0.2626170197789822,14207
Medial OA,positive,2,69,dejeneratif eklem,28,0.0019708594354895474,0.26458787921447174,14207
Medial OA,positive,2,70,eklem hastaligi,28,0.0019708594354895474,0.26655873864996127,14207
Medial OA,positive,2,71,and medial,28,0.0019708594354895474,0.26852959808545085,14207
Medial OA,positive,2,72,femorotibiaal kraakbeenlijden,27,0.0019004715985077778,0.2704300696839586,14207
Medial OA,positive,2,73,loss at,27,0.0019004715985077778,0.27233054128246637,14207
Medial OA,positive,2,74,patellofemoral compartment,27,0.0019004715985077778,0.2742310128809742,14207
Medial OA,positive,2,75,artrosis femorotibial,26,0.0018300837615260084,0.27606109664250017,14207
Medial OA,positive,2,76,fibrovaskuler degisiklikler,26,0.0018300837615260084,0.27789118040402616,14207
Medial OA,positive,2,77,degisiklikler ve,26,0.0018300837615260084,0.2797212641655522,14207
Medial OA,positive,2,78,condropatia lesiones,26,0.0018300837615260084,0.2815513479270782,14207
Medial OA,positive,2,79,medyal femoral,26,0.0018300837615260084,0.2833814316886042,14207
Medial OA,positive,2,80,daralma ekleme,25,0.0017596959245442388,0.28514112761314847,14207
Medial OA,positive,2,81,ekleme komsu,25,0.0017596959245442388,0.2869008235376927,14207
Medial OA,positive,2,82,trikompartmantal dejeneratif,25,0.0017596959245442388,0.2886605194622369,14207
Medial OA,positive,2,83,eklem kikirdagi,25,0.0017596959245442388,0.29042021538678114,14207
Medial OA,positive,2,84,grado 2,25,0.0017596959245442388,0.2921799113113254,14207
Medial OA,positive,2,85,low grade,25,0.0017596959245442388,0.29393960723586965,14207
Medial OA,positive,2,86,grade partial,25,0.0017596959245442388,0.2956993031604139,14207
Medial OA,positive,2,87,of left,25,0.0017596959245442388,0.2974589990849581,14207
Medial OA,positive,2,88,osteophyte formation,25,0.0017596959245442388,0.2992186950095024,14207
Medial OA,positive,2,89,evidence of,24,0.0016893080875624693,0.30090800309706484,14207
Medial OA,positive,2,90,of chondrosis,24,0.0016893080875624693,0.3025973111846273,14207
Medial OA,positive,2,91,eklemindeki trikompartmantal,24,0.0016893080875624693,0.30428661927218975,14207
Medial OA,positive,2,92,kikirdagi kaybi,24,0.0016893080875624693,0.3059759273597522,14207
Medial OA,positive,2,93,kaybi ve,24,0.0016893080875624693,0.3076652354473147,14207
Medial OA,positive,2,94,mild to,24,0.0016893080875624693,0.3093545435348772,14207
Medial OA,positive,2,95,to moderate,24,0.0016893080875624693,0.31104385162243964,14207
Medial OA,positive,2,96,εσω διαμερισμα,24,0.0016893080875624693,0.3127331597100021,14207
Medial OA,positive,2,97,εσω μηνισκου,24,0.0016893080875624693,0.31442246779756455,14207
Medial OA,positive,2,98,εκφυλιστικη οστεοαρθριτιδα,24,0.0016893080875624693,0.31611177588512707,14207
Medial OA,positive,2,99,condropatia superficial,24,0.0016893080875624693,0.3178010839726895,14207
Medial OA,positive,2,100,by evidence,23,0.0016189202505806997,0.3194200042232702,14207
Medial OA,uncertain,1,1,the,3,0.10344827586206896,0.10344827586206896,29
Medial OA,uncertain,1,2,is,3,0.10344827586206896,0.20689655172413793,29
Medial OA,uncertain,1,3,medial,2,0.06896551724137931,0.27586206896551724,29
Medial OA,uncertain,1,4,there,2,0.06896551724137931,0.3448275862068966,29
Medial OA,uncertain,1,5,in,1,0.034482758620689655,0.3793103448275862,29
Medial OA,uncertain,1,6,compartment,1,0.034482758620689655,0.41379310344827586,29
Medial OA,uncertain,1,7,probable,1,0.034482758620689655,0.4482758620689655,29
Medial OA,uncertain,1,8,horizontal,1,0.034482758620689655,0.4827586206896552,29
Medial OA,uncertain,1,9,tear,1,0.034482758620689655,0.5172413793103449,29
Medial OA,uncertain,1,10,at,1,0.034482758620689655,0.5517241379310345,29
Medial OA,uncertain,1,11,posterior,1,0.034482758620689655,0.5862068965517241,29
Medial OA,uncertain,1,12,horn,1,0.034482758620689655,0.6206896551724138,29
Medial OA,uncertain,1,13,of,1,0.034482758620689655,0.6551724137931034,29
Medial OA,uncertain,1,14,meniscus,1,0.034482758620689655,0.6896551724137931,29
Medial OA,uncertain,1,15,not,1,0.034482758620689655,0.7241379310344828,29
Medial OA,uncertain,1,16,torn,1,0.034482758620689655,0.7586206896551724,29
Medial OA,uncertain,1,17,and,1,0.034482758620689655,0.7931034482758621,29
Medial OA,uncertain,1,18,no,1,0.034482758620689655,0.8275862068965517,29
Medial OA,uncertain,1,19,focal,1,0.034482758620689655,0.8620689655172413,29
Medial OA,uncertain,1,20,chondrosis,1,0.034482758620689655,0.896551724137931,29
Medial OA,uncertain,1,21,or,1,0.034482758620689655,0.9310344827586207,29
Medial OA,uncertain,1,22,chondral,1,0.034482758620689655,0.9655172413793104,29
Medial OA,uncertain,1,23,injury,1,0.034482758620689655,1.0,29
Medial OA,uncertain,2,1,the medial,2,0.07142857142857142,0.07142857142857142,28
Medial OA,uncertain,2,2,there is,2,0.07142857142857142,0.14285714285714285,28
Medial OA,uncertain,2,3,in the,1,0.03571428571428571,0.17857142857142858,28
Medial OA,uncertain,2,4,medial compartment,1,0.03571428571428571,0.21428571428571427,28
Medial OA,uncertain,2,5,compartment there,1,0.03571428571428571,0.25,28
Medial OA,uncertain,2,6,is probable,1,0.03571428571428571,0.2857142857142857,28
Medial OA,uncertain,2,7,probable horizontal,1,0.03571428571428571,0.32142857142857145,28
Medial OA,uncertain,2,8,horizontal tear,1,0.03571428571428571,0.35714285714285715,28
Medial OA,uncertain,2,9,tear at,1,0.03571428571428571,0.39285714285714285,28
Medial OA,uncertain,2,10,at the,1,0.03571428571428571,0.42857142857142855,28
Medial OA,uncertain,2,11,the posterior,1,0.03571428571428571,0.4642857142857143,28
Medial OA,uncertain,2,12,posterior horn,1,0.03571428571428571,0.5,28
Medial OA,uncertain,2,13,horn of,1,0.03571428571428571,0.5357142857142857,28
Medial OA,uncertain,2,14,of the,1,0.03571428571428571,0.5714285714285714,28
Medial OA,uncertain,2,15,medial meniscus,1,0.03571428571428571,0.6071428571428571,28
Medial OA,uncertain,2,16,meniscus is,1,0.03571428571428571,0.6428571428571429,28
Medial OA,uncertain,2,17,is not,1,0.03571428571428571,0.6785714285714286,28
Medial OA,uncertain,2,18,not torn,1,0.03571428571428571,0.7142857142857143,28
Medial OA,uncertain,2,19,torn and,1,0.03571428571428571,0.75,28
Medial OA,uncertain,2,20,and there,1,0.03571428571428571,0.7857142857142857,28
Medial OA,uncertain,2,21,is no,1,0.03571428571428571,0.8214285714285714,28
Medial OA,uncertain,2,22,no focal,1,0.03571428571428571,0.8571428571428571,28
Medial OA,uncertain,2,23,focal chondrosis,1,0.03571428571428571,0.8928571428571429,28
Medial OA,uncertain,2,24,chondrosis or,1,0.03571428571428571,0.9285714285714286,28
Medial OA,uncertain,2,25,or chondral,1,0.03571428571428571,0.9642857142857143,28
Medial OA,uncertain,2,26,chondral injury,1,0.03571428571428571,1.0,28
PF OA,negative,1,1,cartilage,1140,0.09673313534153585,0.09673313534153585,11785
PF OA,negative,1,2,patellofemoral,1065,0.0903691132795927,0.18710224862112856,11785
PF OA,negative,1,3,compartment,529,0.04488756894357234,0.23198981756470088,11785
PF OA,negative,1,4,and,483,0.040984302078913876,0.2729741196436148,11785
PF OA,negative,1,5,articular,467,0.03962664403903267,0.31260076368264744,11785
PF OA,negative,1,6,the,430,0.03648705982180738,0.34908782350445483,11785
PF OA,negative,1,7,normal,400,0.03394145099703012,0.38302927450148494,11785
PF OA,negative,1,8,tibiofemoral,384,0.032583792957148916,0.41561306745863386,11785
PF OA,negative,1,9,de,352,0.02986847687738651,0.4454815443360204,11785
PF OA,negative,1,10,y,309,0.02621977089520577,0.47170131523122616,11785
PF OA,negative,1,11,sin,278,0.023589308442935934,0.49529062367416204,11785
PF OA,negative,1,12,no,270,0.022910479422995334,0.5182011030971574,11785
PF OA,negative,1,13,femorotibiales,269,0.022825625795502756,0.5410267288926601,11785
PF OA,negative,1,14,cartilagos,263,0.022316504030547305,0.5633432329232074,11785
PF OA,negative,1,15,los,263,0.022316504030547305,0.5856597369537547,11785
PF OA,negative,1,16,alteraciones,263,0.022316504030547305,0.607976240984302,11785
PF OA,negative,1,17,focal,263,0.022316504030547305,0.6302927450148493,11785
PF OA,negative,1,18,is,259,0.021977089520577003,0.6522698345354264,11785
PF OA,negative,1,19,defects,257,0.021807382265591854,0.6740772168010183,11785
PF OA,negative,1,20,compartimentos,245,0.02078913873568095,0.6948663555366992,11785
PF OA,negative,1,21,patelofemoral,154,0.013067458633856598,0.7079338141705558,11785
PF OA,negative,1,22,trochlear,131,0.011115825201527365,0.7190496393720831,11785
PF OA,negative,1,23,patellar,120,0.010182435299109036,0.7292320746711922,11785
PF OA,negative,1,24,appears,96,0.008145948239287229,0.7373780229104794,11785
PF OA,negative,1,25,without,96,0.008145948239287229,0.7455239711497667,11785
PF OA,negative,1,26,chondral,96,0.008145948239287229,0.7536699193890539,11785
PF OA,negative,1,27,congruent,90,0.007636826474331778,0.7613067458633856,11785
PF OA,negative,1,28,lesion,90,0.007636826474331778,0.7689435723377175,11785
PF OA,negative,1,29,joint,87,0.007382265591854052,0.7763258379295714,11785
PF OA,negative,1,30,femoral,74,0.006279168434450573,0.7826050063640221,11785
PF OA,negative,1,31,femorotibial,72,0.006109461179465422,0.7887144675434875,11785
PF OA,negative,1,32,patelofemorales,67,0.005685193042002545,0.79439966058549,11785
PF OA,negative,1,33,на,65,0.005515485787017395,0.7999151463725074,11785
PF OA,negative,1,34,femoropatellar,64,0.00543063215952482,0.8053457785320323,11785
PF OA,negative,1,35,пателата,62,0.005260924904539669,0.8106067034365719,11785
PF OA,negative,1,36,preserved,61,0.005176071277047094,0.815782774713619,11785
PF OA,negative,1,37,la,61,0.005176071277047094,0.8209588459906662,11785
PF OA,negative,1,38,troclea,59,0.0050063640220619435,0.825965210012728,11785
PF OA,negative,1,39,und,59,0.0050063640220619435,0.8309715740347899,11785
PF OA,negative,1,40,intact,53,0.004497242257106492,0.8354688162918965,11785
PF OA,negative,1,41,unauffalliger,53,0.004497242257106492,0.839966058549003,11785
PF OA,negative,1,42,significativas,48,0.0040729741196436145,0.8440390326686465,11785
PF OA,negative,1,43,chondropathie,44,0.0037335596096733136,0.8477725922783199,11785
PF OA,negative,1,44,хрущял,44,0.0037335596096733136,0.8515061518879932,11785
PF OA,negative,1,45,knorpelbelag,40,0.0033941450997030122,0.8549002969876962,11785
PF OA,negative,1,46,keine,38,0.0032244378447178618,0.8581247348324141,11785
PF OA,negative,1,47,geen,38,0.0032244378447178618,0.861349172677132,11785
PF OA,negative,1,48,patellofemoraal,38,0.0032244378447178618,0.8645736105218498,11785
PF OA,negative,1,49,cartilago,36,0.003054730589732711,0.8676283411115825,11785
PF OA,negative,1,50,majeure,36,0.003054730589732711,0.8706830717013152,11785
PF OA,negative,1,51,kraakbeendefecten,36,0.003054730589732711,0.8737378022910479,11785
PF OA,negative,1,52,senal,34,0.0028850233347475604,0.8766228256257955,11785
PF OA,negative,1,53,retropatellar,34,0.0028850233347475604,0.879507848960543,11785
PF OA,negative,1,54,resto,34,0.0028850233347475604,0.8823928722952906,11785
PF OA,negative,1,55,el,29,0.002460755197284684,0.8848536274925753,11785
PF OA,negative,1,56,патела,26,0.002206194314806958,0.8870598218073823,11785
PF OA,negative,1,57,lateral,25,0.0021213406873143827,0.8891811624946967,11785
PF OA,negative,1,58,knorpelbesatz,25,0.0021213406873143827,0.891302503182011,11785
PF OA,negative,1,59,ретинакулуми,24,0.0020364870598218072,0.8933389902418328,11785
PF OA,negative,1,60,нормално,23,0.001951633432329232,0.8952906236741621,11785
PF OA,negative,1,61,изобразяване,23,0.001951633432329232,0.8972422571064913,11785
PF OA,negative,1,62,и,22,0.0018667798048366568,0.8991090369113279,11785
PF OA,negative,1,63,del,22,0.0018667798048366568,0.9009758167161647,11785
PF OA,negative,1,64,unremarkable,20,0.0016970725498515061,0.9026728892660161,11785
PF OA,negative,1,65,hohergradige,20,0.0016970725498515061,0.9043699618158676,11785
PF OA,negative,1,66,grosor,19,0.0016122189223589309,0.9059821807382266,11785
PF OA,negative,1,67,medial,19,0.0016122189223589309,0.9075943996605855,11785
PF OA,negative,1,68,condrales,19,0.0016122189223589309,0.9092066185829444,11785
PF OA,negative,1,69,regelrechter,17,0.0014425116673737802,0.9106491302503182,11785
PF OA,negative,1,70,defectos,16,0.001357658039881205,0.9120067882901994,11785
PF OA,negative,1,71,espesor,16,0.001357658039881205,0.9133644463300806,11785
PF OA,negative,1,72,profundos,15,0.0012728044123886295,0.9146372507424693,11785
PF OA,negative,1,73,conservados,15,0.0012728044123886295,0.9159100551548579,11785
PF OA,negative,1,74,compartimento,15,0.0012728044123886295,0.9171828595672465,11785
PF OA,negative,1,75,of,14,0.0011879507848960543,0.9183708103521425,11785
PF OA,negative,1,76,без,13,0.001103097157403479,0.919473907509546,11785
PF OA,negative,1,77,facet,13,0.001103097157403479,0.9205770046669495,11785
PF OA,negative,1,78,особености,12,0.0010182435299109036,0.9215952481968605,11785
PF OA,negative,1,79,well,12,0.0010182435299109036,0.9226134917267713,11785
PF OA,negative,1,80,kraakbeen,11,0.0009333899024183284,0.9235468816291896,11785
PF OA,negative,1,81,in,11,0.0009333899024183284,0.9244802715316079,11785
PF OA,negative,1,82,sowie,11,0.0009333899024183284,0.9254136614340263,11785
PF OA,negative,1,83,е,10,0.0008485362749257531,0.926262197708952,11785
PF OA,negative,1,84,im,9,0.0007636826474331777,0.9270258803563852,11785
PF OA,negative,1,85,hrskavice,9,0.0007636826474331777,0.9277895630038184,11785
PF OA,negative,1,86,there,9,0.0007636826474331777,0.9285532456512516,11785
PF OA,negative,1,87,je,9,0.0007636826474331777,0.9293169282986847,11785
PF OA,negative,1,88,tibial,8,0.0006788290199406025,0.9299957573186254,11785
PF OA,negative,1,89,compartiment,8,0.0006788290199406025,0.9306745863385659,11785
PF OA,negative,1,90,zgloba,8,0.0006788290199406025,0.9313534153585066,11785
PF OA,negative,1,91,тибията,8,0.0006788290199406025,0.9320322443784472,11785
PF OA,negative,1,92,defect,8,0.0006788290199406025,0.9327110733983878,11785
PF OA,negative,1,93,του,8,0.0006788290199406025,0.9333899024183284,11785
PF OA,negative,1,94,ο,7,0.0005939753924480272,0.9339838778107764,11785
PF OA,negative,1,95,ve,7,0.0005939753924480272,0.9345778532032244,11785
PF OA,negative,1,96,kikirdak,7,0.0005939753924480272,0.9351718285956725,11785
PF OA,negative,1,97,kompartiment,7,0.0005939753924480272,0.9357658039881205,11785
PF OA,negative,1,98,bone,7,0.0005939753924480272,0.9363597793805685,11785
PF OA,negative,1,99,knorpeluberzug,7,0.0005939753924480272,0.9369537547730166,11785
PF OA,negative,1,100,фемура,7,0.0005939753924480272,0.9375477301654646,11785
PF OA,negative,2,1,patellofemoral compartment,527,0.05081477196027384,0.05081477196027384,10371
PF OA,negative,2,2,articular cartilage,467,0.04502940892874361,0.09584418088901746,10371
PF OA,negative,2,3,patellofemoral articular,415,0.040015427634750744,0.1358596085237682,10371
PF OA,negative,2,4,tibiofemoral and,381,0.03673705525021695,0.17259666377398514,10371
PF OA,negative,2,5,and patellofemoral,380,0.03664063253302478,0.20923729630700993,10371
PF OA,negative,2,6,sin alteraciones,262,0.025262751904348665,0.23450004821135859,10371
PF OA,negative,2,7,compartment patellofemoral,262,0.025262751904348665,0.25976280011570724,10371
PF OA,negative,2,8,compartment cartilage,262,0.025262751904348665,0.2850255520200559,10371
PF OA,negative,2,9,cartilage defects,257,0.024780638318387813,0.30980619033844375,10371
PF OA,negative,2,10,focal cartilage,254,0.0244913701668113,0.33429756050525505,10371
PF OA,negative,2,11,no focal,252,0.02429852473242696,0.358596085237682,10371
PF OA,negative,2,12,cartilage no,251,0.02420210201523479,0.3827981872529168,10371
PF OA,negative,2,13,femorotibiales y,250,0.02410567929804262,0.4069038665509594,10371
PF OA,negative,2,14,cartilage is,246,0.023719988429273937,0.43062385498023337,10371
PF OA,negative,2,15,compartimentos femorotibiales,241,0.023237874843313085,0.45386172982354644,10371
PF OA,negative,2,16,de los,239,0.023045029408928743,0.47690675923247516,10371
PF OA,negative,2,17,los compartimentos,235,0.02265933854016006,0.4995660977726352,10371
PF OA,negative,2,18,the tibiofemoral,204,0.019670234307202775,0.519236332079838,10371
PF OA,negative,2,19,cartilagos de,193,0.018609584418088902,0.5378459164979269,10371
PF OA,negative,2,20,is normal,178,0.017163243660206346,0.5550091601581333,10371
PF OA,negative,2,21,normal tibiofemoral,167,0.01610259377109247,0.5711117539292258,10371
PF OA,negative,2,22,y patelofemoral,150,0.014463407578825572,0.5855751615080513,10371
PF OA,negative,2,23,patelofemoral sin,128,0.01234210780059782,0.5979172693086491,10371
PF OA,negative,2,24,the patellofemoral,107,0.010317230739562241,0.6082345000482113,10371
PF OA,negative,2,25,trochlear cartilage,96,0.009256580850448365,0.6174910808986597,10371
PF OA,negative,2,26,cartilage appears,96,0.009256580850448365,0.6267476617491081,10371
PF OA,negative,2,27,appears congruent,90,0.008678044547295342,0.6354257062964034,10371
PF OA,negative,2,28,congruent without,90,0.008678044547295342,0.6441037508436988,10371
PF OA,negative,2,29,without chondral,90,0.008678044547295342,0.6527817953909941,10371
PF OA,negative,2,30,chondral lesion,90,0.008678044547295342,0.6614598399382895,10371
PF OA,negative,2,31,patellofemoral joint,87,0.008388776395718832,0.6698486163340083,10371
PF OA,negative,2,32,the patellar,85,0.00819593096133449,0.6780445472953428,10371
PF OA,negative,2,33,and trochlear,82,0.00790666280975798,0.6859512101051007,10371
PF OA,negative,2,34,joint the,81,0.007810240092565809,0.6937614501976666,10371
PF OA,negative,2,35,patellar and,81,0.007810240092565809,0.7015716902902324,10371
PF OA,negative,2,36,patelofemorales sin,64,0.00617105390029891,0.7077427441905313,10371
PF OA,negative,2,37,y patelofemorales,63,0.00607463118310674,0.713817375373638,10371
PF OA,negative,2,38,y de,60,0.005785363031530229,0.7196027384051683,10371
PF OA,negative,2,39,de la,59,0.005688940314338058,0.7252916787195063,10371
PF OA,negative,2,40,la troclea,59,0.005688940314338058,0.7309806190338444,10371
PF OA,negative,2,41,troclea femoral,59,0.005688940314338058,0.7366695593481825,10371
PF OA,negative,2,42,femoral sin,58,0.005592517597145887,0.7422620769453283,10371
PF OA,negative,2,43,на пателата,54,0.005206826728377205,0.7474689036737056,10371
PF OA,negative,2,44,alteraciones significativas,47,0.0045318677080320125,0.7520007713817375,10371
PF OA,negative,2,45,хрущял на,42,0.00404975412207116,0.7560505255038087,10371
PF OA,negative,2,46,geen majeure,36,0.0034712178189181373,0.7595217433227268,10371
PF OA,negative,2,47,majeure kraakbeendefecten,36,0.0034712178189181373,0.7629929611416449,10371
PF OA,negative,2,48,und femorotibial,34,0.003278372384533796,0.7662713335261788,10371
PF OA,negative,2,49,y senal,31,0.0029891042329572848,0.7692604377591361,10371
PF OA,negative,2,50,trochlear articular,31,0.0029891042329572848,0.7722495419920934,10371
PF OA,negative,2,51,unauffalliger knorpelbelag,30,0.0028926815157651145,0.7751422235078584,10371
PF OA,negative,2,52,knorpelbelag femoropatellar,30,0.0028926815157651145,0.7780349050236236,10371
PF OA,negative,2,53,femoropatellar und,30,0.0028926815157651145,0.7809275865393887,10371
PF OA,negative,2,54,kraakbeendefecten patellofemoraal,30,0.0028926815157651145,0.7838202680551538,10371
PF OA,negative,2,55,is preserved,28,0.0026998360813807734,0.7865201041365346,10371
PF OA,negative,2,56,el resto,28,0.0026998360813807734,0.7892199402179153,10371
PF OA,negative,2,57,resto de,28,0.0026998360813807734,0.7919197762992961,10371
PF OA,negative,2,58,los cartilagos,28,0.0026998360813807734,0.7946196123806769,10371
PF OA,negative,2,59,cartilagos femorotibiales,28,0.0026998360813807734,0.7973194484620577,10371
PF OA,negative,2,60,patelofemoral de,26,0.0025069906469964323,0.799826439109054,10371
PF OA,negative,2,61,cartilago de,24,0.0023141452126120912,0.8021405843216662,10371
PF OA,negative,2,62,cartilagos los,24,0.0023141452126120912,0.8044547295342783,10371
PF OA,negative,2,63,normal trochlear,23,0.002217722495419921,0.8066724520296982,10371
PF OA,negative,2,64,нормално изобразяване,23,0.002217722495419921,0.8088901745251181,10371
PF OA,negative,2,65,patellar cartilage,23,0.002217722495419921,0.8111078970205381,10371
PF OA,negative,2,66,патела хрущял,22,0.0021212997782277506,0.8132291967987658,10371
PF OA,negative,2,67,preserved patellofemoral,20,0.0019284543438434095,0.8151576511426092,10371
PF OA,negative,2,68,patellofemoral cartilage,20,0.0019284543438434095,0.8170861054864527,10371
PF OA,negative,2,69,keine hohergradige,20,0.0019284543438434095,0.819014559830296,10371
PF OA,negative,2,70,hohergradige chondropathie,20,0.0019284543438434095,0.8209430141741394,10371
PF OA,negative,2,71,chondropathie femoropatellar,20,0.0019284543438434095,0.8228714685179829,10371
PF OA,negative,2,72,de grosor,19,0.001832031626651239,0.8247035001446341,10371
PF OA,negative,2,73,grosor y,19,0.001832031626651239,0.8265355317712854,10371
PF OA,negative,2,74,unauffalliger knorpelbesatz,19,0.001832031626651239,0.8283675633979366,10371
PF OA,negative,2,75,the trochlear,18,0.0017356089094590686,0.8301031723073956,10371
PF OA,negative,2,76,cartilage intact,18,0.0017356089094590686,0.8318387812168547,10371
PF OA,negative,2,77,is unremarkable,18,0.0017356089094590686,0.8335743901263137,10371
PF OA,negative,2,78,sin defectos,16,0.0015427634750747276,0.8351171536013885,10371
PF OA,negative,2,79,defectos condrales,16,0.0015427634750747276,0.8366599170764633,10371
PF OA,negative,2,80,de espesor,16,0.0015427634750747276,0.8382026805515379,10371
PF OA,negative,2,81,пателата ретинакулуми,15,0.0014463407578825572,0.8396490213094205,10371
PF OA,negative,2,82,condrales profundos,15,0.0014463407578825572,0.8410953620673031,10371
PF OA,negative,2,83,del compartimento,15,0.0014463407578825572,0.8425417028251856,10371
PF OA,negative,2,84,senal conservados,14,0.0013499180406903867,0.843891620865876,10371
PF OA,negative,2,85,cartilagos del,14,0.0013499180406903867,0.8452415389065664,10371
PF OA,negative,2,86,compartimento femorotibial,14,0.0013499180406903867,0.8465914569472568,10371
PF OA,negative,2,87,senal normal,13,0.0012534953234982161,0.847844952270755,10371
PF OA,negative,2,88,femorotibiales sin,12,0.0011570726063060456,0.849002024877061,10371
PF OA,negative,2,89,без особености,12,0.0011570726063060456,0.850159097483367,10371
PF OA,negative,2,90,patellar facet,12,0.0011570726063060456,0.8513161700896731,10371
PF OA,negative,2,91,knorpelbesatz retropatellar,12,0.0011570726063060456,0.8524732426959791,10371
PF OA,negative,2,92,retropatellar und,12,0.0011570726063060456,0.8536303153022852,10371
PF OA,negative,2,93,espesor y,12,0.0011570726063060456,0.8547873879085912,10371
PF OA,negative,2,94,пателата нормално,11,0.0010606498891138753,0.8558480377977051,10371
PF OA,negative,2,95,conservados sin,11,0.0010606498891138753,0.856908687686819,10371
PF OA,negative,2,96,de compartimentos,10,0.0009642271719217047,0.8578729148587407,10371
PF OA,negative,2,97,well preserved,10,0.0009642271719217047,0.8588371420306624,10371
PF OA,negative,2,98,regelrechter knorpelbelag,10,0.0009642271719217047,0.8598013692025841,10371
PF OA,negative,2,99,femorotibial y,10,0.0009642271719217047,0.8607655963745058,10371
PF OA,negative,2,100,пателата и,10,0.0009642271719217047,0.8617298235464276,10371
PF OA,positive,1,1,patellofemoral,795,0.03468435059552376,0.03468435059552376,22921
PF OA,positive,1,2,the,697,0.030408795427773656,0.06509314602329741,22921
PF OA,positive,1,3,cartilage,633,0.027616596134549105,0.09270974215784651,22921
PF OA,positive,1,4,compartment,506,0.02207582566205663,0.11478556781990315,22921
PF OA,positive,1,5,and,500,0.02181405697831683,0.13659962479821997,22921
PF OA,positive,1,6,of,453,0.019763535622355045,0.15636316042057502,22921
PF OA,positive,1,7,medial,416,0.018149295405959602,0.17451245582653463,22921
PF OA,positive,1,8,grade,376,0.016404170847694254,0.19091662667422887,22921
PF OA,positive,1,9,patellar,354,0.015444352340648313,0.20636097901487718,22921
PF OA,positive,1,10,lateral,346,0.015095327428995244,0.22145630644387243,22921
PF OA,positive,1,11,with,324,0.014135508921949305,0.23559181536582174,22921
PF OA,positive,1,12,chondrosis,302,0.013175690414903364,0.2487675057807251,22921
PF OA,positive,1,13,de,289,0.012608524933467126,0.26137603071419224,22921
PF OA,positive,1,14,thickness,283,0.012346756249727324,0.27372278696391955,22921
PF OA,positive,1,15,at,279,0.01217224379390079,0.28589503075782036,22921
PF OA,positive,1,16,facet,255,0.011125169058941582,0.2970201998167619,22921
PF OA,positive,1,17,trochlea,220,0.009598185070459404,0.3066183848872213,22921
PF OA,positive,1,18,loss,217,0.009467300728589503,0.31608568561581085,22921
PF OA,positive,1,19,mild,186,0.00811482919593386,0.32420051481174467,22921
PF OA,positive,1,20,ve,174,0.007591291828454256,0.33179180664019897,22921
PF OA,positive,1,21,full,171,0.007460407486584355,0.3392522141267833,22921
PF OA,positive,1,22,subchondral,150,0.006544217093495048,0.34579643122027837,22921
PF OA,positive,1,23,femoral,146,0.006369704637668514,0.35216613585794687,22921
PF OA,positive,1,24,joint,138,0.006020679726015444,0.3581868155839623,22921
PF OA,positive,1,25,4,137,0.0059770516120588105,0.3641638671960211,22921
PF OA,positive,1,26,is,133,0.005802539156232276,0.3699664063522534,22921
PF OA,positive,1,27,high,132,0.005758911042275642,0.375725317394529,22921
PF OA,positive,1,28,fissuring,131,0.005715282928319009,0.38144060032284804,22921
PF OA,positive,1,29,patella,129,0.005628026700405742,0.3870686270232538,22921
PF OA,positive,1,30,along,127,0.005540770472492474,0.39260939749574625,22921
PF OA,positive,1,31,focal,118,0.005148117446882771,0.397757514942629,22921
PF OA,positive,1,32,there,116,0.005060861218969504,0.40281837616159855,22921
PF OA,positive,1,33,edema,116,0.005060861218969504,0.407879237380568,22921
PF OA,positive,1,34,in,114,0.004973604991056237,0.4128528423716243,22921
PF OA,positive,1,35,la,108,0.004711836307316435,0.4175646786789407,22921
PF OA,positive,1,36,articular,106,0.004624580079403168,0.4221892587583439,22921
PF OA,positive,1,37,chondromalacia,96,0.004188298939836831,0.4263775576981807,22921
PF OA,positive,1,38,moderate,95,0.004144670825880197,0.4305222285240609,22921
PF OA,positive,1,39,patelofemoral,94,0.0041010427119235636,0.4346232712359845,22921
PF OA,positive,1,40,chondral,92,0.004013786484010296,0.4386370577199948,22921
PF OA,positive,1,41,3,91,0.003970158370053663,0.44260721609004844,22921
PF OA,positive,1,42,osteoarthritis,90,0.003926530256097029,0.44653374634614545,22921
PF OA,positive,1,43,low,88,0.0038392740281837615,0.4503730203743292,22921
PF OA,positive,1,44,severe,88,0.0038392740281837615,0.454212294402513,22921
PF OA,positive,1,45,chondropathie,87,0.003795645914227128,0.4580079403167401,22921
PF OA,positive,1,46,hrskavice,85,0.0037083896863138606,0.46171633000305395,22921
PF OA,positive,1,47,condropatia,84,0.003664761572357227,0.4653810915754112,22921
PF OA,positive,1,48,met,83,0.0036211334584005934,0.4690022250338118,22921
PF OA,positive,1,49,thinning,80,0.003490249116530692,0.47249247415034246,22921
PF OA,positive,1,50,2,80,0.003490249116530692,0.4759827232668732,22921
PF OA,positive,1,51,ridge,79,0.0034466210025740586,0.4794293442694472,22921
PF OA,positive,1,52,than,76,0.0033157366607041577,0.4827450809301514,22921
PF OA,positive,1,53,eklem,75,0.003272108546747524,0.4860171894768989,22921
PF OA,positive,1,54,i,75,0.003272108546747524,0.48928929802364646,22921
PF OA,positive,1,55,diffuse,74,0.0032284804327908905,0.49251777845643735,22921
PF OA,positive,1,56,patele,74,0.0032284804327908905,0.49574625888922824,22921
PF OA,positive,1,57,median,72,0.0031412242048776233,0.49888748309410585,22921
PF OA,positive,1,58,y,72,0.0031412242048776233,0.5020287072989834,22921
PF OA,positive,1,59,50,68,0.0029667117490510884,0.5049954190480346,22921
PF OA,positive,1,60,knee,68,0.0029667117490510884,0.5079621307970856,22921
PF OA,positive,1,61,και,67,0.002923083635094455,0.51088521443218,22921
PF OA,positive,1,62,kraakbeenlijden,66,0.002879455521137821,0.5137646699533179,22921
PF OA,positive,1,63,to,65,0.0028358274071811876,0.5166004973604991,22921
PF OA,positive,1,64,retropatellar,65,0.0028358274071811876,0.5194363247676803,22921
PF OA,positive,1,65,a,64,0.002792199293224554,0.5222285240609048,22921
PF OA,positive,1,66,der,63,0.0027485711792679204,0.5249770952401728,22921
PF OA,positive,1,67,en,61,0.0026613149513546527,0.5276384101915275,22921
PF OA,positive,1,68,του,61,0.0026613149513546527,0.530299725142882,22921
PF OA,positive,1,69,partial,60,0.002617686837398019,0.5329174119802801,22921
PF OA,positive,1,70,της,57,0.0024868024955281183,0.5354042144758082,22921
PF OA,positive,1,71,graad,55,0.002399546267614851,0.5378037607434231,22921
PF OA,positive,1,72,fasete,54,0.0023559181536582175,0.5401596788970813,22921
PF OA,positive,1,73,marrow,54,0.0023559181536582175,0.5425155970507395,22921
PF OA,positive,1,74,kondromalazi,53,0.002312290039701584,0.544827887090441,22921
PF OA,positive,1,75,changes,51,0.002225033811788316,0.5470529209022293,22921
PF OA,positive,1,76,change,50,0.0021814056978316826,0.5492343266000611,22921
PF OA,positive,1,77,zgloba,49,0.002137777583875049,0.5513721041839361,22921
PF OA,positive,1,78,1,48,0.0020941494699184154,0.5534662536538545,22921
PF OA,positive,1,79,bone,48,0.0020941494699184154,0.555560403123773,22921
PF OA,positive,1,80,ii,48,0.0020941494699184154,0.5576545525936913,22921
PF OA,positive,1,81,more,47,0.0020505213559617818,0.5597050739496532,22921
PF OA,positive,1,82,s,45,0.0019632651280485146,0.5616683390777016,22921
PF OA,positive,1,83,left,45,0.0019632651280485146,0.5636316042057502,22921
PF OA,positive,1,84,grado,45,0.0019632651280485146,0.5655948693337987,22921
PF OA,positive,1,85,medyal,45,0.0019632651280485146,0.5675581344618472,22921
PF OA,positive,1,86,kaybi,44,0.0019196370140918807,0.5694777714759391,22921
PF OA,positive,1,87,femoropatellair,43,0.0018760089001352471,0.5713537803760743,22921
PF OA,positive,1,88,less,42,0.0018323807861786135,0.573186161162253,22921
PF OA,positive,1,89,about,42,0.0018323807861786135,0.5750185419484316,22921
PF OA,positive,1,90,hondromalacija,42,0.0018323807861786135,0.5768509227346101,22921
PF OA,positive,1,91,central,42,0.0018323807861786135,0.5786833035207888,22921
PF OA,positive,1,92,stupnja,42,0.0018323807861786135,0.5805156843069674,22921
PF OA,positive,1,93,uz,41,0.00178875267222198,0.5823044369791894,22921
PF OA,positive,1,94,subkondral,41,0.00178875267222198,0.5840931896514113,22921
PF OA,positive,1,95,van,40,0.001745124558265346,0.5858383142096767,22921
PF OA,positive,1,96,επιγονατιδας,40,0.001745124558265346,0.5875834387679421,22921
PF OA,positive,1,97,underlying,40,0.001745124558265346,0.5893285633262074,22921
PF OA,positive,1,98,op,39,0.0017014964443087125,0.5910300597705161,22921
PF OA,positive,1,99,con,39,0.0017014964443087125,0.5927315562148249,22921
PF OA,positive,1,100,cystic,38,0.0016578683303520789,0.594389424545177,22921
PF OA,positive,2,1,patellofemoral compartment,456,0.021200427727927844,0.021200427727927844,21509
PF OA,positive,2,2,at the,212,0.009856339206843647,0.031056766934771492,21509
PF OA,positive,2,3,thickness cartilage,184,0.008554558556883165,0.03961132549165466,21509
PF OA,positive,2,4,cartilage loss,179,0.008322097726533079,0.047933423218187735,21509
PF OA,positive,2,5,patellar facet,176,0.008182621228323028,0.05611604444651076,21509
PF OA,positive,2,6,compartment patellofemoral,175,0.00813612906225301,0.06425217350876378,21509
PF OA,positive,2,7,compartment cartilage,175,0.00813612906225301,0.07238830257101678,21509
PF OA,positive,2,8,full thickness,171,0.007950160397972942,0.08033846296898972,21509
PF OA,positive,2,9,the medial,158,0.007345762239062718,0.08768422520805244,21509
PF OA,positive,2,10,of the,155,0.007206285740852666,0.0948905109489051,21509
PF OA,positive,2,11,high grade,131,0.006090473755172254,0.10098098470407736,21509
PF OA,positive,2,12,the patellofemoral,128,0.005950997256962202,0.10693198196103956,21509
PF OA,positive,2,13,the lateral,127,0.005904505090892184,0.11283648705193175,21509
PF OA,positive,2,14,lateral patellar,126,0.005858012924822168,0.11869449997675392,21509
PF OA,positive,2,15,patellofemoral joint,112,0.005207122599841927,0.12390162257659584,21509
PF OA,positive,2,16,there is,105,0.004881677437351806,0.12878330001394764,21509
PF OA,positive,2,17,along the,103,0.004788693105211772,0.13357199311915943,21509
PF OA,positive,2,18,articular cartilage,94,0.004370263610581617,0.13794225672974103,21509
PF OA,positive,2,19,medial patellar,92,0.0042772792784415824,0.14221953600818263,21509
PF OA,positive,2,20,de la,89,0.004137802780231531,0.14635733878841414,21509
PF OA,positive,2,21,low grade,87,0.004044818448091497,0.15040215723650566,21509
PF OA,positive,2,22,and lateral,82,0.0038123576177414107,0.15421451485424706,21509
PF OA,positive,2,23,medial and,79,0.003672881119531359,0.1578873959737784,21509
PF OA,positive,2,24,grade chondrosis,75,0.0034869124552512902,0.1613743084290297,21509
PF OA,positive,2,25,in the,66,0.003068482960621135,0.16444279138965084,21509
PF OA,positive,2,26,median ridge,63,0.002929006462411084,0.16737179785206194,21509
PF OA,positive,2,27,with subchondral,63,0.002929006462411084,0.170300804314473,21509
PF OA,positive,2,28,femoral trochlea,62,0.0028825142963410664,0.17318331861081407,21509
PF OA,positive,2,29,loss at,60,0.002789529964201032,0.1759728485750151,21509
PF OA,positive,2,30,patellofemoral chondrosis,59,0.002743037798131015,0.17871588637314612,21509
PF OA,positive,2,31,partial thickness,58,0.0026965456320609976,0.18141243200520712,21509
PF OA,positive,2,32,and patellofemoral,58,0.0026965456320609976,0.18410897763726813,21509
PF OA,positive,2,33,loss along,55,0.0025570691338509463,0.18666604677111906,21509
PF OA,positive,2,34,than 50,54,0.002510576967780929,0.18917662373889998,21509
PF OA,positive,2,35,50 thickness,54,0.002510576967780929,0.19168720070668094,21509
PF OA,positive,2,36,facet and,54,0.002510576967780929,0.19419777767446186,21509
PF OA,positive,2,37,joint there,52,0.0024175926356408946,0.19661537031010276,21509
PF OA,positive,2,38,mild patellofemoral,52,0.0024175926356408946,0.19903296294574363,21509
PF OA,positive,2,39,osteoarthritis of,48,0.002231623971360826,0.20126458691710447,21509
PF OA,positive,2,40,fasete patele,47,0.0021851318052908083,0.20344971872239528,21509
PF OA,positive,2,41,compartment chondrosis,47,0.0021851318052908083,0.2056348505276861,21509
PF OA,positive,2,42,fissuring at,47,0.0021851318052908083,0.20781998233297688,21509
PF OA,positive,2,43,facet with,46,0.0021386396392207912,0.2099586219721977,21509
PF OA,positive,2,44,and medial,45,0.002092147473150774,0.21205076944534845,21509
PF OA,positive,2,45,subchondral edema,45,0.002092147473150774,0.21414291691849924,21509
PF OA,positive,2,46,marrow edema,44,0.002045655307080757,0.21618857222558,21509
PF OA,positive,2,47,left knee,42,0.0019526709749407224,0.21814124320052072,21509
PF OA,positive,2,48,less than,41,0.0019061788088707054,0.22004742200939142,21509
PF OA,positive,2,49,the patella,40,0.001859686642800688,0.2219071086521921,21509
PF OA,positive,2,50,femoropatellair kraakbeenlijden,40,0.001859686642800688,0.2237667952949928,21509
PF OA,positive,2,51,medial trochlea,40,0.001859686642800688,0.22562648193779347,21509
PF OA,positive,2,52,the median,39,0.001813194476730671,0.22743967641452414,21509
PF OA,positive,2,53,cartilage thinning,38,0.0017667023106606537,0.22920637872518482,21509
PF OA,positive,2,54,thickness fissuring,38,0.0017667023106606537,0.23097308103584546,21509
PF OA,positive,2,55,grade 4,38,0.0017667023106606537,0.2327397833465061,21509
PF OA,positive,2,56,της επιγονατιδας,37,0.0017202101445906366,0.23445999349109675,21509
PF OA,positive,2,57,la articulacion,37,0.0017202101445906366,0.2361802036356874,21509
PF OA,positive,2,58,articulacion patelofemoral,37,0.0017202101445906366,0.23790041378027801,21509
PF OA,positive,2,59,de los,37,0.0017202101445906366,0.23962062392486866,21509
PF OA,positive,2,60,los compartimentos,37,0.0017202101445906366,0.2413408340694593,21509
PF OA,positive,2,61,compartimentos femorotibiales,37,0.0017202101445906366,0.24306104421404992,21509
PF OA,positive,2,62,chondrosis less,36,0.0016737179785206193,0.24473476219257057,21509
PF OA,positive,2,63,femoropatelarnog zgloba,36,0.0016737179785206193,0.24640848017109118,21509
PF OA,positive,2,64,grade 3,36,0.0016737179785206193,0.2480821981496118,21509
PF OA,positive,2,65,cartilage of,36,0.0016737179785206193,0.24975591612813242,21509
PF OA,positive,2,66,areas of,36,0.0016737179785206193,0.25142963410665303,21509
PF OA,positive,2,67,grade partial,35,0.0016272258124506022,0.25305685991910365,21509
PF OA,positive,2,68,diffuse low,34,0.0015807336463805849,0.2546375935654842,21509
PF OA,positive,2,69,kaybi ve,34,0.0015807336463805849,0.2562183272118648,21509
PF OA,positive,2,70,focal high,34,0.0015807336463805849,0.2577990608582454,21509
PF OA,positive,2,71,chondromalacia of,34,0.0015807336463805849,0.25937979450462595,21509
PF OA,positive,2,72,involving the,33,0.0015342414803105676,0.26091403598493657,21509
PF OA,positive,2,73,diz eklemindeki,32,0.0014877493142405505,0.26240178529917707,21509
PF OA,positive,2,74,kraakbeenlijden graad,32,0.0014877493142405505,0.26388953461341763,21509
PF OA,positive,2,75,thickness chondral,32,0.0014877493142405505,0.2653772839276582,21509
PF OA,positive,2,76,grade chondral,31,0.0014412571481705332,0.2668185410758287,21509
PF OA,positive,2,77,4 chondromalacia,31,0.0014412571481705332,0.26825979822399926,21509
PF OA,positive,2,78,trochlea with,31,0.0014412571481705332,0.26970105537216976,21509
PF OA,positive,2,79,of full,31,0.0014412571481705332,0.2711423125203403,21509
PF OA,positive,2,80,chondrosis with,31,0.0014412571481705332,0.2725835696685109,21509
PF OA,positive,2,81,of left,30,0.001394764982100516,0.2739783346506114,21509
PF OA,positive,2,82,cartilage full,30,0.001394764982100516,0.2753730996327119,21509
PF OA,positive,2,83,de espesor,30,0.001394764982100516,0.2767678646148124,21509
PF OA,positive,2,84,an der,30,0.001394764982100516,0.2781626295969129,21509
PF OA,positive,2,85,more than,29,0.0013482728160304988,0.2795109024129434,21509
PF OA,positive,2,86,the patellar,29,0.0013482728160304988,0.2808591752289739,21509
PF OA,positive,2,87,lesiones grado,29,0.0013482728160304988,0.2822074480450044,21509
PF OA,positive,2,88,is diffuse,29,0.0013482728160304988,0.2835557208610349,21509
PF OA,positive,2,89,medyal femoral,29,0.0013482728160304988,0.2849039936770654,21509
PF OA,positive,2,90,αρθρικου χονδρου,29,0.0013482728160304988,0.28625226649309593,21509
PF OA,positive,2,91,dejeneratif eklem,28,0.0013017806499604817,0.2875540471430564,21509
PF OA,positive,2,92,eklem hastaligi,28,0.0013017806499604817,0.2888558277930169,21509
PF OA,positive,2,93,fibrovaskuler degisiklikler,28,0.0013017806499604817,0.29015760844297733,21509
PF OA,positive,2,94,degisiklikler ve,28,0.0013017806499604817,0.29145938909293784,21509
PF OA,positive,2,95,chondral fissuring,28,0.0013017806499604817,0.29276116974289834,21509
PF OA,positive,2,96,cartilage fissuring,28,0.0013017806499604817,0.2940629503928588,21509
PF OA,positive,2,97,of articular,28,0.0013017806499604817,0.2953647310428193,21509
PF OA,positive,2,98,ulceras condrales,28,0.0013017806499604817,0.29666651169277974,21509
PF OA,positive,2,99,patellar facets,28,0.0013017806499604817,0.29796829234274025,21509
PF OA,positive,2,100,condropatia patelofemoral,28,0.0013017806499604817,0.29927007299270075,21509
PF OA,uncertain,1,1,of,21,0.07636363636363637,0.07636363636363637,275
PF OA,uncertain,1,2,lateral,9,0.03272727272727273,0.10909090909090909,275
PF OA,uncertain,1,3,cartilage,8,0.02909090909090909,0.13818181818181818,275
PF OA,uncertain,1,4,with,8,0.02909090909090909,0.16727272727272727,275
PF OA,uncertain,1,5,the,7,0.025454545454545455,0.19272727272727272,275
PF OA,uncertain,1,6,mild,7,0.025454545454545455,0.21818181818181817,275
PF OA,uncertain,1,7,r,7,0.025454545454545455,0.24363636363636362,275
PF OA,uncertain,1,8,o,7,0.025454545454545455,0.2690909090909091,275
PF OA,uncertain,1,9,chondromalacia,7,0.025454545454545455,0.29454545454545455,275
PF OA,uncertain,1,10,patellar,7,0.025454545454545455,0.32,275
PF OA,uncertain,1,11,and,6,0.02181818181818182,0.3418181818181818,275
PF OA,uncertain,1,12,grade,6,0.02181818181818182,0.36363636363636365,275
PF OA,uncertain,1,13,2,6,0.02181818181818182,0.38545454545454544,275
PF OA,uncertain,1,14,articular,5,0.01818181818181818,0.4036363636363636,275
PF OA,uncertain,1,15,patella,5,0.01818181818181818,0.4218181818181818,275
PF OA,uncertain,1,16,suspicious,4,0.014545454545454545,0.43636363636363634,275
PF OA,uncertain,1,17,edema,4,0.014545454545454545,0.4509090909090909,275
PF OA,uncertain,1,18,superior,4,0.014545454545454545,0.46545454545454545,275
PF OA,uncertain,1,19,change,3,0.01090909090909091,0.4763636363636364,275
PF OA,uncertain,1,20,increased,3,0.01090909090909091,0.48727272727272725,275
PF OA,uncertain,1,21,in,3,0.01090909090909091,0.49818181818181817,275
PF OA,uncertain,1,22,1,3,0.01090909090909091,0.509090909090909,275
PF OA,uncertain,1,23,facet,3,0.01090909090909091,0.52,275
PF OA,uncertain,1,24,s,3,0.01090909090909091,0.5309090909090909,275
PF OA,uncertain,1,25,portion,3,0.01090909090909091,0.5418181818181819,275
PF OA,uncertain,1,26,slight,2,0.007272727272727273,0.5490909090909091,275
PF OA,uncertain,1,27,contour,2,0.007272727272727273,0.5563636363636364,275
PF OA,uncertain,1,28,signal,2,0.007272727272727273,0.5636363636363636,275
PF OA,uncertain,1,29,vermoeden,2,0.007272727272727273,0.5709090909090909,275
PF OA,uncertain,1,30,beginnend,2,0.007272727272727273,0.5781818181818181,275
PF OA,uncertain,1,31,kraakbeenlijden,2,0.007272727272727273,0.5854545454545454,275
PF OA,uncertain,1,32,met,2,0.007272727272727273,0.5927272727272728,275
PF OA,uncertain,1,33,licht,2,0.007272727272727273,0.6,275
PF OA,uncertain,1,34,singal,2,0.007272727272727273,0.6072727272727273,275
PF OA,uncertain,1,35,irregular,2,0.007272727272727273,0.6145454545454545,275
PF OA,uncertain,1,36,intensity,2,0.007272727272727273,0.6218181818181818,275
PF OA,uncertain,1,37,femoral,2,0.007272727272727273,0.6290909090909091,275
PF OA,uncertain,1,38,trochlea,2,0.007272727272727273,0.6363636363636364,275
PF OA,uncertain,1,39,constellation,2,0.007272727272727273,0.6436363636363637,275
PF OA,uncertain,1,40,findings,2,0.007272727272727273,0.6509090909090909,275
PF OA,uncertain,1,41,suggesting,2,0.007272727272727273,0.6581818181818182,275
PF OA,uncertain,1,42,possible,2,0.007272727272727273,0.6654545454545454,275
PF OA,uncertain,1,43,maltracking,2,0.007272727272727273,0.6727272727272727,275
PF OA,uncertain,1,44,trace,2,0.007272727272727273,0.68,275
PF OA,uncertain,1,45,hoffa,2,0.007272727272727273,0.6872727272727273,275
PF OA,uncertain,1,46,fat,2,0.007272727272727273,0.6945454545454546,275
PF OA,uncertain,1,47,pad,2,0.007272727272727273,0.7018181818181818,275
PF OA,uncertain,1,48,borderline,2,0.007272727272727273,0.7090909090909091,275
PF OA,uncertain,1,49,abnormal,2,0.007272727272727273,0.7163636363636363,275
PF OA,uncertain,1,50,tibial,2,0.007272727272727273,0.7236363636363636,275
PF OA,uncertain,1,51,tubercle,2,0.007272727272727273,0.730909090909091,275
PF OA,uncertain,1,52,trochlear,2,0.007272727272727273,0.7381818181818182,275
PF OA,uncertain,1,53,groove,2,0.007272727272727273,0.7454545454545455,275
PF OA,uncertain,1,54,distance,2,0.007272727272727273,0.7527272727272727,275
PF OA,uncertain,1,55,patchy,2,0.007272727272727273,0.76,275
PF OA,uncertain,1,56,marrow,2,0.007272727272727273,0.7672727272727272,275
PF OA,uncertain,1,57,subchondral,2,0.007272727272727273,0.7745454545454545,275
PF OA,uncertain,1,58,cystic,2,0.007272727272727273,0.7818181818181819,275
PF OA,uncertain,1,59,within,2,0.007272727272727273,0.7890909090909091,275
PF OA,uncertain,1,60,aspect,2,0.007272727272727273,0.7963636363636364,275
PF OA,uncertain,1,61,without,2,0.007272727272727273,0.8036363636363636,275
PF OA,uncertain,1,62,definite,2,0.007272727272727273,0.8109090909090909,275
PF OA,uncertain,1,63,adjacent,2,0.007272727272727273,0.8181818181818182,275
PF OA,uncertain,1,64,defect,2,0.007272727272727273,0.8254545454545454,275
PF OA,uncertain,1,65,small,2,0.007272727272727273,0.8327272727272728,275
PF OA,uncertain,1,66,joint,2,0.007272727272727273,0.84,275
PF OA,uncertain,1,67,effusion,2,0.007272727272727273,0.8472727272727273,275
PF OA,uncertain,1,68,directly,1,0.0036363636363636364,0.850909090909091,275
PF OA,uncertain,1,69,posterior,1,0.0036363636363636364,0.8545454545454545,275
PF OA,uncertain,1,70,to,1,0.0036363636363636364,0.8581818181818182,275
PF OA,uncertain,1,71,this,1,0.0036363636363636364,0.8618181818181818,275
PF OA,uncertain,1,72,focus,1,0.0036363636363636364,0.8654545454545455,275
PF OA,uncertain,1,73,is,1,0.0036363636363636364,0.8690909090909091,275
PF OA,uncertain,1,74,intact,1,0.0036363636363636364,0.8727272727272727,275
PF OA,uncertain,1,75,but,1,0.0036363636363636364,0.8763636363636363,275
PF OA,uncertain,1,76,does,1,0.0036363636363636364,0.88,275
PF OA,uncertain,1,77,demonstrate,1,0.0036363636363636364,0.8836363636363637,275
PF OA,uncertain,1,78,irregularity,1,0.0036363636363636364,0.8872727272727273,275
PF OA,uncertain,1,79,which,1,0.0036363636363636364,0.8909090909090909,275
PF OA,uncertain,1,80,may,1,0.0036363636363636364,0.8945454545454545,275
PF OA,uncertain,1,81,represent,1,0.0036363636363636364,0.8981818181818182,275
PF OA,uncertain,1,82,chondrosis,1,0.0036363636363636364,0.9018181818181819,275
PF OA,uncertain,1,83,patellair,1,0.0036363636363636364,0.9054545454545454,275
PF OA,uncertain,1,84,onregelmatig,1,0.0036363636363636364,0.9090909090909091,275
PF OA,uncertain,1,85,oppervlak,1,0.0036363636363636364,0.9127272727272727,275
PF OA,uncertain,1,86,en,1,0.0036363636363636364,0.9163636363636364,275
PF OA,uncertain,1,87,heterogeen,1,0.0036363636363636364,0.92,275
PF OA,uncertain,1,88,signaal,1,0.0036363636363636364,0.9236363636363636,275
PF OA,uncertain,1,89,ill,1,0.0036363636363636364,0.9272727272727272,275
PF OA,uncertain,1,90,defined,1,0.0036363636363636364,0.9309090909090909,275
PF OA,uncertain,1,91,intesity,1,0.0036363636363636364,0.9345454545454546,275
PF OA,uncertain,1,92,area,1,0.0036363636363636364,0.9381818181818182,275
PF OA,uncertain,1,93,articulation,1,0.0036363636363636364,0.9418181818181818,275
PF OA,uncertain,1,94,farying,1,0.0036363636363636364,0.9454545454545454,275
PF OA,uncertain,1,95,fraying,1,0.0036363636363636364,0.9490909090909091,275
PF OA,uncertain,1,96,surface,1,0.0036363636363636364,0.9527272727272728,275
PF OA,uncertain,1,97,on,1,0.0036363636363636364,0.9563636363636364,275
PF OA,uncertain,1,98,f,1,0.0036363636363636364,0.96,275
PF OA,uncertain,1,99,t2wi,1,0.0036363636363636364,0.9636363636363636,275
PF OA,uncertain,1,100,impression,1,0.0036363636363636364,0.9672727272727273,275
PF OA,uncertain,2,1,r o,7,0.026615969581749048,0.026615969581749048,263
PF OA,uncertain,2,2,o grade,6,0.022813688212927757,0.049429657794676805,263
PF OA,uncertain,2,3,articular cartilage,5,0.019011406844106463,0.06844106463878327,263
PF OA,uncertain,2,4,cartilage of,5,0.019011406844106463,0.08745247148288973,263
PF OA,uncertain,2,5,of patella,4,0.015209125475285171,0.10266159695817491,263
PF OA,uncertain,2,6,2 chondromalacia,4,0.015209125475285171,0.11787072243346007,263
PF OA,uncertain,2,7,suspicious of,4,0.015209125475285171,0.13307984790874525,263
PF OA,uncertain,2,8,of mild,4,0.015209125475285171,0.1482889733840304,263
PF OA,uncertain,2,9,of lateral,4,0.015209125475285171,0.1634980988593156,263
PF OA,uncertain,2,10,the superior,4,0.015209125475285171,0.17870722433460076,263
PF OA,uncertain,2,11,the articular,3,0.011406844106463879,0.19011406844106463,263
PF OA,uncertain,2,12,in the,3,0.011406844106463879,0.20152091254752852,263
PF OA,uncertain,2,13,grade 1,3,0.011406844106463879,0.21292775665399238,263
PF OA,uncertain,2,14,grade 2,3,0.011406844106463879,0.22433460076045628,263
PF OA,uncertain,2,15,lateral facet,3,0.011406844106463879,0.23574144486692014,263
PF OA,uncertain,2,16,portion of,3,0.011406844106463879,0.24714828897338403,263
PF OA,uncertain,2,17,vermoeden beginnend,2,0.0076045627376425855,0.25475285171102663,263
PF OA,uncertain,2,18,increased singal,2,0.0076045627376425855,0.2623574144486692,263
PF OA,uncertain,2,19,mild irregular,2,0.0076045627376425855,0.26996197718631176,263
PF OA,uncertain,2,20,1 2,2,0.0076045627376425855,0.27756653992395436,263
PF OA,uncertain,2,21,patella r,2,0.0076045627376425855,0.28517110266159695,263
PF OA,uncertain,2,22,mild increased,2,0.0076045627376425855,0.29277566539923955,263
PF OA,uncertain,2,23,intensity of,2,0.0076045627376425855,0.30038022813688214,263
PF OA,uncertain,2,24,lateral femoral,2,0.0076045627376425855,0.30798479087452474,263
PF OA,uncertain,2,25,femoral trochlea,2,0.0076045627376425855,0.3155893536121673,263
PF OA,uncertain,2,26,constellation of,2,0.0076045627376425855,0.3231939163498099,263
PF OA,uncertain,2,27,of findings,2,0.0076045627376425855,0.33079847908745247,263
PF OA,uncertain,2,28,findings suggesting,2,0.0076045627376425855,0.33840304182509506,263
PF OA,uncertain,2,29,suggesting possible,2,0.0076045627376425855,0.34600760456273766,263
PF OA,uncertain,2,30,possible patellar,2,0.0076045627376425855,0.35361216730038025,263
PF OA,uncertain,2,31,patellar maltracking,2,0.0076045627376425855,0.3612167300380228,263
PF OA,uncertain,2,32,maltracking with,2,0.0076045627376425855,0.3688212927756654,263
PF OA,uncertain,2,33,with trace,2,0.0076045627376425855,0.376425855513308,263
PF OA,uncertain,2,34,trace edema,2,0.0076045627376425855,0.3840304182509506,263
PF OA,uncertain,2,35,edema in,2,0.0076045627376425855,0.3916349809885932,263
PF OA,uncertain,2,36,superior lateral,2,0.0076045627376425855,0.39923954372623577,263
PF OA,uncertain,2,37,lateral portion,2,0.0076045627376425855,0.4068441064638783,263
PF OA,uncertain,2,38,of hoffa,2,0.0076045627376425855,0.4144486692015209,263
PF OA,uncertain,2,39,hoffa s,2,0.0076045627376425855,0.4220532319391635,263
PF OA,uncertain,2,40,s fat,2,0.0076045627376425855,0.4296577946768061,263
PF OA,uncertain,2,41,fat pad,2,0.0076045627376425855,0.4372623574144487,263
PF OA,uncertain,2,42,pad and,2,0.0076045627376425855,0.4448669201520912,263
PF OA,uncertain,2,43,and borderline,2,0.0076045627376425855,0.4524714828897338,263
PF OA,uncertain,2,44,borderline abnormal,2,0.0076045627376425855,0.4600760456273764,263
PF OA,uncertain,2,45,abnormal tibial,2,0.0076045627376425855,0.467680608365019,263
PF OA,uncertain,2,46,tibial tubercle,2,0.0076045627376425855,0.4752851711026616,263
PF OA,uncertain,2,47,tubercle trochlear,2,0.0076045627376425855,0.4828897338403042,263
PF OA,uncertain,2,48,trochlear groove,2,0.0076045627376425855,0.49049429657794674,263
PF OA,uncertain,2,49,groove distance,2,0.0076045627376425855,0.49809885931558934,263
PF OA,uncertain,2,50,distance with,2,0.0076045627376425855,0.5057034220532319,263
PF OA,uncertain,2,51,with patchy,2,0.0076045627376425855,0.5133079847908745,263
PF OA,uncertain,2,52,patchy marrow,2,0.0076045627376425855,0.5209125475285171,263
PF OA,uncertain,2,53,marrow edema,2,0.0076045627376425855,0.5285171102661597,263
PF OA,uncertain,2,54,edema and,2,0.0076045627376425855,0.5361216730038023,263
PF OA,uncertain,2,55,and subchondral,2,0.0076045627376425855,0.5437262357414449,263
PF OA,uncertain,2,56,subchondral cystic,2,0.0076045627376425855,0.5513307984790875,263
PF OA,uncertain,2,57,cystic change,2,0.0076045627376425855,0.55893536121673,263
PF OA,uncertain,2,58,change within,2,0.0076045627376425855,0.5665399239543726,263
PF OA,uncertain,2,59,within the,2,0.0076045627376425855,0.5741444866920152,263
PF OA,uncertain,2,60,superior aspect,2,0.0076045627376425855,0.5817490494296578,263
PF OA,uncertain,2,61,aspect lateral,2,0.0076045627376425855,0.5893536121673004,263
PF OA,uncertain,2,62,lateral patellar,2,0.0076045627376425855,0.596958174904943,263
PF OA,uncertain,2,63,patellar without,2,0.0076045627376425855,0.6045627376425855,263
PF OA,uncertain,2,64,without definite,2,0.0076045627376425855,0.6121673003802282,263
PF OA,uncertain,2,65,definite adjacent,2,0.0076045627376425855,0.6197718631178707,263
PF OA,uncertain,2,66,adjacent cartilage,2,0.0076045627376425855,0.6273764258555133,263
PF OA,uncertain,2,67,cartilage defect,2,0.0076045627376425855,0.6349809885931559,263
PF OA,uncertain,2,68,defect with,2,0.0076045627376425855,0.6425855513307985,263
PF OA,uncertain,2,69,with small,2,0.0076045627376425855,0.6501901140684411,263
PF OA,uncertain,2,70,small joint,2,0.0076045627376425855,0.6577946768060836,263
PF OA,uncertain,2,71,joint effusion,2,0.0076045627376425855,0.6653992395437263,263
PF OA,uncertain,2,72,facet of,2,0.0076045627376425855,0.6730038022813688,263
PF OA,uncertain,2,73,of patellar,2,0.0076045627376425855,0.6806083650190115,263
PF OA,uncertain,2,74,patella directly,1,0.0038022813688212928,0.6844106463878327,263
PF OA,uncertain,2,75,directly posterior,1,0.0038022813688212928,0.688212927756654,263
PF OA,uncertain,2,76,posterior to,1,0.0038022813688212928,0.6920152091254753,263
PF OA,uncertain,2,77,to this,1,0.0038022813688212928,0.6958174904942965,263
PF OA,uncertain,2,78,this focus,1,0.0038022813688212928,0.6996197718631179,263
PF OA,uncertain,2,79,focus is,1,0.0038022813688212928,0.7034220532319392,263
PF OA,uncertain,2,80,is intact,1,0.0038022813688212928,0.7072243346007605,263
PF OA,uncertain,2,81,intact but,1,0.0038022813688212928,0.7110266159695817,263
PF OA,uncertain,2,82,but does,1,0.0038022813688212928,0.714828897338403,263
PF OA,uncertain,2,83,does demonstrate,1,0.0038022813688212928,0.7186311787072244,263
PF OA,uncertain,2,84,demonstrate slight,1,0.0038022813688212928,0.7224334600760456,263
PF OA,uncertain,2,85,slight contour,1,0.0038022813688212928,0.7262357414448669,263
PF OA,uncertain,2,86,contour irregularity,1,0.0038022813688212928,0.7300380228136882,263
PF OA,uncertain,2,87,irregularity and,1,0.0038022813688212928,0.7338403041825095,263
PF OA,uncertain,2,88,and signal,1,0.0038022813688212928,0.7376425855513308,263
PF OA,uncertain,2,89,signal change,1,0.0038022813688212928,0.7414448669201521,263
PF OA,uncertain,2,90,change which,1,0.0038022813688212928,0.7452471482889734,263
PF OA,uncertain,2,91,which may,1,0.0038022813688212928,0.7490494296577946,263
PF OA,uncertain,2,92,may represent,1,0.0038022813688212928,0.752851711026616,263
PF OA,uncertain,2,93,represent mild,1,0.0038022813688212928,0.7566539923954373,263
PF OA,uncertain,2,94,mild chondrosis,1,0.0038022813688212928,0.7604562737642585,263
PF OA,uncertain,2,95,beginnend patellair,1,0.0038022813688212928,0.7642585551330798,263
PF OA,uncertain,2,96,patellair kraakbeenlijden,1,0.0038022813688212928,0.7680608365019012,263
PF OA,uncertain,2,97,kraakbeenlijden met,1,0.0038022813688212928,0.7718631178707225,263
PF OA,uncertain,2,98,met licht,1,0.0038022813688212928,0.7756653992395437,263
PF OA,uncertain,2,99,licht onregelmatig,1,0.0038022813688212928,0.779467680608365,263
PF OA,uncertain,2,100,onregelmatig oppervlak,1,0.0038022813688212928,0.7832699619771863,263
Synovitis,negative,1,1,no,21,0.11170212765957446,0.11170212765957446,188
Synovitis,negative,1,2,synovitis,13,0.06914893617021277,0.18085106382978725,188
Synovitis,negative,1,3,articular,8,0.0425531914893617,0.22340425531914893,188
Synovitis,negative,1,4,of,7,0.03723404255319149,0.26063829787234044,188
Synovitis,negative,1,5,effusion,5,0.026595744680851064,0.2872340425531915,188
Synovitis,negative,1,6,synovial,4,0.02127659574468085,0.30851063829787234,188
Synovitis,negative,1,7,is,4,0.02127659574468085,0.32978723404255317,188
Synovitis,negative,1,8,hay,4,0.02127659574468085,0.35106382978723405,188
Synovitis,negative,1,9,derrame,4,0.02127659574468085,0.3723404255319149,188
Synovitis,negative,1,10,sinovitis,4,0.02127659574468085,0.39361702127659576,188
Synovitis,negative,1,11,it,4,0.02127659574468085,0.4148936170212766,188
Synovitis,negative,1,12,band,4,0.02127659574468085,0.43617021276595747,188
Synovitis,negative,1,13,significant,4,0.02127659574468085,0.4574468085106383,188
Synovitis,negative,1,14,joint,4,0.02127659574468085,0.4787234042553192,188
Synovitis,negative,1,15,or,4,0.02127659574468085,0.5,188
Synovitis,negative,1,16,with,4,0.02127659574468085,0.5212765957446809,188
Synovitis,negative,1,17,intra,4,0.02127659574468085,0.5425531914893617,188
Synovitis,negative,1,18,bodies,4,0.02127659574468085,0.5638297872340425,188
Synovitis,negative,1,19,signos,3,0.015957446808510637,0.5797872340425532,188
Synovitis,negative,1,20,to,3,0.015957446808510637,0.5957446808510638,188
Synovitis,negative,1,21,evidence,3,0.015957446808510637,0.6117021276595744,188
Synovitis,negative,1,22,thickening,3,0.015957446808510637,0.6276595744680851,188
Synovitis,negative,1,23,ni,3,0.015957446808510637,0.6436170212765957,188
Synovitis,negative,1,24,tiny,3,0.015957446808510637,0.6595744680851063,188
Synovitis,negative,1,25,suprapatellar,3,0.015957446808510637,0.675531914893617,188
Synovitis,negative,1,26,overt,3,0.015957446808510637,0.6914893617021277,188
Synovitis,negative,1,27,nor,3,0.015957446808510637,0.7074468085106383,188
Synovitis,negative,1,28,any,3,0.015957446808510637,0.723404255319149,188
Synovitis,negative,1,29,o,2,0.010638297872340425,0.7340425531914894,188
Synovitis,negative,1,30,there,2,0.010638297872340425,0.7446808510638298,188
Synovitis,negative,1,31,a,2,0.010638297872340425,0.7553191489361702,188
Synovitis,negative,1,32,deep,2,0.010638297872340425,0.7659574468085106,188
Synovitis,negative,1,33,the,2,0.010638297872340425,0.776595744680851,188
Synovitis,negative,1,34,syndrome,2,0.010638297872340425,0.7872340425531915,188
Synovitis,negative,1,35,knee,2,0.010638297872340425,0.7978723404255319,188
Synovitis,negative,1,36,features,2,0.010638297872340425,0.8085106382978723,188
Synovitis,negative,1,37,de,2,0.010638297872340425,0.8191489361702128,188
Synovitis,negative,1,38,tenosynovitis,2,0.010638297872340425,0.8297872340425532,188
Synovitis,negative,1,39,other,2,0.010638297872340425,0.8404255319148937,188
Synovitis,negative,1,40,proliferation,1,0.005319148936170213,0.8457446808510638,188
Synovitis,negative,1,41,noted,1,0.005319148936170213,0.851063829787234,188
Synovitis,negative,1,42,que,1,0.005319148936170213,0.8563829787234043,188
Synovitis,negative,1,43,sugieran,1,0.005319148936170213,0.8617021276595744,188
Synovitis,negative,1,44,trace,1,0.005319148936170213,0.8670212765957447,188
Synovitis,negative,1,45,fluid,1,0.005319148936170213,0.8723404255319149,188
Synovitis,negative,1,46,but,1,0.005319148936170213,0.8776595744680851,188
Synovitis,negative,1,47,suggest,1,0.005319148936170213,0.8829787234042553,188
Synovitis,negative,1,48,identified,1,0.005319148936170213,0.8882978723404256,188
Synovitis,negative,1,49,indicate,1,0.005319148936170213,0.8936170212765957,188
Synovitis,negative,1,50,presence,1,0.005319148936170213,0.898936170212766,188
Synovitis,negative,1,51,tampoco,1,0.005319148936170213,0.9042553191489362,188
Synovitis,negative,1,52,distension,1,0.005319148936170213,0.9095744680851063,188
Synovitis,negative,1,53,del,1,0.005319148936170213,0.9148936170212766,188
Synovitis,negative,1,54,receso,1,0.005319148936170213,0.9202127659574468,188
Synovitis,negative,1,55,gastrocnemio,1,0.005319148936170213,0.925531914893617,188
Synovitis,negative,1,56,medial,1,0.005319148936170213,0.9308510638297872,188
Synovitis,negative,1,57,active,1,0.005319148936170213,0.9361702127659575,188
Synovitis,negative,1,58,inflammatory,1,0.005319148936170213,0.9414893617021277,188
Synovitis,negative,1,59,arthritis,1,0.005319148936170213,0.9468085106382979,188
Synovitis,negative,1,60,findings,1,0.005319148936170213,0.9521276595744681,188
Synovitis,negative,1,61,keine,1,0.005319148936170213,0.9574468085106383,188
Synovitis,negative,1,62,synovialen,1,0.005319148936170213,0.9627659574468085,188
Synovitis,negative,1,63,proliferationen,1,0.005319148936170213,0.9680851063829787,188
Synovitis,negative,1,64,incompletely,1,0.005319148936170213,0.973404255319149,188
Synovitis,negative,1,65,imaged,1,0.005319148936170213,0.9787234042553191,188
Synovitis,negative,1,66,nonspecific,1,0.005319148936170213,0.9840425531914894,188
Synovitis,negative,1,67,loose,1,0.005319148936170213,0.9893617021276596,188
Synovitis,negative,1,68,are,1,0.005319148936170213,0.9946808510638298,188
Synovitis,negative,1,69,present,1,0.005319148936170213,1.0,188
Synovitis,negative,2,1,no hay,4,0.024096385542168676,0.024096385542168676,166
Synovitis,negative,2,2,derrame articular,4,0.024096385542168676,0.04819277108433735,166
Synovitis,negative,2,3,it band,4,0.024096385542168676,0.07228915662650602,166
Synovitis,negative,2,4,effusion with,4,0.024096385542168676,0.0963855421686747,166
Synovitis,negative,2,5,intra articular,4,0.024096385542168676,0.12048192771084337,166
Synovitis,negative,2,6,no synovitis,4,0.024096385542168676,0.14457831325301204,166
Synovitis,negative,2,7,hay signos,3,0.018072289156626505,0.16265060240963855,166
Synovitis,negative,2,8,no evidence,3,0.018072289156626505,0.18072289156626506,166
Synovitis,negative,2,9,evidence of,3,0.018072289156626505,0.19879518072289157,166
Synovitis,negative,2,10,of synovitis,3,0.018072289156626505,0.21686746987951808,166
Synovitis,negative,2,11,synovial thickening,3,0.018072289156626505,0.23493975903614459,166
Synovitis,negative,2,12,tiny suprapatellar,3,0.018072289156626505,0.25301204819277107,166
Synovitis,negative,2,13,suprapatellar effusion,3,0.018072289156626505,0.2710843373493976,166
Synovitis,negative,2,14,with no,3,0.018072289156626505,0.2891566265060241,166
Synovitis,negative,2,15,overt synovitis,3,0.018072289156626505,0.3072289156626506,166
Synovitis,negative,2,16,nor any,3,0.018072289156626505,0.3253012048192771,166
Synovitis,negative,2,17,articular bodies,3,0.018072289156626505,0.3433734939759036,166
Synovitis,negative,2,18,synovitis or,3,0.018072289156626505,0.3614457831325301,166
Synovitis,negative,2,19,no synovial,2,0.012048192771084338,0.37349397590361444,166
Synovitis,negative,2,20,articular o,2,0.012048192771084338,0.3855421686746988,166
Synovitis,negative,2,21,o sinovitis,2,0.012048192771084338,0.39759036144578314,166
Synovitis,negative,2,22,there is,2,0.012048192771084338,0.40963855421686746,166
Synovitis,negative,2,23,is a,2,0.012048192771084338,0.42168674698795183,166
Synovitis,negative,2,24,deep to,2,0.012048192771084338,0.43373493975903615,166
Synovitis,negative,2,25,to the,2,0.012048192771084338,0.4457831325301205,166
Synovitis,negative,2,26,the it,2,0.012048192771084338,0.4578313253012048,166
Synovitis,negative,2,27,band syndrome,2,0.012048192771084338,0.46987951807228917,166
Synovitis,negative,2,28,no significant,2,0.012048192771084338,0.4819277108433735,166
Synovitis,negative,2,29,knee joint,2,0.012048192771084338,0.4939759036144578,166
Synovitis,negative,2,30,joint effusion,2,0.012048192771084338,0.5060240963855421,166
Synovitis,negative,2,31,features of,2,0.012048192771084338,0.5180722891566265,166
Synovitis,negative,2,32,articular ni,2,0.012048192771084338,0.5301204819277109,166
Synovitis,negative,2,33,ni sinovitis,2,0.012048192771084338,0.5421686746987951,166
Synovitis,negative,2,34,no overt,2,0.012048192771084338,0.5542168674698795,166
Synovitis,negative,2,35,synovitis nor,2,0.012048192771084338,0.5662650602409639,166
Synovitis,negative,2,36,any intra,2,0.012048192771084338,0.5783132530120482,166
Synovitis,negative,2,37,signos de,2,0.012048192771084338,0.5903614457831325,166
Synovitis,negative,2,38,de derrame,2,0.012048192771084338,0.6024096385542169,166
Synovitis,negative,2,39,or tenosynovitis,2,0.012048192771084338,0.6144578313253012,166
Synovitis,negative,2,40,joint synovitis,2,0.012048192771084338,0.6265060240963856,166
Synovitis,negative,2,41,no intra,2,0.012048192771084338,0.6385542168674698,166
Synovitis,negative,2,42,synovial proliferation,1,0.006024096385542169,0.6445783132530121,166
Synovitis,negative,2,43,proliferation is,1,0.006024096385542169,0.6506024096385542,166
Synovitis,negative,2,44,is noted,1,0.006024096385542169,0.6566265060240963,166
Synovitis,negative,2,45,signos que,1,0.006024096385542169,0.6626506024096386,166
Synovitis,negative,2,46,que sugieran,1,0.006024096385542169,0.6686746987951807,166
Synovitis,negative,2,47,sugieran derrame,1,0.006024096385542169,0.6746987951807228,166
Synovitis,negative,2,48,a trace,1,0.006024096385542169,0.6807228915662651,166
Synovitis,negative,2,49,trace of,1,0.006024096385542169,0.6867469879518072,166
Synovitis,negative,2,50,of fluid,1,0.006024096385542169,0.6927710843373494,166
Synovitis,negative,2,51,fluid deep,1,0.006024096385542169,0.6987951807228916,166
Synovitis,negative,2,52,band but,1,0.006024096385542169,0.7048192771084337,166
Synovitis,negative,2,53,but no,1,0.006024096385542169,0.7108433734939759,166
Synovitis,negative,2,54,synovitis to,1,0.006024096385542169,0.7168674698795181,166
Synovitis,negative,2,55,to suggest,1,0.006024096385542169,0.7228915662650602,166
Synovitis,negative,2,56,suggest it,1,0.006024096385542169,0.7289156626506024,166
Synovitis,negative,2,57,significant knee,1,0.006024096385542169,0.7349397590361446,166
Synovitis,negative,2,58,effusion or,1,0.006024096385542169,0.7409638554216867,166
Synovitis,negative,2,59,or synovial,1,0.006024096385542169,0.7469879518072289,166
Synovitis,negative,2,60,thickening is,1,0.006024096385542169,0.7530120481927711,166
Synovitis,negative,2,61,is identified,1,0.006024096385542169,0.7590361445783133,166
Synovitis,negative,2,62,no features,1,0.006024096385542169,0.7650602409638554,166
Synovitis,negative,2,63,synovitis deep,1,0.006024096385542169,0.7710843373493976,166
Synovitis,negative,2,64,band indicate,1,0.006024096385542169,0.7771084337349398,166
Synovitis,negative,2,65,indicate presence,1,0.006024096385542169,0.7831325301204819,166
Synovitis,negative,2,66,presence of,1,0.006024096385542169,0.7891566265060241,166
Synovitis,negative,2,67,of significant,1,0.006024096385542169,0.7951807228915663,166
Synovitis,negative,2,68,significant it,1,0.006024096385542169,0.8012048192771084,166
Synovitis,negative,2,69,hay derrame,1,0.006024096385542169,0.8072289156626506,166
Synovitis,negative,2,70,sinovitis ni,1,0.006024096385542169,0.8132530120481928,166
Synovitis,negative,2,71,ni tampoco,1,0.006024096385542169,0.8192771084337349,166
Synovitis,negative,2,72,tampoco distension,1,0.006024096385542169,0.8253012048192772,166
Synovitis,negative,2,73,distension del,1,0.006024096385542169,0.8313253012048193,166
Synovitis,negative,2,74,del receso,1,0.006024096385542169,0.8373493975903614,166
Synovitis,negative,2,75,receso gastrocnemio,1,0.006024096385542169,0.8433734939759037,166
Synovitis,negative,2,76,gastrocnemio medial,1,0.006024096385542169,0.8493975903614458,166
Synovitis,negative,2,77,significant synovial,1,0.006024096385542169,0.8554216867469879,166
Synovitis,negative,2,78,of joint,1,0.006024096385542169,0.8614457831325302,166
Synovitis,negative,2,79,or other,1,0.006024096385542169,0.8674698795180723,166
Synovitis,negative,2,80,other features,1,0.006024096385542169,0.8734939759036144,166
Synovitis,negative,2,81,of active,1,0.006024096385542169,0.8795180722891566,166
Synovitis,negative,2,82,active inflammatory,1,0.006024096385542169,0.8855421686746988,166
Synovitis,negative,2,83,inflammatory arthritis,1,0.006024096385542169,0.891566265060241,166
Synovitis,negative,2,84,bodies nor,1,0.006024096385542169,0.8975903614457831,166
Synovitis,negative,2,85,any overt,1,0.006024096385542169,0.9036144578313253,166
Synovitis,negative,2,86,other findings,1,0.006024096385542169,0.9096385542168675,166
Synovitis,negative,2,87,findings no,1,0.006024096385542169,0.9156626506024096,166
Synovitis,negative,2,88,no joint,1,0.006024096385542169,0.9216867469879518,166
Synovitis,negative,2,89,keine synovialen,1,0.006024096385542169,0.927710843373494,166
Synovitis,negative,2,90,synovialen proliferationen,1,0.006024096385542169,0.9337349397590361,166
Synovitis,negative,2,91,a significant,1,0.006024096385542169,0.9397590361445783,166
Synovitis,negative,2,92,significant incompletely,1,0.006024096385542169,0.9457831325301205,166
Synovitis,negative,2,93,incompletely imaged,1,0.006024096385542169,0.9518072289156626,166
Synovitis,negative,2,94,imaged knee,1,0.006024096385542169,0.9578313253012049,166
Synovitis,negative,2,95,with nonspecific,1,0.006024096385542169,0.963855421686747,166
Synovitis,negative,2,96,nonspecific synovitis,1,0.006024096385542169,0.9698795180722891,166
Synovitis,negative,2,97,synovitis no,1,0.006024096385542169,0.9759036144578314,166
Synovitis,negative,2,98,articular loose,1,0.006024096385542169,0.9819277108433735,166
Synovitis,negative,2,99,loose bodies,1,0.006024096385542169,0.9879518072289156,166
Synovitis,negative,2,100,bodies are,1,0.006024096385542169,0.9939759036144579,166
Synovitis,positive,1,1,of,460,0.060383302704121816,0.060383302704121816,7618
Synovitis,positive,1,2,synovitis,446,0.05854555001312681,0.11892885271724862,7618
Synovitis,positive,1,3,with,287,0.037673930165397745,0.15660278288264637,7618
Synovitis,positive,1,4,knee,225,0.029535311105276976,0.18613809398792333,7618
Synovitis,positive,1,5,effusion,209,0.02743502231556839,0.21357311630349174,7618
Synovitis,positive,1,6,and,205,0.026909950118141245,0.24048306642163297,7618
Synovitis,positive,1,7,joint,174,0.02284064058808086,0.26332370700971386,7618
Synovitis,positive,1,8,the,153,0.020084011551588343,0.2834077185613022,7618
Synovitis,positive,1,9,sinovitis,140,0.018377526909950117,0.3017852454712523,7618
Synovitis,positive,1,10,suprapatellar,136,0.01785245471252297,0.31963770018377524,7618
Synovitis,positive,1,11,derrame,126,0.016539774218955108,0.3361774744027304,7618
Synovitis,positive,1,12,con,123,0.016145970070884745,0.35232344447361513,7618
Synovitis,positive,1,13,hypertrophy,122,0.01601470202152796,0.36833814649514307,7618
Synovitis,positive,1,14,synovium,116,0.01522709372538724,0.38356524022053035,7618
Synovitis,positive,1,15,indicative,116,0.01522709372538724,0.39879233394591757,7618
Synovitis,positive,1,16,left,105,0.013783145182462589,0.41257547912838016,7618
Synovitis,positive,1,17,articular,100,0.013126804935678657,0.4257022840640588,7618
Synovitis,positive,1,18,bursitis,92,0.012076660540824364,0.43777894460488315,7618
Synovitis,positive,1,19,right,85,0.011157784195326858,0.44893672880021,7618
Synovitis,positive,1,20,mild,84,0.011026516145970071,0.45996324494618007,7618
Synovitis,positive,1,21,leve,77,0.010107639800472565,0.47007088474665265,7618
Synovitis,positive,1,22,amount,70,0.009188763454975058,0.4792596482016277,7618
Synovitis,positive,1,23,synovial,66,0.008663691257547913,0.48792333945917565,7618
Synovitis,positive,1,24,difusa,66,0.008663691257547913,0.49658703071672355,7618
Synovitis,positive,1,25,plicae,66,0.008663691257547913,0.5052507219742715,7618
Synovitis,positive,1,26,patellar,64,0.00840115515883434,0.5136518771331058,7618
Synovitis,positive,1,27,is,55,0.007219742714623261,0.5208716198477291,7618
Synovitis,positive,1,28,moderate,51,0.006694670517196115,0.5275662903649252,7618
Synovitis,positive,1,29,large,51,0.006694670517196115,0.5342609608821213,7618
Synovitis,positive,1,30,a,49,0.006432134418482541,0.5406930953006038,7618
Synovitis,positive,1,31,medial,49,0.006432134418482541,0.5471252297190864,7618
Synovitis,positive,1,32,diz,48,0.006300866369125755,0.5534260960882121,7618
Synovitis,positive,1,33,με,48,0.006300866369125755,0.5597269624573379,7618
Synovitis,positive,1,34,moderado,44,0.005775794171698608,0.5655027566290365,7618
Synovitis,positive,1,35,baker,44,0.005775794171698608,0.5712785508007351,7618
Synovitis,positive,1,36,small,42,0.005513258072985036,0.5767918088737202,7618
Synovitis,positive,1,37,cyst,42,0.005513258072985036,0.5823050669467051,7618
Synovitis,positive,1,38,bursit,41,0.005381990023628249,0.5876870569703334,7618
Synovitis,positive,1,39,s,40,0.005250721974271462,0.5929377789446049,7618
Synovitis,positive,1,40,ekleminde,39,0.005119453924914676,0.5980572328695195,7618
Synovitis,positive,1,41,sinovit,39,0.005119453924914676,0.6031766867944343,7618
Synovitis,positive,1,42,some,38,0.004988185875557889,0.6081648726699921,7618
Synovitis,positive,1,43,proliferation,38,0.004988185875557889,0.61315305854555,7618
Synovitis,positive,1,44,και,36,0.0047256497768443165,0.6178787083223943,7618
Synovitis,positive,1,45,present,35,0.004594381727487529,0.6224730900498818,7618
Synovitis,positive,1,46,ve,33,0.0043318456287739565,0.6268049356786558,7618
Synovitis,positive,1,47,grade,30,0.0039380414807035965,0.6307429771593595,7618
Synovitis,positive,1,48,υγρου,29,0.00380677343134681,0.6345497505907062,7618
Synovitis,positive,1,49,lateral,26,0.0034129692832764505,0.6379627198739827,7618
Synovitis,positive,1,50,υμενιτιδα,26,0.0034129692832764505,0.6413756891572592,7618
Synovitis,positive,1,51,παρατηρειται,24,0.0031504331845628774,0.644526122341822,7618
Synovitis,positive,1,52,de,24,0.0031504331845628774,0.6476765555263849,7618
Synovitis,positive,1,53,συλλογη,24,0.0031504331845628774,0.6508269887109478,7618
Synovitis,positive,1,54,space,24,0.0031504331845628774,0.6539774218955107,7618
Synovitis,positive,1,55,discreta,23,0.003019165135206091,0.6569965870307167,7618
Synovitis,positive,1,56,υμενιτιδας,23,0.003019165135206091,0.6600157521659228,7618
Synovitis,positive,1,57,του,22,0.002887897085849304,0.6629036492517721,7618
Synovitis,positive,1,58,in,18,0.0023628248884221582,0.6652664741401942,7618
Synovitis,positive,1,59,chronic,18,0.0023628248884221582,0.6676292990286165,7618
Synovitis,positive,1,60,ενδαρθρικα,18,0.0023628248884221582,0.6699921239170386,7618
Synovitis,positive,1,61,anterior,17,0.0022315568390653714,0.672223680756104,7618
Synovitis,positive,1,62,reactive,16,0.002100288789708585,0.6743239695458125,7618
Synovitis,positive,1,63,osteoarthritis,16,0.002100288789708585,0.6764242583355211,7618
Synovitis,positive,1,64,proliferationen,16,0.002100288789708585,0.6785245471252297,7618
Synovitis,positive,1,65,avec,16,0.002100288789708585,0.6806248359149383,7618
Synovitis,positive,1,66,synovite,16,0.002100288789708585,0.6827251247046469,7618
Synovitis,positive,1,67,thickening,15,0.0019690207403517982,0.6846941454449987,7618
Synovitis,positive,1,68,at,15,0.0019690207403517982,0.6866631661853505,7618
Synovitis,positive,1,69,to,15,0.0019690207403517982,0.6886321869257023,7618
Synovitis,positive,1,70,κατα,14,0.0018377526909950119,0.6904699396166973,7618
Synovitis,positive,1,71,ευρηματα,14,0.0018377526909950119,0.6923076923076923,7618
Synovitis,positive,1,72,meniskuste,14,0.0018377526909950119,0.6941454449986874,7618
Synovitis,positive,1,73,epanchement,14,0.0018377526909950119,0.6959831976896823,7618
Synovitis,positive,1,74,popliteal,14,0.0018377526909950119,0.6978209503806774,7618
Synovitis,positive,1,75,und,13,0.0017064846416382253,0.6995274350223155,7618
Synovitis,positive,1,76,articulaire,13,0.0017064846416382253,0.7012339196639538,7618
Synovitis,positive,1,77,υμενα,13,0.0017064846416382253,0.702940404305592,7618
Synovitis,positive,1,78,synoviale,12,0.0015752165922814387,0.7045156208978735,7618
Synovitis,positive,1,79,sprain,12,0.0015752165922814387,0.7060908374901549,7618
Synovitis,positive,1,80,meniskopati,12,0.0015752165922814387,0.7076660540824363,7618
Synovitis,positive,1,81,παρουσια,12,0.0015752165922814387,0.7092412706747178,7618
Synovitis,positive,1,82,there,12,0.0015752165922814387,0.7108164872669992,7618
Synovitis,positive,1,83,την,12,0.0015752165922814387,0.7123917038592806,7618
Synovitis,positive,1,84,met,11,0.001443948542924652,0.7138356524022053,7618
Synovitis,positive,1,85,ποσοτητα,11,0.001443948542924652,0.71527960094513,7618
Synovitis,positive,1,86,kollateral,11,0.001443948542924652,0.7167235494880546,7618
Synovitis,positive,1,87,i,11,0.001443948542924652,0.7181674980309792,7618
Synovitis,positive,1,88,y,11,0.001443948542924652,0.7196114465739039,7618
Synovitis,positive,1,89,sonuc,11,0.001443948542924652,0.7210553951168286,7618
Synovitis,positive,1,90,capraz,11,0.001443948542924652,0.7224993436597532,7618
Synovitis,positive,1,91,μικρη,11,0.001443948542924652,0.7239432922026778,7618
Synovitis,positive,1,92,hafif,11,0.001443948542924652,0.7253872407456026,7618
Synovitis,positive,1,93,minimal,11,0.001443948542924652,0.7268311892885272,7618
Synovitis,positive,1,94,sivi,11,0.001443948542924652,0.7282751378314518,7618
Synovitis,positive,1,95,artisi,11,0.001443948542924652,0.7297190863743764,7618
Synovitis,positive,1,96,της,11,0.001443948542924652,0.7311630349173012,7618
Synovitis,positive,1,97,diffuse,10,0.0013126804935678655,0.732475715410869,7618
Synovitis,positive,1,98,pf,10,0.0013126804935678655,0.7337883959044369,7618
Synovitis,positive,1,99,bagda,10,0.0013126804935678655,0.7351010763980047,7618
Synovitis,positive,1,100,bursa,10,0.0013126804935678655,0.7364137568915726,7618
Synovitis,positive,2,1,effusion with,170,0.02487198244330651,0.02487198244330651,6835
Synovitis,positive,2,2,with synovitis,134,0.019604974396488662,0.04447695683979517,6835
Synovitis,positive,2,3,of the,133,0.01945866861741039,0.06393562545720556,6835
Synovitis,positive,2,4,of synovitis,117,0.01711777615215801,0.08105340160936357,6835
Synovitis,positive,2,5,the synovium,116,0.016971470373079736,0.0980248719824433,6835
Synovitis,positive,2,6,indicative of,116,0.016971470373079736,0.11499634235552304,6835
Synovitis,positive,2,7,hypertrophy of,114,0.01667885881492319,0.13167520117044623,6835
Synovitis,positive,2,8,synovium indicative,110,0.016093635698610095,0.14776883686905634,6835
Synovitis,positive,2,9,joint effusion,110,0.016093635698610095,0.16386247256766642,6835
Synovitis,positive,2,10,left knee,103,0.01506949524506218,0.1789319678127286,6835
Synovitis,positive,2,11,of left,101,0.014776883686905632,0.19370885149963424,6835
Synovitis,positive,2,12,derrame articular,100,0.014630577907827359,0.20833942940746158,6835
Synovitis,positive,2,13,articular con,98,0.014337966349670812,0.2226773957571324,6835
Synovitis,positive,2,14,synovitis of,94,0.013752743233357718,0.23643013899049012,6835
Synovitis,positive,2,15,right knee,84,0.012289685442574982,0.24871982443306512,6835
Synovitis,positive,2,16,suprapatellar bursitis,77,0.011265544989027066,0.25998536942209216,6835
Synovitis,positive,2,17,of right,75,0.010972933430870519,0.2709583028529627,6835
Synovitis,positive,2,18,knee effusion,75,0.010972933430870519,0.2819312362838332,6835
Synovitis,positive,2,19,con sinovitis,71,0.010387710314557425,0.29231894659839064,6835
Synovitis,positive,2,20,amount of,70,0.010241404535479151,0.3025603511338698,6835
Synovitis,positive,2,21,sinovitis difusa,66,0.009656181419166058,0.31221653255303583,6835
Synovitis,positive,2,22,patellar plicae,60,0.008778346744696415,0.32099487929773224,6835
Synovitis,positive,2,23,and patellar,52,0.007607900512070226,0.3286027798098025,6835
Synovitis,positive,2,24,bursitis and,49,0.007168983174835406,0.3357717629846379,6835
Synovitis,positive,2,25,knee with,48,0.0070226773957571325,0.342794440380395,6835
Synovitis,positive,2,26,leve derrame,46,0.006730065837600586,0.34952450621799563,6835
Synovitis,positive,2,27,knee and,44,0.006437454279444038,0.35596196049743967,6835
Synovitis,positive,2,28,mild synovitis,43,0.006291148500365764,0.36225310899780544,6835
Synovitis,positive,2,29,moderado derrame,42,0.006144842721287491,0.3683979517190929,6835
Synovitis,positive,2,30,diz ekleminde,39,0.0057059253840526705,0.3741038771031456,6835
Synovitis,positive,2,31,knee joint,39,0.0057059253840526705,0.37980980248719826,6835
Synovitis,positive,2,32,with suprapatellar,39,0.0057059253840526705,0.38551572787125093,6835
Synovitis,positive,2,33,synovitis is,38,0.005559619604974396,0.3910753474762253,6835
Synovitis,positive,2,34,synovial proliferation,37,0.005413313825896123,0.39648866130212146,6835
Synovitis,positive,2,35,baker s,36,0.005267008046817849,0.4017556693489393,6835
Synovitis,positive,2,36,s cyst,36,0.005267008046817849,0.40702267739575715,6835
Synovitis,positive,2,37,synovitis and,35,0.005120702267739576,0.41214337966349673,6835
Synovitis,positive,2,38,some amount,35,0.005120702267739576,0.41726408193123626,6835
Synovitis,positive,2,39,is present,35,0.005120702267739576,0.42238478419897585,6835
Synovitis,positive,2,40,and suprapatellar,35,0.005120702267739576,0.42750548646671543,6835
Synovitis,positive,2,41,moderate joint,32,0.004681784930504755,0.4321872713972202,6835
Synovitis,positive,2,42,ekleminde sinovit,30,0.0043891733723482075,0.4365764447695684,6835
Synovitis,positive,2,43,bursit diz,29,0.004242867593269934,0.44081931236283833,6835
Synovitis,positive,2,44,with synovial,27,0.003950256035113387,0.44476956839795173,6835
Synovitis,positive,2,45,large amount,27,0.003950256035113387,0.44871982443306513,6835
Synovitis,positive,2,46,suprapatellar bursit,25,0.0036576444769568397,0.45237746891002195,6835
Synovitis,positive,2,47,derrame con,25,0.0036576444769568397,0.4560351133869788,6835
Synovitis,positive,2,48,joint space,24,0.0035113386978785663,0.45954645208485734,6835
Synovitis,positive,2,49,leve a,23,0.003365032918800293,0.46291148500365764,6835
Synovitis,positive,2,50,a moderado,23,0.003365032918800293,0.46627651792245794,6835
Synovitis,positive,2,51,con discreta,23,0.003365032918800293,0.46964155084125825,6835
Synovitis,positive,2,52,discreta sinovitis,23,0.003365032918800293,0.4730065837600585,6835
Synovitis,positive,2,53,effusion and,22,0.003218727139722019,0.47622531089978054,6835
Synovitis,positive,2,54,συλλογη υγρου,22,0.003218727139722019,0.4794440380395026,6835
Synovitis,positive,2,55,with mild,19,0.002779809802487198,0.48222384784198974,6835
Synovitis,positive,2,56,small joint,18,0.0026335040234089246,0.4848573518653987,6835
Synovitis,positive,2,57,osteoarthritis of,16,0.0023408924652523777,0.48719824433065106,6835
Synovitis,positive,2,58,synovitis with,15,0.0021945866861741038,0.4893928310168252,6835
Synovitis,positive,2,59,synovial thickening,14,0.0020482809070958303,0.491441111923921,6835
Synovitis,positive,2,60,reactive synovitis,12,0.0017556693489392831,0.49319678127286026,6835
Synovitis,positive,2,61,ενδαρθρικα παρατηρειται,12,0.0017556693489392831,0.49495245062179954,6835
Synovitis,positive,2,62,there is,12,0.0017556693489392831,0.4967081199707388,6835
Synovitis,positive,2,63,chronic synovitis,12,0.0017556693489392831,0.4984637893196781,6835
Synovitis,positive,2,64,plicae and,11,0.0016093635698610094,0.5000731528895391,6835
Synovitis,positive,2,65,and small,11,0.0016093635698610094,0.5016825164594001,6835
Synovitis,positive,2,66,small baker,11,0.0016093635698610094,0.5032918800292612,6835
Synovitis,positive,2,67,medial kollateral,11,0.0016093635698610094,0.5049012435991221,6835
Synovitis,positive,2,68,grade i,11,0.0016093635698610094,0.5065106071689832,6835
Synovitis,positive,2,69,i sprain,11,0.0016093635698610094,0.5081199707388442,6835
Synovitis,positive,2,70,is a,11,0.0016093635698610094,0.5097293343087052,6835
Synovitis,positive,2,71,and baker,11,0.0016093635698610094,0.5113386978785662,6835
Synovitis,positive,2,72,sivi artisi,11,0.0016093635698610094,0.5129480614484272,6835
Synovitis,positive,2,73,joint with,10,0.001463057790782736,0.5144111192392099,6835
Synovitis,positive,2,74,meniskopati anterior,10,0.001463057790782736,0.5158741770299927,6835
Synovitis,positive,2,75,anterior capraz,10,0.001463057790782736,0.5173372348207754,6835
Synovitis,positive,2,76,capraz bagda,10,0.001463057790782736,0.5188002926115581,6835
Synovitis,positive,2,77,moderate knee,10,0.001463057790782736,0.5202633504023408,6835
Synovitis,positive,2,78,space small,10,0.001463057790782736,0.5217264081931237,6835
Synovitis,positive,2,79,epanchement intra,10,0.001463057790782736,0.5231894659839064,6835
Synovitis,positive,2,80,intra articulaire,10,0.001463057790782736,0.5246525237746891,6835
Synovitis,positive,2,81,avec synovite,10,0.001463057790782736,0.5261155815654719,6835
Synovitis,positive,2,82,space moderate,10,0.001463057790782736,0.5275786393562546,6835
Synovitis,positive,2,83,ηπια υμενιτιδα,10,0.001463057790782736,0.5290416971470373,6835
Synovitis,positive,2,84,diffuse synovial,9,0.0013167520117044623,0.5303584491587418,6835
Synovitis,positive,2,85,υμενιτιδα και,9,0.0013167520117044623,0.5316752011704462,6835
Synovitis,positive,2,86,and synovitis,9,0.0013167520117044623,0.5329919531821506,6835
Synovitis,positive,2,87,signos de,9,0.0013167520117044623,0.5343087051938552,6835
Synovitis,positive,2,88,de sinovitis,9,0.0013167520117044623,0.5356254572055597,6835
Synovitis,positive,2,89,του αρθρικου,9,0.0013167520117044623,0.5369422092172641,6835
Synovitis,positive,2,90,αρθρικου υμενα,9,0.0013167520117044623,0.5382589612289685,6835
Synovitis,positive,2,91,υγρου με,9,0.0013167520117044623,0.539575713240673,6835
Synovitis,positive,2,92,and mild,9,0.0013167520117044623,0.5408924652523774,6835
Synovitis,positive,2,93,con leve,8,0.0011704462326261888,0.5420629114850036,6835
Synovitis,positive,2,94,synovialen proliferationen,8,0.0011704462326261888,0.5432333577176298,6835
Synovitis,positive,2,95,synoviale proliferationen,8,0.0011704462326261888,0.544403803950256,6835
Synovitis,positive,2,96,meniskuste grade,8,0.0011704462326261888,0.5455742501828822,6835
Synovitis,positive,2,97,grade iii,8,0.0011704462326261888,0.5467446964155084,6835
Synovitis,positive,2,98,lateral meniskuste,8,0.0011704462326261888,0.5479151426481346,6835
Synovitis,positive,2,99,synovial hypertrophy,8,0.0011704462326261888,0.5490855888807608,6835
Synovitis,positive,2,100,mild synovial,8,0.0011704462326261888,0.5502560351133869,6835
Synovitis,uncertain,1,1,synovitis,9,0.07258064516129033,0.07258064516129033,124
Synovitis,uncertain,1,2,and,7,0.056451612903225805,0.12903225806451613,124
Synovitis,uncertain,1,3,the,6,0.04838709677419355,0.1774193548387097,124
Synovitis,uncertain,1,4,bursitis,6,0.04838709677419355,0.22580645161290322,124
Synovitis,uncertain,1,5,effusion,5,0.04032258064516129,0.2661290322580645,124
Synovitis,uncertain,1,6,with,5,0.04032258064516129,0.3064516129032258,124
Synovitis,uncertain,1,7,suprapatellar,5,0.04032258064516129,0.3467741935483871,124
Synovitis,uncertain,1,8,fluid,4,0.03225806451612903,0.3790322580645161,124
Synovitis,uncertain,1,9,joint,4,0.03225806451612903,0.4112903225806452,124
Synovitis,uncertain,1,10,to,4,0.03225806451612903,0.4435483870967742,124
Synovitis,uncertain,1,11,of,4,0.03225806451612903,0.47580645161290325,124
Synovitis,uncertain,1,12,lateral,3,0.024193548387096774,0.5,124
Synovitis,uncertain,1,13,in,3,0.024193548387096774,0.5241935483870968,124
Synovitis,uncertain,1,14,bursa,3,0.024193548387096774,0.5483870967741935,124
Synovitis,uncertain,1,15,possible,3,0.024193548387096774,0.5725806451612904,124
Synovitis,uncertain,1,16,chronic,3,0.024193548387096774,0.5967741935483871,124
Synovitis,uncertain,1,17,due,3,0.024193548387096774,0.6209677419354839,124
Synovitis,uncertain,1,18,presence,3,0.024193548387096774,0.6451612903225806,124
Synovitis,uncertain,1,19,septations,3,0.024193548387096774,0.6693548387096774,124
Synovitis,uncertain,1,20,likely,2,0.016129032258064516,0.6854838709677419,124
Synovitis,uncertain,1,21,tibial,2,0.016129032258064516,0.7016129032258065,124
Synovitis,uncertain,1,22,plateau,2,0.016129032258064516,0.717741935483871,124
Synovitis,uncertain,1,23,suspected,2,0.016129032258064516,0.7338709677419355,124
Synovitis,uncertain,1,24,moderate,1,0.008064516129032258,0.7419354838709677,124
Synovitis,uncertain,1,25,debris,1,0.008064516129032258,0.75,124
Synovitis,uncertain,1,26,related,1,0.008064516129032258,0.7580645161290323,124
Synovitis,uncertain,1,27,inflammation,1,0.008064516129032258,0.7661290322580645,124
Synovitis,uncertain,1,28,differential,1,0.008064516129032258,0.7741935483870968,124
Synovitis,uncertain,1,29,diagnoses,1,0.008064516129032258,0.782258064516129,124
Synovitis,uncertain,1,30,such,1,0.008064516129032258,0.7903225806451613,124
Synovitis,uncertain,1,31,as,1,0.008064516129032258,0.7983870967741935,124
Synovitis,uncertain,1,32,focal,1,0.008064516129032258,0.8064516129032258,124
Synovitis,uncertain,1,33,pvns,1,0.008064516129032258,0.8145161290322581,124
Synovitis,uncertain,1,34,are,1,0.008064516129032258,0.8225806451612904,124
Synovitis,uncertain,1,35,less,1,0.008064516129032258,0.8306451612903226,124
Synovitis,uncertain,1,36,probable,1,0.008064516129032258,0.8387096774193549,124
Synovitis,uncertain,1,37,minimal,1,0.008064516129032258,0.8467741935483871,124
Synovitis,uncertain,1,38,amount,1,0.008064516129032258,0.8548387096774194,124
Synovitis,uncertain,1,39,right,1,0.008064516129032258,0.8629032258064516,124
Synovitis,uncertain,1,40,knee,1,0.008064516129032258,0.8709677419354839,124
Synovitis,uncertain,1,41,is,1,0.008064516129032258,0.8790322580645161,124
Synovitis,uncertain,1,42,present,1,0.008064516129032258,0.8870967741935484,124
Synovitis,uncertain,1,43,severe,1,0.008064516129032258,0.8951612903225806,124
Synovitis,uncertain,1,44,bone,1,0.008064516129032258,0.9032258064516129,124
Synovitis,uncertain,1,45,marrow,1,0.008064516129032258,0.9112903225806451,124
Synovitis,uncertain,1,46,edema,1,0.008064516129032258,0.9193548387096774,124
Synovitis,uncertain,1,47,at,1,0.008064516129032258,0.9274193548387096,124
Synovitis,uncertain,1,48,posterior,1,0.008064516129032258,0.9354838709677419,124
Synovitis,uncertain,1,49,femoral,1,0.008064516129032258,0.9435483870967742,124
Synovitis,uncertain,1,50,condyle,1,0.008064516129032258,0.9516129032258065,124
Synovitis,uncertain,1,51,suspect,1,0.008064516129032258,0.9596774193548387,124
Synovitis,uncertain,1,52,split,1,0.008064516129032258,0.967741935483871,124
Synovitis,uncertain,1,53,non,1,0.008064516129032258,0.9758064516129032,124
Synovitis,uncertain,1,54,displaced,1,0.008064516129032258,0.9838709677419355,124
Synovitis,uncertain,1,55,fracture,1,0.008064516129032258,0.9919354838709677,124
Synovitis,uncertain,1,56,postero,1,0.008064516129032258,1.0,124
Synovitis,uncertain,2,1,synovitis bursitis,5,0.043478260869565216,0.043478260869565216,115
Synovitis,uncertain,2,2,joint effusion,4,0.034782608695652174,0.0782608695652174,115
Synovitis,uncertain,2,3,synovitis and,3,0.02608695652173913,0.10434782608695652,115
Synovitis,uncertain,2,4,effusion and,3,0.02608695652173913,0.13043478260869565,115
Synovitis,uncertain,2,5,and fluid,3,0.02608695652173913,0.1565217391304348,115
Synovitis,uncertain,2,6,fluid in,3,0.02608695652173913,0.1826086956521739,115
Synovitis,uncertain,2,7,in the,3,0.02608695652173913,0.20869565217391303,115
Synovitis,uncertain,2,8,the suprapatellar,3,0.02608695652173913,0.23478260869565218,115
Synovitis,uncertain,2,9,suprapatellar bursa,3,0.02608695652173913,0.2608695652173913,115
Synovitis,uncertain,2,10,bursa with,3,0.02608695652173913,0.28695652173913044,115
Synovitis,uncertain,2,11,with possible,3,0.02608695652173913,0.3130434782608696,115
Synovitis,uncertain,2,12,possible chronic,3,0.02608695652173913,0.3391304347826087,115
Synovitis,uncertain,2,13,chronic synovitis,3,0.02608695652173913,0.3652173913043478,115
Synovitis,uncertain,2,14,bursitis due,3,0.02608695652173913,0.391304347826087,115
Synovitis,uncertain,2,15,due to,3,0.02608695652173913,0.41739130434782606,115
Synovitis,uncertain,2,16,to the,3,0.02608695652173913,0.4434782608695652,115
Synovitis,uncertain,2,17,the presence,3,0.02608695652173913,0.46956521739130436,115
Synovitis,uncertain,2,18,presence of,3,0.02608695652173913,0.4956521739130435,115
Synovitis,uncertain,2,19,of septations,3,0.02608695652173913,0.5217391304347826,115
Synovitis,uncertain,2,20,effusion with,2,0.017391304347826087,0.5391304347826087,115
Synovitis,uncertain,2,21,lateral tibial,2,0.017391304347826087,0.5565217391304348,115
Synovitis,uncertain,2,22,tibial plateau,2,0.017391304347826087,0.5739130434782609,115
Synovitis,uncertain,2,23,fluid moderate,1,0.008695652173913044,0.5826086956521739,115
Synovitis,uncertain,2,24,moderate joint,1,0.008695652173913044,0.591304347826087,115
Synovitis,uncertain,2,25,with debris,1,0.008695652173913044,0.6,115
Synovitis,uncertain,2,26,debris likely,1,0.008695652173913044,0.6086956521739131,115
Synovitis,uncertain,2,27,likely related,1,0.008695652173913044,0.6173913043478261,115
Synovitis,uncertain,2,28,related to,1,0.008695652173913044,0.6260869565217392,115
Synovitis,uncertain,2,29,to synovitis,1,0.008695652173913044,0.6347826086956522,115
Synovitis,uncertain,2,30,and inflammation,1,0.008695652173913044,0.6434782608695652,115
Synovitis,uncertain,2,31,differential diagnoses,1,0.008695652173913044,0.6521739130434783,115
Synovitis,uncertain,2,32,diagnoses such,1,0.008695652173913044,0.6608695652173913,115
Synovitis,uncertain,2,33,such as,1,0.008695652173913044,0.6695652173913044,115
Synovitis,uncertain,2,34,as focal,1,0.008695652173913044,0.6782608695652174,115
Synovitis,uncertain,2,35,focal synovitis,1,0.008695652173913044,0.6869565217391305,115
Synovitis,uncertain,2,36,and pvns,1,0.008695652173913044,0.6956521739130435,115
Synovitis,uncertain,2,37,pvns are,1,0.008695652173913044,0.7043478260869566,115
Synovitis,uncertain,2,38,are less,1,0.008695652173913044,0.7130434782608696,115
Synovitis,uncertain,2,39,less probable,1,0.008695652173913044,0.7217391304347827,115
Synovitis,uncertain,2,40,minimal amount,1,0.008695652173913044,0.7304347826086957,115
Synovitis,uncertain,2,41,amount of,1,0.008695652173913044,0.7391304347826086,115
Synovitis,uncertain,2,42,of right,1,0.008695652173913044,0.7478260869565218,115
Synovitis,uncertain,2,43,right knee,1,0.008695652173913044,0.7565217391304347,115
Synovitis,uncertain,2,44,knee effusion,1,0.008695652173913044,0.7652173913043478,115
Synovitis,uncertain,2,45,with synovitis,1,0.008695652173913044,0.7739130434782608,115
Synovitis,uncertain,2,46,synovitis is,1,0.008695652173913044,0.782608695652174,115
Synovitis,uncertain,2,47,is present,1,0.008695652173913044,0.7913043478260869,115
Synovitis,uncertain,2,48,present severe,1,0.008695652173913044,0.8,115
Synovitis,uncertain,2,49,severe bone,1,0.008695652173913044,0.808695652173913,115
Synovitis,uncertain,2,50,bone marrow,1,0.008695652173913044,0.8173913043478261,115
Synovitis,uncertain,2,51,marrow edema,1,0.008695652173913044,0.8260869565217391,115
Synovitis,uncertain,2,52,edema at,1,0.008695652173913044,0.8347826086956521,115
Synovitis,uncertain,2,53,at posterior,1,0.008695652173913044,0.8434782608695652,115
Synovitis,uncertain,2,54,posterior lateral,1,0.008695652173913044,0.8521739130434782,115
Synovitis,uncertain,2,55,plateau and,1,0.008695652173913044,0.8608695652173913,115
Synovitis,uncertain,2,56,and lateral,1,0.008695652173913044,0.8695652173913043,115
Synovitis,uncertain,2,57,lateral femoral,1,0.008695652173913044,0.8782608695652174,115
Synovitis,uncertain,2,58,femoral condyle,1,0.008695652173913044,0.8869565217391304,115
Synovitis,uncertain,2,59,condyle suspect,1,0.008695652173913044,0.8956521739130435,115
Synovitis,uncertain,2,60,suspect split,1,0.008695652173913044,0.9043478260869565,115
Synovitis,uncertain,2,61,split non,1,0.008695652173913044,0.9130434782608695,115
Synovitis,uncertain,2,62,non displaced,1,0.008695652173913044,0.9217391304347826,115
Synovitis,uncertain,2,63,displaced fracture,1,0.008695652173913044,0.9304347826086956,115
Synovitis,uncertain,2,64,fracture postero,1,0.008695652173913044,0.9391304347826087,115
Synovitis,uncertain,2,65,postero lateral,1,0.008695652173913044,0.9478260869565217,115
Synovitis,uncertain,2,66,suspected suprapatellar,1,0.008695652173913044,0.9565217391304348,115
Synovitis,uncertain,2,67,suprapatellar synovitis,1,0.008695652173913044,0.9652173913043478,115
Synovitis,uncertain,2,68,suspected synovitis,1,0.008695652173913044,0.9739130434782609,115
Synovitis,uncertain,2,69,likely synovitis,1,0.008695652173913044,0.9826086956521739,115
Synovitis,uncertain,2,70,and suprapatellar,1,0.008695652173913044,0.991304347826087,115
Synovitis,uncertain,2,71,suprapatellar bursitis,1,0.008695652173913044,1.0,115
